Timestamp,User Count,Type,Name,Requests/s,Failures/s,50%,66%,75%,80%,90%,95%,98%,99%,99.9%,99.99%,100%,Total Request Count,Total Failure Count,Total Median Response Time,Total Average Response Time,Total Min Response Time,Total Max Response Time,Total Average Content Size
1741270394,0,,Aggregated,0.000000,0.000000,N/A,N/A,N/A,N/A,N/A,N/A,N/A,N/A,N/A,N/A,N/A,0,0,0,0.0,0,0,0
1741270395,0,,Aggregated,0.000000,0.000000,N/A,N/A,N/A,N/A,N/A,N/A,N/A,N/A,N/A,N/A,N/A,0,0,0,0.0,0,0,0
1741270396,10,,Aggregated,0.000000,0.000000,N/A,N/A,N/A,N/A,N/A,N/A,N/A,N/A,N/A,N/A,N/A,0,0,0,0.0,0,0,0
1741270397,20,,Aggregated,0.000000,0.000000,N/A,N/A,N/A,N/A,N/A,N/A,N/A,N/A,N/A,N/A,N/A,0,0,0,0.0,0,0,0
1741270398,30,,Aggregated,0.000000,0.000000,29,560,620,630,720,720,730,730,730,730,730,29,0,29,236.13010892736855,4.991180001525208,725.3418769978452,1529.4827586206898
1741270399,40,,Aggregated,0.000000,0.000000,29,560,620,630,720,720,730,730,730,730,730,29,0,29,236.13010892736855,4.991180001525208,725.3418769978452,1529.4827586206898
1741270400,50,,Aggregated,6.666667,0.000000,19,27,33,37,630,720,720,730,730,730,730,51,0,19,141.49439178279363,4.75890698726289,725.3418769978452,1334.921568627451
1741270401,60,,Aggregated,11.000000,0.000000,16,19,23,25,34,630,720,720,730,730,730,118,0,16,68.64270792338776,2.1391330228652805,725.3418769978452,1309.7203389830509
1741270402,70,,Aggregated,11.000000,0.000000,16,19,23,25,34,630,720,720,730,730,730,118,0,16,68.64270792338776,2.1391330228652805,725.3418769978452,1309.7203389830509
1741270403,80,,Aggregated,17.166667,0.000000,14,18,21,23,30,620,720,720,730,730,730,145,0,14,57.86497223467951,2.1391330228652805,725.3418769978452,1403.2413793103449
1741270404,90,,Aggregated,19.142857,0.000000,10,16,18,20,28,47,630,720,730,730,730,241,0,10,39.54139980475449,2.1391330228652805,725.3418769978452,1321.6348547717841
1741270405,100,,Aggregated,19.142857,0.000000,10,16,18,20,28,47,630,720,730,730,730,241,0,10,39.54139980475449,2.1391330228652805,725.3418769978452,1321.6348547717841
1741270406,110,,Aggregated,25.000000,0.000000,10,15,18,19,27,55,630,720,730,730,730,278,0,10,35.87931153517746,2.1391330228652805,725.3418769978452,1306.4712230215828
1741270407,120,,Aggregated,27.400000,0.000000,9,12,16,18,24,39,620,630,730,730,730,411,0,9,27.771478239843425,2.1391330228652805,725.3418769978452,1244.7153284671533
1741270408,130,,Aggregated,27.400000,0.000000,9,12,16,18,24,39,620,630,730,730,730,411,0,9,27.771478239843425,2.1391330228652805,725.3418769978452,1244.7153284671533
1741270409,140,,Aggregated,38.700000,0.000000,9,12,16,17,23,34,560,630,730,730,730,461,0,9,25.823982678067924,2.1391330228652805,725.3418769978452,1266.225596529284
1741270410,150,,Aggregated,43.200000,0.000000,9,11,15,16,20,29,66,620,730,730,730,627,0,9,21.7201454648295,1.9717780232895166,725.3418769978452,1289.7065390749601
1741270411,160,,Aggregated,43.200000,0.000000,9,11,15,16,20,29,66,620,730,730,730,627,0,9,21.7201454648295,1.9717780232895166,725.3418769978452,1289.7065390749601
1741270412,170,,Aggregated,52.700000,0.000000,9,11,15,16,20,28,78,620,730,730,730,687,0,9,21.010533689320958,1.9717780232895166,725.3418769978452,1262.4614264919942
1741270413,180,,Aggregated,57.800000,0.000000,9,11,14,16,19,28,78,630,1000,1000,1000,868,0,9,23.270229068682646,1.9717780232895166,1033.4058509906754,1257.1831797235022
1741270414,190,,Aggregated,57.800000,0.000000,9,11,14,16,19,28,78,630,1000,1000,1000,868,0,9,23.270229068682646,1.9717780232895166,1033.4058509906754,1257.1831797235022
1741270415,200,,Aggregated,66.500000,0.000000,9,11,14,16,19,28,74,630,1000,1000,1000,940,0,9,22.34601866131267,1.9717780232895166,1033.4058509906754,1239.0457446808512
1741270416,210,,Aggregated,71.600000,0.000000,9,12,14,16,20,28,62,620,1000,1000,1000,1174,0,9,20.733396304521218,1.9717780232895166,1033.4058509906754,1211.087734241908
1741270417,220,,Aggregated,71.600000,0.000000,9,12,14,16,20,28,62,620,1000,1000,1000,1174,0,9,20.733396304521218,1.9717780232895166,1033.4058509906754,1211.087734241908
1741270418,230,,Aggregated,81.600000,0.000000,9,12,14,16,21,29,68,620,1000,1000,1000,1252,0,9,20.637155100985908,1.9717780232895166,1033.4058509906754,1226.8658146964856
1741270419,240,,Aggregated,84.800000,0.000000,10,13,15,17,24,36,110,620,1100,1100,1100,1518,0,10,23.99629145473848,1.9717780232895166,1083.3570940012578,1209.405138339921
1741270420,250,,Aggregated,84.800000,0.000000,10,13,15,17,24,36,110,620,1100,1100,1100,1518,0,10,23.99629145473848,1.9717780232895166,1083.3570940012578,1209.405138339921
1741270421,260,,Aggregated,94.700000,0.000000,10,13,15,17,25,36,120,620,1100,1100,1100,1614,0,10,24.14598019352997,1.9717780232895166,1083.3570940012578,1207.133209417596
1741270422,270,,Aggregated,100.800000,0.000000,9,12,15,17,24,34,110,620,1100,1100,1100,1904,0,9,23.885823895107634,1.9717780232895166,1109.5017449988518,1213.3403361344538
1741270423,280,,Aggregated,100.800000,0.000000,9,12,15,17,24,34,110,620,1100,1100,1100,1904,0,9,23.885823895107634,1.9717780232895166,1109.5017449988518,1213.3403361344538
1741270424,290,,Aggregated,111.000000,0.000000,9,12,15,16,23,33,96,620,1100,1100,1100,2005,0,9,23.140813270409563,1.9717780232895166,1109.5017449988518,1213.1800498753116
1741270425,300,,Aggregated,114.400000,0.000000,9,12,14,16,22,31,78,210,1100,1100,1100,2331,0,9,21.206870139419177,1.9717780232895166,1109.5017449988518,1218.7593307593309
1741270426,310,,Aggregated,114.400000,0.000000,9,12,14,16,22,31,78,210,1100,1100,1100,2331,0,9,21.206870139419177,1.9717780232895166,1109.5017449988518,1218.7593307593309
1741270427,320,,Aggregated,124.000000,0.000000,9,11,14,16,21,31,75,180,1100,1100,1100,2445,0,9,20.709589155805574,1.9717780232895166,1109.5017449988518,1216.046625766871
1741270428,330,,Aggregated,127.600000,0.000000,9,11,13,15,21,30,78,560,1100,1100,1100,2808,0,9,21.63049652567407,1.9717780232895166,1109.5017449988518,1198.7325498575499
1741270429,340,,Aggregated,127.600000,0.000000,9,11,13,15,21,30,78,560,1100,1100,1100,2808,0,9,21.63049652567407,1.9717780232895166,1109.5017449988518,1198.7325498575499
1741270430,350,,Aggregated,137.200000,0.000000,9,11,13,15,20,30,75,210,1100,1100,1100,2932,0,9,21.110013472403896,1.9717780232895166,1109.5017449988518,1195.37482946794
1741270431,360,,Aggregated,143.500000,0.000000,9,11,13,15,19,28,70,160,1100,1100,1100,3315,0,9,19.801952145754207,1.9717780232895166,1109.5017449988518,1203.8404223227753
1741270432,370,,Aggregated,143.500000,0.000000,9,11,13,15,19,28,70,160,1100,1100,1100,3315,0,9,19.801952145754207,1.9717780232895166,1109.5017449988518,1203.8404223227753
1741270433,380,,Aggregated,155.100000,0.000000,9,11,13,14,19,27,69,140,1100,1100,1100,3445,0,9,19.373833974247194,1.9717780232895166,1109.5017449988518,1203.077503628447
1741270434,390,,Aggregated,158.000000,0.000000,9,10,12,14,19,26,64,130,1100,1100,1100,3900,0,9,18.746952430773465,1.9717780232895166,1109.5017449988518,1206.548717948718
1741270435,400,,Aggregated,158.000000,0.000000,9,10,12,14,19,26,64,130,1100,1100,1100,3900,0,9,18.746952430773465,1.9717780232895166,1109.5017449988518,1206.548717948718
1741270436,410,,Aggregated,169.500000,0.000000,9,10,12,14,19,26,64,130,1100,1100,1100,4058,0,9,18.370435008146142,1.9717780232895166,1109.5017449988518,1201.1370133070477
1741270438,420,,Aggregated,174.800000,0.000000,9,10,12,14,18,25,58,110,1100,1100,1100,4525,0,9,17.430207694627253,1.9717780232895166,1109.5017449988518,1203.8709392265193
1741270439,430,,Aggregated,174.800000,0.000000,9,10,12,14,18,25,58,110,1100,1100,1100,4525,0,9,17.430207694627253,1.9717780232895166,1109.5017449988518,1203.8709392265193
1741270440,440,,Aggregated,186.600000,0.000000,9,10,12,14,18,24,56,110,1100,1100,1100,4682,0,9,17.139377654262816,1.9717780232895166,1109.5017449988518,1211.567492524562
1741270441,450,,Aggregated,192.700000,0.000000,9,10,12,14,18,24,52,96,1100,1100,1100,5175,0,9,16.50176758859374,1.9093369774054736,1109.5017449988518,1213.463381642512
1741270442,460,,Aggregated,192.700000,0.000000,9,10,12,14,18,24,52,96,1100,1100,1100,5175,0,9,16.50176758859374,1.9093369774054736,1109.5017449988518,1213.463381642512
1741270443,470,,Aggregated,202.300000,0.000000,9,10,12,14,18,24,48,92,1100,1100,1100,5345,0,9,16.288085390020413,1.7994999943766743,1109.5017449988518,1215.9453695042096
1741270444,480,,Aggregated,207.200000,0.000000,9,10,12,13,18,23,44,85,1100,1100,1100,5848,0,9,15.686706281960662,1.7251030076295137,1109.5017449988518,1223.2525649794802
1741270445,490,,Aggregated,207.200000,0.000000,9,10,12,13,18,23,44,85,1100,1100,1100,5848,0,9,15.686706281960662,1.7251030076295137,1109.5017449988518,1223.2525649794802
1741270446,500,,Aggregated,213.200000,0.000000,9,10,12,13,17,22,44,82,1000,1100,1100,6008,0,9,15.533893860153963,1.7251030076295137,1109.5017449988518,1225.2977696404794
1741270447,510,,Aggregated,217.600000,0.000000,9,10,12,13,17,22,43,79,1000,1100,1100,6497,0,9,15.088233889101154,1.7251030076295137,1109.5017449988518,1228.0295521009696
1741270448,520,,Aggregated,217.600000,0.000000,9,10,12,13,17,22,43,79,1000,1100,1100,6497,0,9,15.088233889101154,1.7251030076295137,1109.5017449988518,1228.0295521009696
1741270449,530,,Aggregated,219.700000,0.000000,9,10,12,13,17,22,42,78,1000,1100,1100,6659,0,9,14.956850846904713,1.7251030076295137,1109.5017449988518,1226.2682084397056
1741270450,540,,Aggregated,218.700000,0.000000,9,10,12,13,17,21,40,75,1000,1100,1100,7156,0,9,14.552628107798363,1.7251030076295137,1109.5017449988518,1223.1321967579654
1741270451,550,,Aggregated,218.700000,0.000000,9,10,12,13,17,21,40,75,1000,1100,1100,7156,0,9,14.552628107798363,1.7251030076295137,1109.5017449988518,1223.1321967579654
1741270452,560,,Aggregated,220.700000,0.000000,9,10,12,13,17,21,40,75,1000,1100,1100,7316,0,9,14.441178177930265,1.7251030076295137,1109.5017449988518,1222.0538545653362
1741270453,570,,Aggregated,220.000000,0.000000,9,10,11,13,17,21,38,74,1000,1100,1100,7820,0,9,14.089642239206345,1.7251030076295137,1109.5017449988518,1221.5221227621482
1741270454,580,,Aggregated,220.000000,0.000000,9,10,11,13,17,21,38,74,1000,1100,1100,7820,0,9,14.089642239206345,1.7251030076295137,1109.5017449988518,1221.5221227621482
1741270455,590,,Aggregated,219.200000,0.000000,9,10,11,13,17,21,37,74,1000,1100,1100,7980,0,9,13.99996544816969,1.7251030076295137,1109.5017449988518,1220.374060150376
1741270456,600,,Aggregated,220.300000,0.000000,9,10,11,13,17,21,36,73,1000,1100,1100,8461,0,9,13.789379745499884,1.7251030076295137,1109.5017449988518,1217.7109088760194
1741270457,610,,Aggregated,220.300000,0.000000,9,10,11,13,17,21,36,73,1000,1100,1100,8461,0,9,13.789379745499884,1.7251030076295137,1109.5017449988518,1217.7109088760194
1741270458,620,,Aggregated,222.000000,0.000000,9,10,11,13,17,21,36,73,1000,1100,1100,8642,0,9,13.725272896619051,1.7251030076295137,1109.5017449988518,1217.1996065725527
1741270459,630,,Aggregated,219.800000,0.000000,8,10,11,13,17,20,35,72,1000,1100,1100,9135,0,8,13.482099363810246,1.7251030076295137,1109.5017449988518,1215.512096332786
1741270460,640,,Aggregated,219.800000,0.000000,8,10,11,13,17,20,35,72,1000,1100,1100,9135,0,8,13.482099363810246,1.7251030076295137,1109.5017449988518,1215.512096332786
1741270461,650,,Aggregated,221.100000,0.000000,8,10,11,13,16,20,34,71,1000,1100,1100,9302,0,8,13.405106912445866,1.7251030076295137,1109.5017449988518,1213.956245968609
1741270462,663,,Aggregated,219.200000,0.000000,8,10,11,12,16,20,33,71,1000,1100,1100,9799,0,8,13.195007182103977,1.7251030076295137,1109.5017449988518,1214.1306255740383
1741270463,670,,Aggregated,219.200000,0.000000,8,10,11,12,16,20,33,71,1000,1100,1100,9799,0,8,13.195007182103977,1.7251030076295137,1109.5017449988518,1214.1306255740383
1741270464,687,,Aggregated,219.700000,0.000000,8,10,11,12,16,20,33,71,1000,1100,1100,9951,0,8,13.129937292854786,1.7251030076295137,1109.5017449988518,1213.840619033263
1741270465,695,,Aggregated,220.300000,0.000000,8,10,11,12,16,20,33,70,1000,1100,1100,10447,0,8,12.933940672432954,1.7251030076295137,1109.5017449988518,1212.7025940461376
1741270466,708,,Aggregated,220.300000,0.000000,8,10,11,12,16,20,33,70,1000,1100,1100,10447,0,8,12.933940672432954,1.7251030076295137,1109.5017449988518,1212.7025940461376
1741270467,718,,Aggregated,220.200000,0.000000,8,10,11,12,16,20,33,70,1000,1100,1100,10619,0,8,12.871113730971992,1.7251030076295137,1109.5017449988518,1210.932856201149
1741270468,726,,Aggregated,217.800000,0.000000,8,10,11,12,16,20,31,69,1000,1100,1100,11118,0,8,12.69068230630048,1.7251030076295137,1109.5017449988518,1210.8631048749776
1741270469,737,,Aggregated,217.800000,0.000000,8,10,11,12,16,20,31,69,1000,1100,1100,11118,0,8,12.69068230630048,1.7251030076295137,1109.5017449988518,1210.8631048749776
1741270470,745,,Aggregated,219.600000,0.000000,8,10,11,12,16,20,31,69,1000,1100,1100,11285,0,8,12.644073919833716,1.7251030076295137,1109.5017449988518,1211.5938856889677
1741270471,753,,Aggregated,220.200000,0.000000,8,10,11,12,16,19,31,69,1000,1100,1100,11772,0,8,12.520537738558703,1.7251030076295137,1109.5017449988518,1213.091997961264
1741270472,765,,Aggregated,220.200000,0.000000,8,10,11,12,16,19,31,69,1000,1100,1100,11772,0,8,12.520537738558703,1.7251030076295137,1109.5017449988518,1213.091997961264
1741270473,780,,Aggregated,219.700000,0.000000,8,10,11,12,16,19,31,69,1000,1100,1100,11942,0,8,12.488003392172777,1.7251030076295137,1109.5017449988518,1214.9557025623849
1741270474,790,,Aggregated,220.800000,0.000000,8,10,11,12,16,19,30,68,1000,1100,1100,12435,0,8,12.366925734333067,1.7251030076295137,1109.5017449988518,1217.6080418174508
1741270475,797,,Aggregated,220.800000,0.000000,8,10,11,12,16,19,30,68,1000,1100,1100,12435,0,8,12.366925734333067,1.7251030076295137,1109.5017449988518,1217.6080418174508
1741270476,807,,Aggregated,222.100000,0.000000,8,10,11,12,16,19,30,68,1000,1100,1100,12595,0,8,12.330826517628376,1.7251030076295137,1109.5017449988518,1215.5825327510918
1741270477,820,,Aggregated,220.000000,0.000000,8,10,11,12,16,19,29,68,1000,1100,1100,13100,0,8,12.216918514070603,1.7251030076295137,1109.5017449988518,1218.0931297709924
1741270478,830,,Aggregated,220.000000,0.000000,8,10,11,12,16,19,29,68,1000,1100,1100,13100,0,8,12.216918514070603,1.7251030076295137,1109.5017449988518,1218.0931297709924
1741270479,835,,Aggregated,221.700000,0.000000,8,10,11,12,16,19,28,68,1000,1100,1100,13274,0,8,12.166391921610936,1.7251030076295137,1109.5017449988518,1217.660765406057
1741270480,850,,Aggregated,220.400000,0.000000,8,10,11,12,16,19,28,67,1000,1100,1100,13780,0,8,12.024365821675024,1.7251030076295137,1109.5017449988518,1216.551161103048
1741270481,860,,Aggregated,220.400000,0.000000,8,10,11,12,16,19,28,67,1000,1100,1100,13780,0,8,12.024365821675024,1.7251030076295137,1109.5017449988518,1216.551161103048
1741270482,867,,Aggregated,223.800000,0.000000,8,10,11,12,16,19,28,66,1000,1100,1100,13936,0,8,11.983903088016147,1.7251030076295137,1109.5017449988518,1215.8864810562573
1741270483,875,,Aggregated,223.800000,0.000000,8,10,11,12,16,19,27,66,1000,1100,1100,14440,0,8,11.876511003872395,1.7251030076295137,1109.5017449988518,1213.387188365651
1741270484,885,,Aggregated,223.800000,0.000000,8,10,11,12,16,19,27,66,1000,1100,1100,14440,0,8,11.876511003872395,1.7251030076295137,1109.5017449988518,1213.387188365651
1741270485,900,,Aggregated,222.700000,0.000000,8,10,11,12,16,19,27,66,1000,1100,1100,14597,0,8,11.852065920097003,1.7251030076295137,1109.5017449988518,1214.130574775639
1741270486,910,,Aggregated,220.400000,0.000000,8,10,11,12,16,19,27,66,1000,1100,1100,15079,0,8,11.778559001751464,1.7251030076295137,1109.5017449988518,1214.2583062537303
1741270487,910,,Aggregated,220.400000,0.000000,8,10,11,12,16,19,27,66,1000,1100,1100,15079,0,8,11.778559001751464,1.7251030076295137,1109.5017449988518,1214.2583062537303
1741270488,930,,Aggregated,219.200000,0.000000,8,10,11,12,16,19,27,66,1000,1100,1100,15238,0,8,11.744378602651265,1.7251030076295137,1109.5017449988518,1214.4679747998425
1741270489,940,,Aggregated,221.700000,0.000000,8,10,11,12,16,19,30,67,1000,1100,1100,15716,0,8,11.882084039930344,1.7251030076295137,1109.5017449988518,1216.3311275133622
1741270490,950,,Aggregated,221.700000,0.000000,8,10,11,12,16,19,30,67,1000,1100,1100,15716,0,8,11.882084039930344,1.7251030076295137,1109.5017449988518,1216.3311275133622
1741270491,960,,Aggregated,217.400000,0.000000,8,10,11,12,16,20,32,68,1000,1100,1100,15896,0,8,11.948884582764613,1.7251030076295137,1109.5017449988518,1216.6227981882234
1741270492,970,,Aggregated,217.100000,0.000000,8,10,11,12,16,20,31,67,1000,1100,1100,16391,0,8,11.852751894547243,1.7251030076295137,1109.5017449988518,1216.3858214874017
1741270493,980,,Aggregated,217.100000,0.000000,8,10,11,12,16,20,31,67,1000,1100,1100,16391,0,8,11.852751894547243,1.7251030076295137,1109.5017449988518,1216.3858214874017
1741270494,990,,Aggregated,217.100000,0.000000,8,10,11,12,16,20,31,67,1000,1100,1100,16555,0,8,11.837515573154635,1.7251030076295137,1109.5017449988518,1215.9479915433403
1741270495,1000,,Aggregated,215.600000,0.000000,8,10,11,12,16,20,31,67,1000,1100,1100,17043,0,8,11.77911883421575,1.7251030076295137,1109.5017449988518,1214.5696180249956
1741270496,1010,,Aggregated,215.600000,0.000000,8,10,11,12,16,20,31,67,1000,1100,1100,17043,0,8,11.77911883421575,1.7251030076295137,1109.5017449988518,1214.5696180249956
1741270497,1020,,Aggregated,217.400000,0.000000,8,10,11,12,16,20,31,68,1000,1100,1100,17198,0,8,11.770037127772067,1.7251030076295137,1109.5017449988518,1215.3209675543667
1741270498,1030,,Aggregated,218.000000,0.000000,8,10,11,12,16,20,31,67,1000,1100,1100,17703,0,8,11.720342078828851,1.7251030076295137,1109.5017449988518,1215.4051855617693
1741270499,1040,,Aggregated,218.000000,0.000000,8,10,11,12,16,20,31,67,1000,1100,1100,17703,0,8,11.720342078828851,1.7251030076295137,1109.5017449988518,1215.4051855617693
1741270500,1050,,Aggregated,221.200000,0.000000,8,10,11,12,16,20,31,67,1000,1100,1100,17870,0,8,11.695898635798967,1.7251030076295137,1109.5017449988518,1216.0494683827644
1741270501,1060,,Aggregated,218.700000,0.000000,8,10,11,12,16,19,31,67,1000,1100,1100,18380,0,8,11.640716539226208,1.7251030076295137,1109.5017449988518,1215.6852557127313
1741270502,1070,,Aggregated,218.700000,0.000000,8,10,11,12,16,19,31,67,1000,1100,1100,18380,0,8,11.640716539226208,1.7251030076295137,1109.5017449988518,1215.6852557127313
1741270503,1080,,Aggregated,219.800000,0.000000,8,10,11,12,16,19,30,67,1000,1100,1100,18548,0,8,11.613245991372331,1.7251030076295137,1109.5017449988518,1214.43481777011
1741270504,1090,,Aggregated,219.900000,0.000000,8,10,11,12,16,19,30,67,1000,1100,1100,19041,0,8,11.55691856794762,1.7251030076295137,1109.5017449988518,1214.4590095058034
1741270505,1100,,Aggregated,219.900000,0.000000,8,10,11,12,16,19,30,67,1000,1100,1100,19041,0,8,11.55691856794762,1.7251030076295137,1109.5017449988518,1214.4590095058034
1741270506,1110,,Aggregated,220.500000,0.000000,8,10,11,12,16,19,29,67,1000,1100,1100,19207,0,8,11.536021663364219,1.7251030076295137,1109.5017449988518,1212.6760035403759
1741270507,1120,,Aggregated,223.200000,0.000000,8,10,11,12,16,19,29,66,1000,1100,1100,19701,0,8,11.490902167252564,1.7251030076295137,1109.5017449988518,1211.7957464088117
1741270508,1130,,Aggregated,223.200000,0.000000,8,10,11,12,16,19,29,66,1000,1100,1100,19701,0,8,11.490902167252564,1.7251030076295137,1109.5017449988518,1211.7957464088117
1741270509,1140,,Aggregated,222.600000,0.000000,8,10,11,12,16,19,29,66,1000,1100,1100,19866,0,8,11.467450332382,1.7251030076295137,1109.5017449988518,1212.7660827544548
1741270510,1150,,Aggregated,220.800000,0.000000,8,10,11,12,16,19,29,66,1000,1100,1100,20359,0,8,11.422433502377453,1.7251030076295137,1109.5017449988518,1212.1704405913847
1741270511,1160,,Aggregated,220.800000,0.000000,8,10,11,12,16,19,29,66,1000,1100,1100,20359,0,8,11.422433502377453,1.7251030076295137,1109.5017449988518,1212.1704405913847
1741270512,1170,,Aggregated,220.300000,0.000000,8,10,11,12,16,19,29,65,1000,1100,1100,20528,0,8,11.407421447053473,1.7251030076295137,1109.5017449988518,1212.1185697583787
1741270513,1180,,Aggregated,220.400000,0.000000,8,10,11,12,16,19,29,65,730,1100,1100,21016,0,8,11.354686469824102,1.7251030076295137,1109.5017449988518,1209.628854206319
1741270514,1190,,Aggregated,220.400000,0.000000,8,10,11,12,16,19,29,65,730,1100,1100,21016,0,8,11.354686469824102,1.7251030076295137,1109.5017449988518,1209.628854206319
1741270515,1200,,Aggregated,217.600000,0.000000,8,10,11,12,16,19,29,65,730,1100,1100,21180,0,8,11.345651543481985,1.7251030076295137,1109.5017449988518,1209.476912181303
1741270516,1210,,Aggregated,221.000000,0.000000,8,10,11,12,16,19,29,65,730,1100,1100,21677,0,8,11.319370711844384,1.7251030076295137,1109.5017449988518,1210.0892189878673
1741270517,1220,,Aggregated,221.000000,0.000000,8,10,11,12,16,19,29,65,730,1100,1100,21677,0,8,11.319370711844384,1.7251030076295137,1109.5017449988518,1210.0892189878673
1741270518,1230,,Aggregated,219.800000,0.000000,8,10,11,12,16,19,29,65,730,1100,1100,21841,0,8,11.308933386588558,1.7251030076295137,1109.5017449988518,1209.5005723181173
1741270519,1240,,Aggregated,218.300000,0.000000,8,10,11,12,16,19,29,65,720,1100,1100,22341,0,8,11.29209676206414,1.7251030076295137,1109.5017449988518,1211.6726198469182
1741270520,1250,,Aggregated,221.500000,0.000000,8,10,11,12,16,19,29,65,720,1100,1100,22504,0,8,11.275734819955241,1.7251030076295137,1109.5017449988518,1211.5620334162816
1741270521,1260,,Aggregated,219.900000,0.000000,8,10,11,12,16,19,29,65,720,1100,1100,22664,0,8,11.265776714531919,1.7251030076295137,1109.5017449988518,1211.4842040240028
1741270522,1270,,Aggregated,220.500000,0.000000,8,10,11,12,16,19,29,65,720,1100,1100,23001,0,8,11.254681541108436,1.7251030076295137,1109.5017449988518,1211.7030998652233
1741270523,1280,,Aggregated,218.500000,0.000000,8,10,11,12,16,19,29,65,720,1100,1100,23174,0,8,11.247368559506064,1.7251030076295137,1109.5017449988518,1211.6532320704237
1741270524,1290,,Aggregated,221.600000,0.000000,8,10,11,12,16,19,28,65,720,1100,1100,23344,0,8,11.229409228450828,1.7251030076295137,1109.5017449988518,1211.9340301576422
1741270525,1300,,Aggregated,221.600000,0.000000,8,10,11,12,16,19,28,65,720,1100,1100,23685,0,8,11.198532582931685,1.7251030076295137,1109.5017449988518,1212.5979311800718
1741270526,1310,,Aggregated,220.600000,0.000000,8,10,11,12,16,19,28,65,720,1100,1100,23852,0,8,11.182968135241728,1.7251030076295137,1109.5017449988518,1212.1745765554251
1741270527,1320,,Aggregated,221.800000,0.000000,8,10,11,12,16,19,28,65,650,1100,1100,24011,0,8,11.164354142505877,1.7251030076295137,1109.5017449988518,1212.4300528924243
1741270528,1330,,Aggregated,222.300000,0.000000,8,10,11,12,16,19,28,65,650,1100,1100,24331,0,8,11.14359876586939,1.7251030076295137,1109.5017449988518,1212.2187333031934
1741270529,1340,,Aggregated,219.900000,0.000000,8,10,11,12,16,19,29,65,650,1100,1100,24496,0,8,11.147511307897291,1.7251030076295137,1109.5017449988518,1212.6912965382103
1741270530,1350,,Aggregated,219.400000,0.000000,8,10,11,12,16,19,29,65,650,1100,1100,24660,0,8,11.152171295346573,1.7251030076295137,1109.5017449988518,1212.8113544201135
1741270531,1360,,Aggregated,220.400000,0.000000,8,10,11,12,16,19,29,65,650,1100,1100,24985,0,8,11.13395607060031,1.7251030076295137,1109.5017449988518,1211.9092655593356
1741270532,1370,,Aggregated,221.400000,0.000000,8,10,11,12,16,19,28,65,630,1100,1100,25147,0,8,11.1250716474277,1.7251030076295137,1109.5017449988518,1212.056945162445
1741270533,1380,,Aggregated,221.300000,0.000000,8,10,11,12,16,19,28,65,630,1100,1100,25312,0,8,11.11883112669915,1.7251030076295137,1109.5017449988518,1210.319769279393
1741270534,1390,,Aggregated,222.100000,0.000000,8,10,11,12,16,19,28,65,630,1100,1100,25638,0,8,11.101397208522082,1.7251030076295137,1109.5017449988518,1209.565137686247
1741270535,1400,,Aggregated,222.300000,0.000000,8,10,11,12,16,19,28,65,630,1100,1100,25817,0,8,11.088973556493261,1.7251030076295137,1109.5017449988518,1209.7766200565518
1741270536,1410,,Aggregated,219.000000,0.000000,8,10,11,12,16,19,28,65,630,1100,1100,25990,0,8,11.080449408196342,1.7251030076295137,1109.5017449988518,1209.1016929588304
1741270537,1420,,Aggregated,219.200000,0.000000,8,10,11,12,16,19,28,64,630,1100,1100,26324,0,8,11.0564798564492,1.7251030076295137,1109.5017449988518,1208.1953730436103
1741270538,1430,,Aggregated,219.600000,0.000000,8,10,11,12,16,19,28,64,630,1100,1100,26480,0,8,11.043851048612147,1.7251030076295137,1109.5017449988518,1207.7479607250755
1741270539,1440,,Aggregated,220.000000,0.000000,8,10,11,12,16,19,28,64,630,1100,1100,26643,0,8,11.030282100707515,1.7251030076295137,1109.5017449988518,1208.390684232256
1741270540,1450,,Aggregated,220.100000,0.000000,8,10,11,12,16,19,28,64,630,1100,1100,26969,0,8,11.019318861719295,1.7251030076295137,1109.5017449988518,1208.6427750380067
1741270541,1460,,Aggregated,219.600000,0.000000,8,10,11,12,16,19,27,64,620,1100,1100,27125,0,8,11.014477757441979,1.7251030076295137,1109.5017449988518,1208.8037603686637
1741270542,1470,,Aggregated,218.700000,0.000000,8,10,11,12,16,19,27,65,620,1100,1100,27297,0,8,11.009165300179035,1.7251030076295137,1109.5017449988518,1208.5609773967835
1741270543,1480,,Aggregated,219.100000,0.000000,8,10,11,12,16,19,27,65,620,1100,1100,27627,0,8,10.997076196466603,1.7251030076295137,1109.5017449988518,1207.1103268541644
1741270544,1490,,Aggregated,221.700000,0.000000,8,10,11,12,16,19,27,65,620,1100,1100,27797,0,8,10.987316090468823,1.7251030076295137,1109.5017449988518,1205.8075691621398
1741270545,1500,,Aggregated,218.000000,0.000000,8,10,11,12,16,19,27,65,620,1100,1100,27962,0,8,10.982576073629513,1.7251030076295137,1109.5017449988518,1205.2826335741363
1741270546,1510,,Aggregated,218.600000,0.000000,8,10,11,12,16,19,27,64,620,1100,1100,28299,0,8,10.976217314988872,1.7251030076295137,1109.5017449988518,1204.9364995229514
1741270547,1520,,Aggregated,217.100000,0.000000,8,10,11,12,16,19,27,64,620,1100,1100,28450,0,8,10.972532162567402,1.7251030076295137,1109.5017449988518,1205.0820738137083
1741270548,1530,,Aggregated,218.900000,0.000000,8,10,11,12,16,19,27,65,620,1100,1100,28608,0,8,10.975924062387284,1.7251030076295137,1109.5017449988518,1204.6022091722596
1741270549,1540,,Aggregated,219.100000,0.000000,8,10,11,12,16,19,27,65,620,1100,1100,28942,0,8,10.961285153370476,1.7251030076295137,1109.5017449988518,1204.7395480616406
1741270550,1550,,Aggregated,219.800000,0.000000,8,10,11,12,16,19,27,65,620,1100,1100,29115,0,8,10.95118163320845,1.7251030076295137,1109.5017449988518,1205.2891980078998
1741270551,1560,,Aggregated,220.000000,0.000000,8,10,11,12,16,19,27,65,620,1100,1100,29285,0,8,10.951079105302943,1.7251030076295137,1109.5017449988518,1204.747071879802
1741270552,1570,,Aggregated,220.500000,0.000000,8,10,11,12,16,19,27,65,620,1100,1100,29614,0,8,10.950172712707538,1.7251030076295137,1109.5017449988518,1205.7799689336125
1741270553,1580,,Aggregated,218.400000,0.000000,8,10,11,12,16,19,27,65,620,1100,1100,29769,0,8,10.945309910838162,1.7251030076295137,1109.5017449988518,1206.1500218347946
1741270554,1590,,Aggregated,217.900000,0.000000,8,10,11,12,16,19,27,65,620,1100,1100,29936,0,8,10.936307487428929,1.7251030076295137,1109.5017449988518,1206.267604222341
1741270555,1600,,Aggregated,218.100000,0.000000,8,10,11,12,16,19,27,65,560,1100,1100,30253,0,8,10.925708123645514,1.7251030076295137,1109.5017449988518,1205.654579711103
1741270556,1610,,Aggregated,217.300000,0.000000,8,10,11,12,16,19,27,65,560,1100,1100,30419,0,8,10.924755811320388,1.7251030076295137,1109.5017449988518,1205.9361583221014
1741270557,1620,,Aggregated,218.900000,0.000000,8,10,11,12,16,19,27,65,560,1100,1100,30568,0,8,10.923246352314969,1.7251030076295137,1109.5017449988518,1205.991690656896
1741270558,1630,,Aggregated,219.600000,0.000000,8,10,11,12,16,19,27,65,560,1100,1100,30902,0,8,10.90725030113395,1.7251030076295137,1109.5017449988518,1206.2603067762604
1741270559,1640,,Aggregated,219.400000,0.000000,8,10,11,12,16,19,27,65,210,1100,1100,31078,0,8,10.899391904990967,1.7251030076295137,1109.5017449988518,1205.1127807452217
1741270560,1650,,Aggregated,218.600000,0.000000,8,10,11,12,16,19,27,65,210,1100,1100,31241,0,8,10.889082420962366,1.7251030076295137,1109.5017449988518,1205.2124131749945
1741270561,1660,,Aggregated,218.900000,0.000000,8,10,11,12,16,19,27,65,210,1100,1100,31572,0,8,10.869442214794022,1.7251030076295137,1109.5017449988518,1205.7569998733054
1741270562,1670,,Aggregated,218.300000,0.000000,8,10,11,12,16,19,27,65,210,1100,1100,31730,0,8,10.860457793169282,1.7251030076295137,1109.5017449988518,1205.314654900725
1741270563,1680,,Aggregated,219.700000,0.000000,8,10,11,12,16,19,27,65,210,1100,1100,31896,0,8,10.852164991300063,1.7251030076295137,1109.5017449988518,1205.0133559066967
1741270564,1690,,Aggregated,220.000000,0.000000,8,10,11,12,16,19,27,65,180,1100,1100,32222,0,8,10.845412096288783,1.7251030076295137,1109.5017449988518,1206.7094531686425
1741270565,1700,,Aggregated,219.900000,0.000000,8,10,11,12,16,19,27,65,180,1100,1100,32378,0,8,10.838684952613187,1.7251030076295137,1109.5017449988518,1206.9026190623263
1741270566,1710,,Aggregated,217.100000,0.000000,8,10,11,12,16,19,27,65,180,1100,1100,32530,0,8,10.831300976141035,1.7251030076295137,1109.5017449988518,1206.0941899784814
1741270567,1720,,Aggregated,217.200000,0.000000,8,10,11,12,16,19,26,65,180,1100,1100,32862,0,8,10.816396653424894,1.7251030076295137,1109.5017449988518,1206.7663562777677
1741270568,1730,,Aggregated,219.100000,0.000000,8,10,11,12,16,19,26,65,170,1100,1100,33024,0,8,10.812139009024845,1.7251030076295137,1109.5017449988518,1206.2254421027133
1741270569,1740,,Aggregated,217.900000,0.000000,8,10,11,12,16,19,26,65,170,1100,1100,33197,0,8,10.801944294156707,1.7251030076295137,1109.5017449988518,1205.6032774045848
1741270570,1750,,Aggregated,218.300000,0.000000,8,10,11,12,16,19,26,64,170,1100,1100,33524,0,8,10.782863161176659,1.7251030076295137,1109.5017449988518,1205.6460147953705
1741270571,1760,,Aggregated,218.700000,0.000000,8,10,11,12,16,19,26,64,170,1100,1100,33688,0,8,10.775779987934586,1.7251030076295137,1109.5017449988518,1205.5655723106152
1741270572,1770,,Aggregated,216.600000,0.000000,8,10,11,12,16,19,26,64,170,1100,1100,33850,0,8,10.76329906920141,1.7251030076295137,1109.5017449988518,1206.3622156573117
1741270573,1780,,Aggregated,217.000000,0.000000,8,10,11,12,16,19,26,64,160,1100,1100,34179,0,8,10.757907219806103,1.7251030076295137,1109.5017449988518,1205.3808186313233
1741270574,1790,,Aggregated,216.400000,0.000000,8,10,11,12,16,19,26,65,160,1100,1100,34343,0,8,10.761980812699843,1.7251030076295137,1109.5017449988518,1206.337536033544
1741270575,1800,,Aggregated,216.400000,0.000000,8,10,11,12,16,19,26,65,160,1100,1100,34502,0,8,10.754643414662258,1.7251030076295137,1109.5017449988518,1206.4762042780128
1741270576,1810,,Aggregated,216.600000,0.000000,8,10,11,12,15,19,26,65,160,1100,1100,34837,0,8,10.737422396275953,1.7251030076295137,1109.5017449988518,1206.0236530126015
1741270577,1820,,Aggregated,218.200000,0.000000,8,10,11,12,15,19,26,64,160,1100,1100,35008,0,8,10.730161318646577,1.7251030076295137,1109.5017449988518,1206.2325754113347
1741270578,1830,,Aggregated,218.400000,0.000000,8,10,11,12,15,19,26,65,160,1100,1100,35172,0,8,10.725568739234808,1.7251030076295137,1109.5017449988518,1205.8884624132834
1741270579,1840,,Aggregated,218.500000,0.000000,8,10,11,12,15,19,26,65,160,1100,1100,35498,0,8,10.711007633462822,1.7251030076295137,1109.5017449988518,1206.6646571637839
1741270580,1850,,Aggregated,221.200000,0.000000,8,10,11,12,15,19,26,65,160,1100,1100,35654,0,8,10.70865156455461,1.7251030076295137,1109.5017449988518,1205.6330846468838
1741270581,1860,,Aggregated,218.200000,0.000000,8,10,11,12,15,19,26,64,160,1100,1100,35819,0,8,10.700709449217786,1.7251030076295137,1109.5017449988518,1205.2638822971048
1741270582,1870,,Aggregated,218.400000,0.000000,8,10,11,12,15,19,26,64,160,1100,1100,36148,0,8,10.696041635934328,1.7251030076295137,1109.5017449988518,1205.234674117517
1741270583,1880,,Aggregated,218.900000,0.000000,8,10,11,12,15,19,26,64,160,1100,1100,36319,0,8,10.69162963329461,1.7251030076295137,1109.5017449988518,1205.2287783253944
1741270584,1890,,Aggregated,219.800000,0.000000,8,10,11,12,15,19,26,65,160,1100,1100,36476,0,8,10.692049349342648,1.7251030076295137,1109.5017449988518,1205.908734510363
1741270585,1900,,Aggregated,219.900000,0.000000,8,10,11,12,15,19,25,65,160,1100,1100,36800,0,8,10.686608658332103,1.7251030076295137,1109.5017449988518,1205.5410869565217
1741270586,1910,,Aggregated,219.000000,0.000000,8,10,11,12,15,19,25,64,160,1100,1100,36966,0,8,10.677944770997431,1.7251030076295137,1109.5017449988518,1205.237190932208
1741270587,1920,,Aggregated,218.900000,0.000000,8,10,11,12,15,19,25,64,160,1100,1100,37145,0,8,10.67463767315893,1.7251030076295137,1109.5017449988518,1204.814941445686
1741270588,1930,,Aggregated,219.100000,0.000000,8,10,11,12,15,19,25,64,160,1100,1100,37482,0,8,10.656543340012634,1.7251030076295137,1109.5017449988518,1206.231631182968
1741270589,1940,,Aggregated,219.700000,0.000000,8,10,11,12,15,19,25,64,160,1100,1100,37649,0,8,10.651121402652608,1.7251030076295137,1109.5017449988518,1205.6547053042577
1741270590,1950,,Aggregated,219.000000,0.000000,8,10,11,12,15,19,25,64,160,1100,1100,37816,0,8,10.647897689821267,1.7251030076295137,1109.5017449988518,1205.9500740427331
1741270591,1960,,Aggregated,219.100000,0.000000,8,10,11,12,15,19,25,65,150,1100,1100,38148,0,8,10.645625441629367,1.7251030076295137,1109.5017449988518,1206.0830187690049
1741270592,1970,,Aggregated,221.000000,0.000000,8,10,11,12,15,19,25,65,150,1100,1100,38310,0,8,10.642808827652889,1.7251030076295137,1109.5017449988518,1206.3279300443749
1741270593,1980,,Aggregated,220.500000,0.000000,8,10,11,12,15,19,25,65,150,1100,1100,38476,0,8,10.634333410885557,1.7251030076295137,1109.5017449988518,1206.5039245243788
1741270594,1990,,Aggregated,220.600000,0.000000,8,10,11,12,15,19,25,64,150,1100,1100,38807,0,8,10.620188200488581,1.7251030076295137,1109.5017449988518,1206.8287164686783
1741270595,2000,,Aggregated,221.900000,0.000000,8,10,11,12,15,19,25,64,150,1100,1100,38971,0,8,10.613553337614182,1.7251030076295137,1109.5017449988518,1206.456570270201
1741270596,2000,,Aggregated,220.100000,0.000000,8,10,11,12,15,19,25,64,150,1100,1100,39132,0,8,10.611392568489943,1.7251030076295137,1109.5017449988518,1207.3976029847695
1741270597,2000,,Aggregated,220.200000,0.000000,8,10,11,12,15,19,25,64,150,1100,1100,39464,0,8,10.602389465743592,1.7251030076295137,1109.5017449988518,1207.4056355159132
1741270598,2000,,Aggregated,219.400000,0.000000,8,10,11,12,15,19,25,64,150,1100,106000,39627,1,8,13.267113976006314,1.7251030076295137,105921.06178100221,1207.3522093522095
1741270599,2000,,Aggregated,219.200000,0.100000,8,10,11,12,15,19,25,64,150,1100,106000,39788,1,8,13.25011800729412,1.7251030076295137,105921.06178100221,1207.3149442042827
1741270600,2000,,Aggregated,219.300000,0.100000,8,10,11,12,15,19,25,64,150,1100,106000,40121,1,8,13.213525581567167,1.7251030076295137,105921.06178100221,1207.9991027142892
1741270601,2000,,Aggregated,217.600000,0.100000,8,10,11,12,15,19,25,64,150,1100,106000,40277,1,8,13.196477898477383,1.7251030076295137,105921.06178100221,1208.250515182362
1741270602,2000,,Aggregated,219.000000,0.100000,8,10,11,12,15,19,25,64,150,1100,106000,40444,1,8,13.177218011250522,1.7251030076295137,105921.06178100221,1208.5129809118782
1741270603,2000,,Aggregated,219.100000,0.100000,8,10,11,12,15,19,25,63,150,1100,106000,40782,1,8,13.141386463277225,1.7251030076295137,105921.06178100221,1209.2511892501593
1741270604,2000,,Aggregated,218.400000,0.100000,8,10,11,12,15,19,25,63,150,1100,106000,40954,1,8,13.12523788529883,1.7251030076295137,105921.06178100221,1209.076085364067
1741270605,2000,,Aggregated,218.900000,0.100000,8,10,11,12,15,19,25,63,150,1100,106000,41123,1,8,13.106967873149367,1.7251030076295137,105921.06178100221,1208.8511295382145
1741270606,2000,,Aggregated,219.100000,0.100000,8,10,11,12,15,19,25,62,150,1100,106000,41446,1,8,13.073050131119832,1.7251030076295137,105921.06178100221,1207.5109781402307
1741270607,2000,,Aggregated,220.800000,0.100000,8,10,11,12,15,19,24,62,150,1100,106000,41600,1,8,13.057547925563995,1.7251030076295137,105921.06178100221,1207.3147596153847
1741270608,2000,,Aggregated,219.900000,0.100000,8,10,11,12,15,19,24,61,150,1100,106000,41761,1,8,13.042294613815452,1.7251030076295137,105921.06178100221,1207.916644716362
1741270609,2000,,Aggregated,219.900000,0.100000,8,10,11,12,15,19,24,61,140,1100,106000,42093,1,8,13.00753976809722,1.7251030076295137,105921.06178100221,1208.4178604518565
1741270610,2000,,Aggregated,220.700000,0.000000,8,10,11,12,15,19,24,61,140,1100,106000,42265,1,8,12.992054377161097,1.7251030076295137,105921.06178100221,1208.837406837809
1741270611,2000,,Aggregated,220.800000,0.000000,8,10,11,12,15,19,24,60,140,1100,106000,42424,1,8,12.974571331528447,1.7251030076295137,105921.06178100221,1208.7801008862907
1741270612,2000,,Aggregated,220.800000,0.000000,8,10,11,12,15,19,24,59,140,1100,106000,42756,1,8,12.944954377721858,1.7251030076295137,105921.06178100221,1209.317663018056
1741270613,2000,,Aggregated,217.700000,0.000000,8,10,11,12,15,19,24,58,140,1100,106000,42915,1,8,12.92967773711163,1.7251030076295137,105921.06178100221,1209.1609460561576
1741270614,2000,,Aggregated,220.500000,0.000000,8,10,11,12,15,19,24,57,140,1100,106000,43083,1,8,12.916552443937189,1.7251030076295137,105921.06178100221,1208.232899287422
1741270615,2000,,Aggregated,220.600000,0.000000,8,10,11,12,15,19,24,56,140,1100,106000,43418,1,8,12.890010959381973,1.7251030076295137,105921.06178100221,1207.956723018103
1741270616,2000,,Aggregated,220.000000,0.000000,8,10,11,12,15,19,24,56,140,1100,106000,43590,1,8,12.874938584207017,1.7251030076295137,105921.06178100221,1208.022046340904
1741270617,2000,,Aggregated,219.900000,0.000000,8,10,11,12,15,19,24,55,140,1100,106000,43751,1,8,12.861535946143311,1.7251030076295137,105921.06178100221,1208.7021325226851
1741270618,2000,,Aggregated,220.000000,0.000000,8,10,11,12,15,19,24,55,140,1100,106000,44070,1,8,12.832969079321623,1.7251030076295137,105921.06178100221,1209.159745858861
1741270619,2000,,Aggregated,218.500000,0.000000,8,10,11,12,15,19,24,54,140,1100,106000,44231,1,8,12.816854517577106,1.7251030076295137,105921.06178100221,1209.3878953675023
1741270620,2000,,Aggregated,217.900000,0.000000,8,10,11,12,15,19,24,54,140,1100,106000,44396,1,8,12.802532474388627,1.7251030076295137,105921.06178100221,1208.840526173529
1741270621,2000,,Aggregated,217.900000,0.000000,8,10,11,12,15,18,24,53,140,1100,106000,44728,1,8,12.772448831905143,1.7251030076295137,105921.06178100221,1208.710919334645
1741270622,2000,,Aggregated,220.400000,0.000000,8,10,11,12,15,18,24,53,140,1100,106000,44895,1,8,12.761965122049824,1.7251030076295137,105921.06178100221,1208.5252032520325
1741270623,2000,,Aggregated,220.200000,0.000000,8,10,11,12,15,18,24,52,130,1100,106000,45065,1,8,12.747799224157392,1.7251030076295137,105921.06178100221,1209.1482969044714
1741270624,2000,,Aggregated,220.200000,0.000000,8,10,11,12,15,18,24,52,130,1100,106000,45400,1,8,12.721125915060503,1.7251030076295137,105921.06178100221,1208.3054405286343
1741270625,2000,,Aggregated,220.400000,0.000000,8,10,11,12,15,18,24,51,130,1100,106000,45568,1,8,12.705800324677133,1.7251030076295137,105921.06178100221,1208.2677756320224
1741270626,2000,,Aggregated,219.600000,0.000000,8,10,11,12,15,18,24,52,150,134000,135000,45735,6,8,27.34025495366534,1.7251030076295137,134588.4860070073,1208.5495790969717
1741270627,2000,,Aggregated,219.600000,0.000000,8,10,11,12,15,18,24,53,210,135000,135000,46057,15,8,53.40161644857556,1.7251030076295137,134590.87304098648,1208.124606465901
1741270628,2000,,Aggregated,221.700000,1.600000,8,10,11,12,15,18,24,55,650,135000,135000,46227,22,8,73.5331343559388,1.7251030076295137,134639.31767700706,1207.874921582625
1741270629,2000,,Aggregated,221.600000,1.600000,8,10,11,12,15,18,24,55,1000,135000,135000,46403,27,8,87.72873277165505,1.7251030076295137,134639.31767700706,1207.435876990712
1741270630,2000,,Aggregated,221.600000,1.600000,8,10,11,12,15,18,24,61,106000,135000,135000,46766,47,8,144.4815255621594,1.7251030076295137,134680.83638799726,1206.06637300603
1741270631,2000,,Aggregated,222.800000,3.600000,8,10,11,12,15,18,24,61,134000,135000,135000,46932,52,8,158.30530836309467,1.7251030076295137,134680.83638799726,1205.949458791443
1741270632,2000,,Aggregated,224.400000,5.600000,8,10,11,12,15,19,24,63,134000,135000,135000,47104,62,8,186.2268234784519,1.7251030076295137,134726.4851789805,1205.3652131453805
1741270633,2000,,Aggregated,224.400000,5.600000,8,10,11,12,15,19,24,64,134000,135000,135000,47441,72,8,213.25671958377097,1.7251030076295137,134726.4851789805,1205.324360784975
1741270634,2000,,Aggregated,227.200000,7.600000,8,10,11,12,15,19,24,64,134000,135000,135000,47615,82,8,240.72354009342607,1.7251030076295137,134771.69213700108,1205.1721306311038
1741270635,2000,,Aggregated,227.200000,7.600000,8,10,11,12,15,19,24,65,134000,135000,135000,47777,87,8,253.9789654594126,1.7251030076295137,134773.0192889867,1205.392113359985
1741270636,2000,,Aggregated,227.200000,7.600000,8,10,11,12,15,19,25,66,135000,135000,135000,48133,107,8,307.9751271216852,1.7251030076295137,134823.9461229823,1204.7788835102735
1741270637,2000,,Aggregated,227.200000,9.600000,8,10,11,12,15,19,25,66,135000,135000,135000,48305,112,8,320.8377012670917,1.7251030076295137,134825.77585600666,1204.7956112203706
1741270638,2000,,Aggregated,231.000000,10.000000,8,10,11,12,15,19,25,67,135000,135000,135000,48491,122,8,347.33916715380013,1.7251030076295137,134864.6747370076,1204.2360025571757
1741270639,2000,,Aggregated,231.000000,10.000000,8,10,11,12,15,19,26,67,135000,135000,135000,48826,132,8,372.5525108604814,1.7251030076295137,134864.6747370076,1204.0451194035963
1741270640,2000,,Aggregated,231.400000,10.000000,8,10,11,12,15,19,26,68,135000,135000,135000,49002,142,8,398.68955765437914,1.7251030076295137,134913.9494750125,1203.9555120199175
1741270641,2000,,Aggregated,230.100000,10.000000,8,10,11,12,15,19,26,68,135000,135000,135000,49168,147,8,411.02985498466103,1.7251030076295137,134913.9494750125,1204.259681093394
1741270642,2000,,Aggregated,230.100000,10.000000,8,10,11,12,15,19,26,68,135000,135000,135000,49512,157,8,435.37817227520503,1.7251030076295137,134913.9494750125,1203.8182864760058
1741270643,2000,,Aggregated,230.300000,10.000000,8,10,11,12,15,19,26,69,135000,135000,135000,49684,162,8,447.4384535975343,1.7251030076295137,134927.53976999666,1203.667760244747
1741270644,2000,,Aggregated,228.900000,8.000000,8,10,11,12,15,19,26,69,135000,135000,135000,49864,172,8,472.8012131155523,1.7251030076295137,135006.42712198896,1203.36453152575
1741270645,2000,,Aggregated,228.900000,8.000000,8,10,11,12,15,19,26,70,135000,135000,135000,50219,192,8,523.0715177984974,1.7251030076295137,135006.42712198896,1202.9963559608914
1741270646,2000,,Aggregated,228.300000,8.000000,8,10,11,12,15,19,26,70,135000,135000,135000,50398,202,8,547.9538411087095,1.7251030076295137,135057.65591101954,1202.5609349577364
1741270647,2000,,Aggregated,231.000000,10.000000,8,10,11,12,15,19,26,71,135000,135000,135000,50553,207,8,559.5944522725201,1.7251030076295137,135057.65591101954,1202.5127292148834
1741270648,2000,,Aggregated,231.000000,10.000000,8,10,11,12,15,19,27,71,135000,135000,135000,50897,217,8,582.3020086675394,1.7251030076295137,135057.65591101954,1203.1149183645402
1741270649,2000,,Aggregated,229.200000,10.000000,8,10,11,12,15,19,27,71,135000,135000,135000,51065,222,8,593.6024782769772,1.7251030076295137,135103.4004050016,1203.044746891217
1741270650,2000,,Aggregated,228.300000,8.000000,8,10,11,12,15,19,27,72,135000,135000,135000,51229,227,8,604.8548732463789,1.7251030076295137,135103.4004050016,1202.9044486521307
1741270651,2000,,Aggregated,229.400000,10.000000,8,10,11,12,15,19,27,73,135000,135000,135000,51566,247,8,653.1659450327413,1.7251030076295137,135143.90764699783,1202.8347942442695
1741270652,2000,,Aggregated,226.600000,8.000000,8,10,11,12,15,19,27,74,135000,135000,135000,51731,252,8,664.1320332824238,1.7251030076295137,135143.90764699783,1202.730567744679
1741270653,2000,,Aggregated,229.100000,10.000000,8,10,11,12,15,19,27,74,135000,135000,135000,51910,262,8,687.7932342692917,1.7251030076295137,135173.7162579957,1202.38115969948
1741270654,2000,,Aggregated,226.700000,10.000000,8,10,11,12,15,19,27,75,135000,135000,135000,52251,272,8,709.13215547641,1.7251030076295137,135185.0342520047,1201.9597711048593
1741270655,2000,,Aggregated,227.500000,10.000000,8,10,11,12,15,19,27,75,135000,135000,135000,52420,282,8,732.5903314565985,1.7251030076295137,135237.80418699607,1201.2250858450973
1741270656,2000,,Aggregated,227.600000,10.000000,8,10,11,12,15,19,27,76,135000,135000,135000,52592,287,8,743.0242154665519,1.7251030076295137,135237.80418699607,1200.3470489808335
1741270657,2000,,Aggregated,227.600000,10.000000,8,10,11,12,15,19,28,77,135000,135000,135000,52937,312,8,801.7331640238544,1.7251030076295137,135282.99048700137,1199.5442696034909
1741270658,2000,,Aggregated,228.200000,10.000000,8,10,11,12,15,19,28,78,135000,135000,135000,53116,320,8,819.2820181885484,1.7251030076295137,135282.99048700137,1199.5714097447096
1741270659,2000,,Aggregated,230.300000,10.800000,8,10,11,12,15,19,28,79,135000,135000,135000,53298,332,8,846.7882510944618,1.7251030076295137,135300.91089298367,1199.142819617997
1741270660,2000,,Aggregated,228.100000,10.800000,8,10,11,12,15,19,28,80,135000,135000,135000,53640,342,8,866.3906364902068,1.7251030076295137,135300.91089298367,1198.950447427293
1741270661,2000,,Aggregated,230.100000,11.000000,8,10,11,12,15,19,29,80,135000,135000,135000,53818,352,8,888.400700152209,1.7251030076295137,135300.91089298367,1198.7954216061542
1741270662,2000,,Aggregated,229.300000,11.000000,8,10,11,12,15,19,29,81,135000,135000,135000,53987,357,8,898.0521039322864,1.7251030076295137,135300.91089298367,1198.9224998610778
1741270663,2000,,Aggregated,231.500000,11.000000,8,10,11,12,15,19,29,83,135000,135000,135000,54347,377,8,941.4288310841641,1.7251030076295137,135300.91089298367,1198.9487920216388
1741270664,2000,,Aggregated,231.500000,11.000000,8,10,11,12,15,19,29,84,135000,135000,135000,54506,382,8,950.9826249907538,1.7251030076295137,135300.91089298367,1199.3444391443145
1741270665,2000,,Aggregated,231.900000,11.000000,8,10,11,12,15,19,30,85,135000,135000,135000,54676,392,8,972.5672013589877,1.7251030076295137,135300.91089298367,1199.3192259858074
1741270666,2000,,Aggregated,230.500000,11.000000,8,10,11,12,15,19,30,86,135000,135000,135000,55008,402,8,991.1049717005382,1.7251030076295137,135300.91089298367,1199.0287594531706
1741270667,2000,,Aggregated,231.400000,11.000000,8,10,11,12,15,19,30,87,135000,135000,135000,55185,412,8,1012.2165927659876,1.7251030076295137,135300.91089298367,1198.5079459998187
1741270668,2000,,Aggregated,228.700000,11.000000,8,10,11,12,15,19,30,88,135000,135000,135000,55360,417,8,1021.1657775502528,1.7251030076295137,135300.91089298367,1197.954606213873
1741270669,2000,,Aggregated,229.600000,10.200000,8,10,11,12,15,19,31,91,135000,135000,135000,55713,437,8,1062.86385662542,1.7251030076295137,135300.91089298367,1198.078688995387
1741270670,2000,,Aggregated,229.800000,10.200000,8,10,11,12,15,19,31,92,135000,135000,135000,55873,442,8,1071.8323297451514,1.7251030076295137,135300.91089298367,1198.524242478478
1741270671,2000,,Aggregated,227.900000,10.000000,8,10,11,12,15,19,31,94,135000,135000,135000,56041,452,8,1092.5901833964533,1.7251030076295137,135300.91089298367,1198.6517014328795
1741270672,2000,,Aggregated,229.100000,10.000000,8,10,11,12,15,19,32,96,135000,135000,135000,56390,462,8,1109.6628807097861,1.7251030076295137,135300.91089298367,1198.696435538216
1741270673,2000,,Aggregated,227.400000,10.000000,8,10,11,12,15,19,32,100,135000,135000,135000,56567,472,8,1129.9068377488788,1.7251030076295137,135300.91089298367,1198.335672742058
1741270674,2000,,Aggregated,229.200000,10.000000,8,10,11,12,15,19,32,100,135000,135000,135000,56743,477,8,1138.258309742961,1.7251030076295137,135300.91089298367,1197.8437868988244
1741270675,2000,,Aggregated,229.600000,10.000000,8,10,11,12,15,19,33,110,135000,135000,135000,57092,497,8,1178.3498329517936,1.7251030076295137,135300.91089298367,1197.5042562880965
1741270676,2000,,Aggregated,231.200000,10.000000,8,10,11,12,15,19,33,110,135000,135000,135000,57264,502,8,1186.543637167796,1.7251030076295137,135300.91089298367,1197.3661986588434
1741270677,2000,,Aggregated,228.300000,10.000000,8,10,11,12,15,19,33,110,135000,135000,135000,57433,512,8,1206.4616475597581,1.7251030076295137,135300.91089298367,1196.9891874009716
1741270678,2000,,Aggregated,231.500000,10.000000,8,10,11,12,15,19,34,120,135000,135000,135000,57778,522,8,1222.5425692280219,1.7251030076295137,135300.91089298367,1196.7805219979923
1741270679,2000,,Aggregated,231.100000,10.000000,8,10,11,12,15,19,34,130,135000,135000,135000,57954,532,8,1242.0032669888974,1.7251030076295137,135300.91089298367,1196.979328432895
1741270680,2000,,Aggregated,231.200000,10.000000,8,10,11,12,15,19,34,130,135000,135000,135000,58125,537,8,1249.9335092712724,1.7251030076295137,135300.91089298367,1196.6902365591397
1741270681,2000,,Aggregated,231.600000,10.000000,8,10,11,12,15,19,35,620,135000,135000,135000,58459,557,8,1288.7915076417796,1.7251030076295137,135300.91089298367,1195.9549598864162
1741270682,2000,,Aggregated,230.500000,10.000000,8,10,11,12,15,19,35,650,135000,135000,135000,58640,562,8,1296.283586041268,1.7251030076295137,135300.91089298367,1196.0155013642566
1741270683,2000,,Aggregated,229.800000,10.000000,8,10,11,12,15,19,35,1000,135000,135000,135000,58807,572,8,1315.488745336333,1.7251030076295137,135300.91089298367,1195.8047171255123
1741270684,2000,,Aggregated,231.400000,10.000000,8,10,11,12,15,19,36,1000,135000,135000,135000,59154,582,8,1330.5365787996757,1.7251030076295137,135300.91089298367,1196.0687696520945
1741270685,2000,,Aggregated,228.300000,8.000000,8,10,11,12,15,19,36,1100,135000,135000,135000,59316,592,8,1349.5650805454395,1.7251030076295137,135300.91089298367,1195.883758176546
1741270686,2000,,Aggregated,227.600000,10.000000,8,10,11,12,15,19,36,133000,135000,135000,135000,59491,597,8,1356.924546282266,1.7251030076295137,135300.91089298367,1196.0233312601906
1741270687,2000,,Aggregated,228.000000,8.000000,8,10,11,12,15,19,36,133000,135000,135000,135000,59834,607,8,1371.6583558404006,1.7251030076295137,135300.91089298367,1195.7370892803424
1741270688,2000,,Aggregated,229.100000,10.000000,8,10,11,12,15,19,37,133000,135000,135000,135000,60010,612,8,1378.8513626982256,1.7251030076295137,135300.91089298367,1196.0098483586069
1741270689,2000,,Aggregated,225.600000,8.000000,8,10,11,12,15,19,37,133000,135000,135000,135000,60188,622,8,1397.156569720616,1.7251030076295137,135300.91089298367,1195.9936033760882
1741270690,2000,,Aggregated,227.900000,10.000000,8,10,11,12,15,19,38,133000,135000,135000,135000,60529,642,8,1433.7689142506945,1.7251030076295137,135300.91089298367,1195.9964975466305
1741270691,2000,,Aggregated,227.700000,8.000000,8,10,11,12,15,19,39,133000,135000,135000,135000,60708,652,8,1451.7086815562886,1.7251030076295137,135300.91089298367,1195.6027541674903
1741270692,2000,,Aggregated,230.100000,10.000000,8,10,11,12,15,19,39,133000,135000,135000,135000,60884,657,8,1458.5959584140842,1.7251030076295137,135300.91089298367,1195.4218021154984
1741270693,2000,,Aggregated,228.800000,8.000000,8,10,11,12,15,19,39,134000,135000,135000,135000,61229,667,8,1472.3987566485189,1.7251030076295137,135300.91089298367,1195.5370167730978
1741270694,2000,,Aggregated,230.500000,10.000000,8,10,11,12,15,19,39,134000,135000,135000,135000,61394,672,8,1479.4191628835426,1.7251030076295137,135300.91089298367,1195.5271524904713
1741270695,2000,,Aggregated,229.300000,10.000000,8,10,11,12,15,19,40,134000,135000,135000,135000,61563,677,8,1486.3212593292735,1.7251030076295137,135300.91089298367,1195.122200022741
1741270696,2000,,Aggregated,231.700000,10.000000,8,10,11,12,15,19,41,134000,135000,135000,135000,61904,697,8,1521.6774073226684,1.7251030076295137,135300.91089298367,1194.311918454381
1741270697,2000,,Aggregated,229.700000,10.000000,8,10,11,12,15,19,41,134000,135000,135000,135000,62075,702,8,1528.3477143530363,1.7251030076295137,135300.91089298367,1193.9694724124045
1741270698,2000,,Aggregated,229.300000,10.000000,8,10,11,12,15,19,41,134000,135000,135000,135000,62247,712,8,1545.8003989652782,1.7251030076295137,135300.91089298367,1193.8992722540845
1741270699,2000,,Aggregated,229.800000,10.000000,8,10,11,12,15,19,42,134000,135000,135000,135000,62588,722,8,1558.9468907949208,1.7251030076295137,135300.91089298367,1193.5840416693295
1741270700,2000,,Aggregated,229.100000,10.000000,8,10,11,12,16,19,43,134000,135000,135000,135000,62760,732,8,1576.1490228932341,1.7251030076295137,135300.91089298367,1192.7185946462714
1741270701,2000,,Aggregated,228.500000,10.000000,8,10,11,12,15,19,43,134000,135000,135000,135000,62922,737,8,1582.8287436947535,1.7251030076295137,135300.91089298367,1192.5325005562443
1741270702,2000,,Aggregated,227.200000,10.000000,8,10,11,12,16,19,44,134000,135000,135000,135000,63276,762,8,1627.1526752785658,1.7251030076295137,135300.91089298367,1191.370329982932
1741270703,2000,,Aggregated,227.600000,10.000000,8,10,11,12,16,19,44,134000,135000,135000,135000,63446,769,8,1637.6318160037285,1.7251030076295137,135300.91089298367,1191.3591558175456
1741270704,2000,,Aggregated,226.900000,11.000000,8,10,11,12,16,19,47,134000,135000,135000,135000,63622,782,8,1660.5203562924512,1.7251030076295137,135300.91089298367,1190.7865361038635
1741270705,2000,,Aggregated,228.900000,11.000000,8,10,11,12,16,19,47,134000,135000,135000,135000,63973,792,8,1672.3786153861545,1.7251030076295137,135300.91089298367,1190.7984931142826
1741270706,2000,,Aggregated,228.300000,11.000000,8,10,11,12,16,19,49,134000,135000,135000,135000,64149,802,8,1688.6952392470537,1.7251030076295137,135300.91089298367,1190.6368922352647
1741270707,2000,,Aggregated,231.300000,11.000000,8,10,11,12,16,19,49,134000,135000,135000,135000,64322,807,8,1694.5767412257276,1.7251030076295137,135300.91089298367,1190.7363732471006
1741270708,2000,,Aggregated,232.500000,11.000000,8,10,11,12,16,19,52,134000,135000,135000,135000,64661,827,8,1727.1540619006523,1.7251030076295137,135300.91089298367,1190.5248449606408
1741270709,2000,,Aggregated,230.100000,11.000000,8,10,11,12,16,19,53,134000,135000,135000,135000,64824,832,8,1733.1708302573597,1.7251030076295137,135300.91089298367,1190.5666728372207
1741270710,2000,,Aggregated,230.600000,11.000000,8,10,11,12,16,19,54,134000,135000,135000,135000,64996,842,8,1749.1978169065533,1.7251030076295137,135300.91089298367,1190.5038617761093
1741270711,2000,,Aggregated,230.600000,11.000000,8,10,11,12,16,19,55,134000,135000,135000,135000,65329,852,8,1760.8324324290531,1.7251030076295137,135300.91089298367,1190.2754213289656
1741270712,2000,,Aggregated,229.700000,11.000000,8,10,11,12,16,19,55,134000,135000,135000,135000,65506,862,8,1776.568299976118,1.7251030076295137,135300.91089298367,1189.6589167404513
1741270713,2000,,Aggregated,231.200000,11.000000,8,10,11,12,16,19,56,134000,135000,135000,135000,65682,867,8,1782.024167515207,1.7251030076295137,135300.91089298367,1190.056271124509
1741270714,2000,,Aggregated,229.400000,10.000000,8,10,11,12,16,19,58,134000,135000,135000,135000,66030,887,8,1813.275578348433,1.7251030076295137,135300.91089298367,1189.7076328941391
1741270715,2000,,Aggregated,228.600000,10.000000,8,10,11,12,16,19,59,134000,135000,135000,135000,66203,892,8,1818.6898152092162,1.7251030076295137,135300.91089298367,1189.6642146126308
1741270716,2000,,Aggregated,228.400000,10.000000,8,10,11,12,16,19,61,134000,135000,135000,135000,66377,902,8,1834.127946018916,1.7251030076295137,135300.91089298367,1189.8205402473748
1741270717,2000,,Aggregated,228.700000,10.000000,8,10,11,12,16,19,61,134000,135000,135000,135000,66723,912,8,1844.7596060065687,1.7251030076295137,135300.91089298367,1189.938282151582
1741270718,2000,,Aggregated,228.500000,10.000000,8,10,11,12,16,19,62,134000,135000,135000,135000,66903,922,8,1859.884355050466,1.7251030076295137,135300.91089298367,1189.4817571708295
1741270719,2000,,Aggregated,229.500000,10.000000,8,10,11,12,16,19,63,134000,135000,135000,135000,67069,927,8,1865.2964992636314,1.7251030076295137,135300.91089298367,1189.3501468636778
1741270720,2000,,Aggregated,229.800000,10.000000,8,10,11,12,16,19,64,134000,135000,135000,135000,67425,947,8,1895.2946284328145,1.7251030076295137,135300.91089298367,1189.2955431961439
1741270721,2000,,Aggregated,230.600000,10.000000,8,10,11,12,16,19,64,134000,135000,135000,135000,67603,952,8,1900.2581475249885,1.7251030076295137,135300.91089298367,1189.4600091711907
1741270722,2000,,Aggregated,232.100000,10.000000,8,10,11,12,16,19,65,134000,135000,135000,135000,67776,962,8,1915.221490436376,1.7251030076295137,135300.91089298367,1189.7632200188857
1741270723,2000,,Aggregated,230.700000,10.000000,8,10,11,12,16,19,65,134000,135000,135000,135000,68121,972,8,1925.270856194045,1.7251030076295137,135300.91089298367,1189.8059922784457
1741270724,2000,,Aggregated,231.200000,10.000000,8,10,11,12,16,19,65,134000,135000,135000,135000,68297,982,8,1940.0061893018951,1.7251030076295137,135300.91089298367,1189.8367424630658
1741270725,2000,,Aggregated,232.000000,10.000000,8,10,11,12,16,19,66,134000,135000,135000,135000,68469,987,8,1944.9537319403184,1.7251030076295137,135300.91089298367,1189.7049175539296
1741270726,2000,,Aggregated,232.800000,10.000000,8,10,11,12,16,19,67,134000,135000,135000,135000,68818,1007,8,1974.1720314423783,1.7251030076295137,135300.91089298367,1188.6773227934552
1741270727,2000,,Aggregated,230.600000,10.000000,8,10,11,12,16,19,67,134000,135000,135000,135000,68975,1012,8,1979.4448252235961,1.7251030076295137,135300.91089298367,1188.7679739035882
1741270728,2000,,Aggregated,228.000000,8.000000,8,10,11,12,16,19,67,134000,135000,135000,135000,69152,1022,8,1993.8187046388753,1.7251030076295137,135300.91089298367,1188.6955836418324
1741270729,2000,,Aggregated,230.500000,10.000000,8,10,11,12,16,19,67,134000,135000,135000,135000,69494,1032,8,2003.390144559654,1.7251030076295137,135300.91089298367,1188.1803608944658
1741270730,2000,,Aggregated,229.700000,8.000000,8,10,11,12,16,19,68,134000,135000,135000,135000,69668,1040,8,2013.8738930027073,1.7251030076295137,135300.91089298367,1188.1304042027905
1741270731,2000,,Aggregated,230.000000,10.000000,8,10,11,12,16,19,68,134000,135000,135000,135000,69842,1042,8,2012.7441265934754,1.7251030076295137,135300.91089298367,1188.6375390166374
1741270732,2000,,Aggregated,227.700000,8.000000,8,10,11,12,16,19,67,134000,135000,135000,135000,70181,1047,8,2012.6821298385853,1.7251030076295137,135300.91089298367,1188.6203245892764
1741270733,2000,,Aggregated,228.600000,9.000000,8,10,11,12,16,19,67,134000,135000,135000,135000,70345,1048,8,2009.9059618720703,1.7251030076295137,135300.91089298367,1188.565399104414
1741270734,2000,,Aggregated,226.300000,7.000000,8,10,11,12,16,19,67,134000,135000,135000,135000,70495,1048,8,2005.6467652601332,1.7251030076295137,135300.91089298367,1188.592581034116
1741270735,2000,,Aggregated,225.300000,7.100000,8,10,11,12,16,19,67,134000,135000,135000,135000,70818,1048,8,1996.5362579143014,1.7251030076295137,135300.91089298367,1189.1032364653054
1741270736,2000,,Aggregated,223.700000,5.100000,8,10,11,12,16,19,67,134000,135000,135000,135000,70982,1048,8,1991.9440964830935,1.7251030076295137,135300.91089298367,1189.0615508156998
1741270737,2000,,Aggregated,222.800000,5.100000,8,10,11,12,16,19,66,134000,135000,135000,135000,71134,1048,8,1987.7060879422581,1.7251030076295137,135300.91089298367,1188.9697612955829
1741270738,2000,,Aggregated,223.600000,5.100000,8,10,11,12,16,19,66,134000,135000,135000,135000,71469,1048,8,1978.428629495748,1.7251030076295137,135300.91089298367,1188.7945123060347
1741270739,2000,,Aggregated,222.000000,3.100000,8,10,11,12,16,19,65,134000,135000,135000,135000,71632,1048,8,1973.9452426413989,1.7251030076295137,135300.91089298367,1188.8977970739334
1741270740,2000,,Aggregated,219.700000,3.100000,8,10,11,12,16,19,65,134000,135000,135000,135000,71801,1048,8,1969.318371684237,1.7251030076295137,135300.91089298367,1188.9261987994596
1741270741,2000,,Aggregated,216.400000,1.100000,8,10,11,12,16,19,65,134000,135000,135000,135000,72132,1048,8,1960.3196833354555,1.7251030076295137,135300.91089298367,1188.879512560306
1741270742,2000,,Aggregated,218.700000,1.100000,8,10,11,12,16,19,64,134000,135000,135000,135000,72289,1048,8,1956.0802781630102,1.7251030076295137,135300.91089298367,1188.8820844111829
1741270743,2000,,Aggregated,217.800000,0.100000,8,10,11,12,16,19,64,134000,135000,135000,135000,72446,1048,8,1951.8596502799444,1.7251030076295137,135300.91089298367,1189.1391933302045
1741270744,2000,,Aggregated,217.200000,0.100000,8,10,11,12,15,19,64,134000,135000,135000,135000,72777,1048,8,1943.0214216559632,1.7251030076295137,135300.91089298367,1189.1880676587384
1741270745,2000,,Aggregated,217.600000,0.000000,8,10,11,12,15,19,63,134000,135000,135000,135000,72941,1048,8,1938.6713186366783,1.7251030076295137,135300.91089298367,1189.3606339370176
1741270746,2000,,Aggregated,216.800000,0.000000,8,10,11,12,15,19,63,134000,135000,135000,135000,73111,1048,8,1934.184379118042,1.7251030076295137,135300.91089298367,1189.6366620617964
1741270747,2000,,Aggregated,218.400000,0.000000,8,10,11,12,15,19,61,134000,135000,135000,135000,73438,1048,8,1925.6117402803463,1.7251030076295137,135300.91089298367,1189.4021623682563
1741270748,2000,,Aggregated,217.300000,0.000000,8,10,11,12,15,19,61,134000,135000,135000,135000,73607,1048,8,1921.2111970414664,1.7251030076295137,135300.91089298367,1189.7194967869905
1741270749,2000,,Aggregated,218.900000,0.000000,8,10,11,12,15,19,60,134000,135000,135000,135000,73773,1048,8,1916.908787126865,1.7251030076295137,135300.91089298367,1189.567145161509
1741270750,2000,,Aggregated,218.000000,0.000000,8,10,11,12,15,19,58,134000,135000,135000,135000,74100,1048,8,1908.489820039045,1.7251030076295137,135300.91089298367,1189.6689743589743
1741270751,2000,,Aggregated,220.000000,0.000000,8,10,11,12,15,19,57,134000,135000,135000,135000,74264,1048,8,1904.2953426707031,1.7251030076295137,135300.91089298367,1189.503554885274
1741270752,2000,,Aggregated,219.300000,0.000000,8,10,11,12,15,19,57,134000,135000,135000,135000,74438,1048,8,1899.8661265994756,1.7251030076295137,135300.91089298367,1189.7572476423331
1741270753,2000,,Aggregated,219.500000,0.000000,8,10,11,12,15,19,56,134000,135000,135000,135000,74774,1048,8,1891.366825661561,1.7251030076295137,135300.91089298367,1189.8396768930377
1741270754,2000,,Aggregated,222.000000,0.000000,8,10,11,12,15,19,55,134000,135000,135000,135000,74933,1048,8,1887.3710993834156,1.7251030076295137,135300.91089298367,1189.613681555523
1741270755,2000,,Aggregated,220.700000,0.000000,8,10,11,12,15,19,55,134000,135000,135000,135000,75092,1048,8,1883.3944611743764,1.7251030076295137,135300.91089298367,1189.4949794918234
1741270756,2000,,Aggregated,220.700000,0.000000,8,10,11,12,15,19,54,134000,135000,135000,135000,75421,1048,8,1875.2195746272719,1.7251030076295137,135300.91089298367,1189.6885085055885
1741270757,2000,,Aggregated,219.800000,0.000000,8,10,11,12,15,19,53,134000,135000,135000,135000,75583,1048,8,1871.2194571440864,1.7251030076295137,135300.91089298367,1189.8280830345448
1741270758,2000,,Aggregated,222.300000,0.000000,8,10,11,12,15,19,52,134000,135000,135000,135000,75751,1048,8,1867.0876299550985,1.7251030076295137,135300.91089298367,1189.9666935089965
1741270759,2000,,Aggregated,219.400000,0.000000,8,10,11,12,15,19,52,134000,135000,135000,135000,76064,1048,8,1859.443585051347,1.7251030076295137,135300.91089298367,1190.0730831931005
1741270760,2000,,Aggregated,221.100000,0.000000,8,10,11,12,15,19,51,134000,135000,135000,135000,76241,1048,8,1855.14693741396,1.7251030076295137,135300.91089298367,1190.4414422685957
1741270761,2000,,Aggregated,221.400000,0.000000,8,10,11,12,15,19,51,134000,135000,135000,135000,76404,1050,8,1854.7096787566581,1.7251030076295137,135300.91089298367,1190.6774645306527
1741270762,2000,,Aggregated,219.200000,0.000000,8,10,11,12,15,19,50,134000,135000,135000,135000,76742,1052,8,1850.073375859004,1.7251030076295137,135300.91089298367,1190.8018034453103
1741270763,2000,,Aggregated,219.700000,0.500000,8,10,11,12,16,19,51,134000,135000,135000,135000,76906,1056,8,1853.1155312906542,1.7251030076295137,135300.91089298367,1190.6852911346318
1741270764,2000,,Aggregated,218.000000,0.500000,8,10,11,12,16,19,51,134000,135000,135000,135000,77071,1061,8,1857.8819673249375,1.7251030076295137,135300.91089298367,1190.9487226064277
1741270765,2000,,Aggregated,220.800000,2.500000,8,10,11,12,16,19,53,134000,135000,135000,135000,77425,1081,8,1884.1209534423037,1.7251030076295137,135300.91089298367,1191.2161575718437
1741270766,2000,,Aggregated,220.700000,2.500000,8,10,11,12,16,19,53,134000,135000,135000,135000,77592,1085,8,1887.0278967978409,1.7251030076295137,135300.91089298367,1191.390981028972
1741270767,2000,,Aggregated,223.200000,4.300000,8,10,11,12,16,19,55,134000,135000,135000,135000,77763,1096,8,1901.8741872816008,1.7251030076295137,135300.91089298367,1191.351825418258
1741270768,2000,,Aggregated,221.600000,4.300000,8,10,11,12,16,19,55,134000,135000,135000,135000,78112,1104,8,1907.1998830684931,1.7251030076295137,135306.28247500863,1191.4155443465793
1741270769,2000,,Aggregated,225.700000,6.300000,8,10,11,12,16,19,56,134000,135000,135000,135000,78283,1114,8,1920.2237951264283,1.7251030076295137,135306.28247500863,1191.2707101158617
1741270770,2000,,Aggregated,226.100000,6.300000,8,10,11,12,16,19,56,134000,135000,135000,135000,78452,1119,8,1924.6583206607497,1.7251030076295137,135306.28247500863,1191.4283383470147
1741270771,2000,,Aggregated,226.300000,6.300000,8,10,11,12,16,19,56,134000,135000,135000,135000,78799,1131,8,1936.7081799414261,1.7251030076295137,135306.28247500863,1191.04879503547
1741270772,2000,,Aggregated,229.200000,8.300000,8,10,11,12,16,19,57,134000,135000,135000,135000,78971,1136,8,1941.0324564258476,1.7251030076295137,135306.28247500863,1190.668979752061
1741270773,2000,,Aggregated,228.400000,7.800000,8,10,11,12,16,19,58,134000,135000,135000,135000,79140,1146,8,1953.849250553214,1.7251030076295137,135306.28247500863,1190.5598054081374
1741270774,2000,,Aggregated,230.000000,9.900000,8,10,11,12,16,19,61,134000,135000,135000,135000,79484,1169,8,1984.3037689377106,1.7251030076295137,135306.28247500863,1190.3038095717377
1741270775,2000,,Aggregated,228.600000,7.900000,8,10,11,12,16,19,63,134000,135000,135000,135000,79653,1180,8,1998.6862109859035,1.7251030076295137,135306.28247500863,1190.2183219715516
1741270776,2000,,Aggregated,230.300000,10.100000,8,10,11,12,16,19,63,134000,135000,135000,135000,79823,1184,8,2001.1797926684083,1.7251030076295137,135306.28247500863,1190.201683725242
1741270777,2000,,Aggregated,228.900000,8.300000,8,10,11,12,16,19,63,134000,135000,135000,135000,80168,1192,8,2006.0017138275825,1.7251030076295137,135306.28247500863,1190.2794631274323
1741270778,2000,,Aggregated,230.000000,10.100000,8,10,11,12,16,19,64,134000,135000,135000,135000,80346,1199,8,2013.2506814452083,1.7251030076295137,135306.28247500863,1190.2879794887112
1741270779,2000,,Aggregated,227.600000,8.100000,8,10,11,12,16,19,64,134000,135000,135000,135000,80528,1212,8,2030.3759062904842,1.7251030076295137,135306.28247500863,1189.9407038545598
1741270780,2000,,Aggregated,229.300000,10.500000,8,10,11,12,16,19,65,134000,135000,135000,135000,80858,1233,8,2056.9762541694704,1.7251030076295137,135306.28247500863,1189.5701971357194
1741270781,2000,,Aggregated,228.000000,10.500000,8,10,11,12,16,19,65,134000,135000,135000,135000,81022,1237,8,2059.43375422957,1.7251030076295137,135306.28247500863,1189.2624966058602
1741270782,2000,,Aggregated,227.100000,10.600000,8,10,11,12,16,19,66,134000,135000,135000,135000,81188,1241,8,2061.8291657854506,1.7251030076295137,135306.28247500863,1189.122518106124
1741270783,2000,,Aggregated,227.800000,10.600000,8,10,11,12,16,19,66,134000,135000,135000,135000,81524,1248,8,2064.9276852091957,1.7251030076295137,135306.28247500863,1188.7400520092242
1741270784,2000,,Aggregated,228.000000,10.100000,8,10,11,12,16,19,66,134000,135000,135000,135000,81703,1258,8,2076.8464176759912,1.7251030076295137,135306.28247500863,1188.7310747463373
1741270785,2000,,Aggregated,228.400000,10.100000,8,10,11,12,16,19,66,134000,135000,135000,135000,81871,1260,8,2075.88002539806,1.7251030076295137,135306.28247500863,1189.0626839784538
1741270786,2000,,Aggregated,227.500000,9.900000,8,10,11,12,16,19,67,134000,135000,135000,135000,82215,1282,8,2103.196110019568,1.7251030076295137,135306.28247500863,1188.7488292890591
1741270787,2000,,Aggregated,227.600000,9.900000,8,10,11,12,16,19,67,134000,135000,135000,135000,82379,1285,8,2103.920070139817,1.7251030076295137,135306.28247500863,1188.538535306328
1741270788,2000,,Aggregated,227.400000,10.000000,8,10,11,12,16,19,68,134000,135000,135000,135000,82550,1296,8,2117.4518266072178,1.7251030076295137,135306.28247500863,1188.2911811023623
1741270789,2000,,Aggregated,226.800000,10.000000,8,10,11,12,16,19,68,134000,135000,135000,135000,82886,1305,8,2123.4741627198537,1.7251030076295137,135306.28247500863,1187.8655864681612
1741270790,2000,,Aggregated,224.900000,9.600000,8,10,11,12,16,19,68,134000,135000,135000,135000,83053,1315,8,2135.4016061364273,1.7251030076295137,135306.28247500863,1187.7871961277738
1741270791,2000,,Aggregated,226.200000,9.600000,8,10,11,12,16,19,68,134000,135000,135000,135000,83221,1321,8,2140.794260787,1.7251030076295137,135306.28247500863,1187.6841302075197
1741270792,2000,,Aggregated,227.000000,9.300000,8,10,11,12,16,19,69,134000,135000,135000,135000,83571,1341,8,2164.0634272070324,1.7251030076295137,135306.28247500863,1187.3691711239544
1741270793,2000,,Aggregated,225.400000,9.300000,8,10,11,12,16,19,69,134000,135000,135000,135000,83734,1349,8,2172.695844282904,1.7251030076295137,135306.28247500863,1187.2626531635894
1741270794,2000,,Aggregated,227.000000,10.000000,8,10,11,12,16,19,69,134000,135000,135000,135000,83909,1358,8,2182.569054709539,1.7251030076295137,135306.28247500863,1186.7950756176333
1741270795,2000,,Aggregated,225.800000,10.000000,8,10,11,12,16,19,70,134000,135000,135000,135000,84263,1375,8,2200.5735116151945,1.7251030076295137,135306.28247500863,1186.4820027770195
1741270796,2000,,Aggregated,227.600000,10.700000,8,10,11,12,16,19,71,134000,135000,135000,135000,84433,1387,8,2215.2545200558716,1.7251030076295137,135306.28247500863,1186.229163952483
1741270797,2000,,Aggregated,228.600000,10.700000,8,10,11,12,16,19,71,134000,135000,135000,135000,84608,1394,8,2221.810515436266,1.7251030076295137,135306.28247500863,1186.2970877458397
1741270798,2000,,Aggregated,228.000000,11.200000,8,10,11,12,16,19,72,134000,135000,135000,135000,84959,1413,8,2242.701315330273,1.7251030076295137,135306.28247500863,1186.1220471050742
1741270799,2000,,Aggregated,229.100000,11.200000,8,10,11,12,16,19,72,134000,135000,135000,135000,85136,1417,8,2244.3690320501605,1.7251030076295137,135306.28247500863,1186.1317656455553
1741270800,2000,,Aggregated,231.800000,10.900000,8,10,11,12,16,19,73,134000,135000,135000,135000,85320,1428,8,2256.871121568586,1.7251030076295137,135306.28247500863,1185.7679793717768
1741270801,2000,,Aggregated,230.000000,10.900000,8,10,11,12,16,19,73,134000,135000,135000,135000,85654,1439,8,2265.3409351460296,1.7251030076295137,135306.28247500863,1185.580171387209
1741270802,2000,,Aggregated,231.100000,11.400000,8,10,11,12,16,19,74,134000,135000,135000,135000,85829,1449,8,2276.3912616533466,1.7251030076295137,135306.28247500863,1185.2983723450116
1741270803,2000,,Aggregated,232.800000,11.400000,8,10,11,12,16,19,74,134000,135000,135000,135000,86002,1453,8,2278.079961360853,1.7251030076295137,135306.28247500863,1185.1837980512082
1741270804,2000,,Aggregated,231.500000,11.200000,8,10,11,12,16,19,74,134000,135000,135000,135000,86352,1470,8,2295.3039255425956,1.7251030076295137,135306.28247500863,1184.7686561978878
1741270805,2000,,Aggregated,233.900000,11.200000,8,10,11,12,16,19,74,134000,135000,135000,135000,86519,1475,8,2298.6511016390295,1.7251030076295137,135306.28247500863,1184.8376541568905
1741270806,2000,,Aggregated,231.200000,10.100000,8,10,11,12,16,19,75,134000,135000,135000,135000,86696,1488,8,2314.096007174416,1.7251030076295137,135306.28247500863,1184.3677332287534
1741270807,2000,,Aggregated,229.700000,10.100000,8,10,11,12,16,19,76,134000,135000,135000,135000,87036,1500,8,2323.6273569051546,1.7251030076295137,135306.28247500863,1184.6327151983087
1741270808,2000,,Aggregated,232.800000,10.000000,8,10,11,12,16,19,76,134000,135000,135000,135000,87215,1509,8,2332.763227944631,1.7251030076295137,135306.28247500863,1184.4166026486268
1741270809,2000,,Aggregated,229.900000,10.000000,8,10,11,12,16,19,76,134000,135000,135000,135000,87378,1514,8,2336.0740024885104,1.7251030076295137,135306.28247500863,1184.4571860193641
1741270810,2000,,Aggregated,230.500000,10.300000,8,10,11,12,16,19,77,134000,135000,135000,135000,87732,1533,8,2355.7672723386013,1.7251030076295137,135306.28247500863,1184.6754661924954
1741270811,2000,,Aggregated,230.700000,10.300000,8,10,11,12,16,19,77,134000,135000,135000,135000,87895,1539,8,2360.5957261031385,1.7251030076295137,135306.28247500863,1184.4418453836965
1741270812,2000,,Aggregated,229.300000,9.600000,8,10,11,12,16,19,77,134000,135000,135000,135000,88068,1544,8,2363.6071058518105,1.7251030076295137,135306.28247500863,1184.5580233455967
1741270813,2000,,Aggregated,228.000000,9.600000,8,10,11,12,16,19,78,134000,135000,135000,135000,88415,1556,8,2372.59632337786,1.7251030076295137,135306.28247500863,1184.635661369677
1741270814,2000,,Aggregated,227.700000,7.500000,8,10,11,12,16,19,79,134000,135000,135000,135000,88593,1566,8,2383.0003544458523,1.7251030076295137,135306.28247500863,1184.6032305035387
1741270815,2000,,Aggregated,229.000000,9.700000,8,10,11,12,16,19,79,134000,135000,135000,135000,88763,1574,8,2390.562314342726,1.7251030076295137,135306.28247500863,1184.4328830706488
1741270816,2000,,Aggregated,228.300000,8.100000,8,10,11,12,16,19,79,134000,135000,135000,135000,89096,1584,8,2396.7074314556367,1.7251030076295137,135306.28247500863,1184.3190603394091
1741270817,2000,,Aggregated,230.400000,10.300000,8,10,11,12,16,19,80,134000,135000,135000,135000,89271,1590,8,2401.051593508537,1.7251030076295137,135306.28247500863,1184.2637586674284
1741270818,2000,,Aggregated,226.300000,8.000000,8,10,11,12,16,19,80,134000,135000,135000,135000,89454,1599,8,2409.678064112043,1.7251030076295137,135306.28247500863,1184.3465580074676
1741270819,2000,,Aggregated,232.500000,10.000000,8,10,11,12,16,19,82,134000,135000,135000,135000,89813,1618,8,2428.464202455743,1.7251030076295137,135306.28247500863,1184.48991794061
1741270820,2000,,Aggregated,228.300000,8.000000,8,10,11,12,16,19,82,134000,135000,135000,135000,89984,1627,8,2437.306010462057,1.7251030076295137,135306.28247500863,1184.4688833570412
1741270821,2000,,Aggregated,230.700000,9.700000,8,10,11,12,16,19,83,134000,135000,135000,135000,90145,1633,8,2441.8949395809364,1.7251030076295137,135306.28247500863,1184.5960397137944
1741270822,2000,,Aggregated,229.700000,8.100000,8,10,11,12,16,19,84,134000,135000,135000,135000,90480,1647,8,2453.637027755704,1.7251030076295137,135306.28247500863,1184.4830128205128
1741270823,2000,,Aggregated,232.000000,10.700000,8,10,11,12,16,19,84,134000,135000,135000,135000,90643,1653,8,2458.122782715798,1.7251030076295137,135306.28247500863,1184.411074214225
1741270824,2000,,Aggregated,230.700000,10.700000,8,10,11,12,16,19,84,134000,135000,135000,135000,90817,1657,8,2459.3426314799444,1.7251030076295137,135306.28247500863,1184.3121662243852
1741270825,2000,,Aggregated,229.200000,10.500000,8,10,11,12,16,19,86,134000,135000,135000,135000,91161,1674,8,2475.083354578334,1.7251030076295137,135306.28247500863,1184.224460021281
1741270826,2000,,Aggregated,230.600000,10.500000,8,10,11,12,16,19,86,134000,135000,135000,135000,91329,1679,8,2477.9005693738195,1.7251030076295137,135306.28247500863,1184.2004949139923
1741270827,2000,,Aggregated,228.900000,10.200000,8,10,11,12,16,19,87,134000,135000,135000,135000,91504,1688,8,2486.3830117306766,1.7251030076295137,135306.28247500863,1184.1041265955587
1741270828,2000,,Aggregated,229.100000,10.200000,8,10,11,12,16,19,87,134000,135000,135000,135000,91836,1696,8,2489.1186196073872,1.7251030076295137,135306.28247500863,1184.1938891066684
1741270829,2000,,Aggregated,227.900000,9.600000,8,10,11,12,16,19,88,134000,135000,135000,135000,92020,1705,8,2497.289486267769,1.7251030076295137,135306.28247500863,1184.176472505977
1741270830,2000,,Aggregated,227.300000,9.600000,8,10,11,12,16,19,89,134000,135000,135000,135000,92196,1711,8,2501.2679896724712,1.7251030076295137,135306.28247500863,1184.3359798689748
1741270831,2000,,Aggregated,228.300000,10.100000,8,10,11,12,16,20,91,134000,135000,135000,135000,92552,1733,8,2523.604813296912,1.7251030076295137,135306.28247500863,1184.4102450514306
1741270832,2000,,Aggregated,229.400000,10.100000,8,10,11,12,16,20,93,134000,135000,135000,135000,92731,1740,8,2528.8656795391275,1.7251030076295137,135306.28247500863,1184.7085009328057
1741270833,2000,,Aggregated,229.900000,9.700000,8,10,11,12,16,20,93,134000,135000,135000,135000,92908,1749,8,2537.1072950674547,1.7251030076295137,135306.28247500863,1184.4248934429759
1741270834,2000,,Aggregated,232.100000,9.700000,8,10,11,12,16,20,94,134000,135000,135000,135000,93252,1757,8,2539.2919976835165,1.7251030076295137,135306.28247500863,1184.5517093467165
1741270835,2000,,Aggregated,231.100000,9.400000,8,10,11,12,16,20,96,134000,135000,135000,135000,93426,1766,8,2547.5048480102896,1.7251030076295137,135306.28247500863,1184.5820221351657
1741270836,2000,,Aggregated,232.000000,9.400000,8,10,11,12,16,20,97,134000,135000,135000,135000,93600,1771,8,2549.962553133036,1.7251030076295137,135306.28247500863,1184.4440918803418
1741270837,2000,,Aggregated,231.300000,9.400000,8,10,11,12,16,20,100,134000,135000,135000,135000,93938,1796,8,2576.55089851185,1.7251030076295137,135306.28247500863,1184.1261363878302
1741270838,2000,,Aggregated,230.800000,9.400000,8,10,11,12,16,20,100,134000,135000,135000,135000,94101,1801,8,2579.228236448691,1.7251030076295137,135306.28247500863,1184.0953762446734
1741270839,2000,,Aggregated,230.600000,10.900000,8,10,11,12,16,20,110,134000,135000,135000,135000,94268,1817,8,2597.454334511173,1.7251030076295137,135306.28247500863,1183.75551618789
1741270840,2000,,Aggregated,230.800000,10.900000,8,10,11,12,16,20,110,134000,135000,135000,135000,94615,1827,8,2602.1685999109395,1.7251030076295137,135306.28247500863,1183.9292289806056
1741270841,2000,,Aggregated,232.400000,11.100000,8,10,11,12,16,20,120,134000,135000,135000,135000,94790,1838,8,2612.9686179600476,1.7251030076295137,135306.28247500863,1183.8006540774343
1741270842,2000,,Aggregated,230.700000,11.100000,8,10,11,12,16,20,120,134000,135000,135000,135000,94963,1843,8,2615.269828686645,1.7251030076295137,135306.28247500863,1183.747238398113
1741270843,2000,,Aggregated,229.900000,11.200000,8,10,11,12,16,20,160,134000,135000,135000,135000,95308,1869,8,2642.417458507157,1.7251030076295137,135306.28247500863,1183.309134595207
1741270844,2000,,Aggregated,227.600000,11.200000,8,10,11,12,16,20,160,134000,135000,135000,135000,95489,1875,8,2645.854560347922,1.7251030076295137,135306.28247500863,1183.1405502204443
1741270845,2000,,Aggregated,228.900000,11.500000,8,10,11,12,16,20,560,134000,135000,135000,135000,95658,1883,8,2652.455450886213,1.7251030076295137,135306.28247500863,1183.2246335904995
1741270846,2000,,Aggregated,227.800000,11.500000,8,10,11,12,16,20,210,134000,135000,135000,135000,95997,1888,8,2650.094838593607,1.7251030076295137,135306.28247500863,1183.3254997552008
1741270847,2000,,Aggregated,228.900000,11.000000,8,10,11,12,16,20,630,134000,135000,135000,135000,96163,1898,8,2659.5226774212497,1.7251030076295137,135306.28247500863,1183.2463213502074
1741270848,2000,,Aggregated,229.400000,11.000000,8,10,11,12,16,20,650,134000,135000,135000,135000,96332,1902,8,2660.4496600237567,1.7251030076295137,135306.28247500863,1183.12590831707
1741270850,2000,,Aggregated,227.900000,10.300000,8,10,11,12,16,20,1000,134000,135000,135000,135000,96685,1921,8,2677.187020189538,1.7251030076295137,135306.28247500863,1183.0332729999484
1741270851,2000,,Aggregated,229.400000,10.300000,8,10,11,12,16,20,1000,134000,135000,135000,135000,96856,1928,8,2682.1536521581907,1.7251030076295137,135306.28247500863,1183.0700317997853
1741270852,2000,,Aggregated,228.100000,10.100000,8,10,11,12,16,20,1100,134000,135000,135000,135000,97042,1940,8,2693.6281792584914,1.7251030076295137,135306.28247500863,1182.9158611735124
1741270853,2000,,Aggregated,228.500000,10.100000,8,10,11,12,16,20,133000,134000,135000,135000,135000,97381,1950,8,2698.0925963499276,1.7251030076295137,135306.28247500863,1182.6323102042493
1741270854,2000,,Aggregated,229.800000,9.700000,8,10,11,12,16,20,133000,134000,135000,135000,135000,97547,1957,8,2703.145066705296,1.7251030076295137,135306.28247500863,1182.3576122279517
1741270855,2000,,Aggregated,230.100000,9.700000,8,10,11,12,16,20,133000,134000,135000,135000,135000,97711,1962,8,2705.4910602619007,1.7251030076295137,135306.28247500863,1182.1515387213312
1741270856,2000,,Aggregated,229.200000,9.700000,8,10,11,12,16,20,133000,134000,135000,135000,135000,98071,1984,8,2725.7344383423424,1.7251030076295137,135306.28247500863,1182.3255498567364
1741270857,2000,,Aggregated,229.000000,9.700000,8,10,11,12,16,20,133000,134000,135000,135000,135000,98249,1988,8,2726.2780957146842,1.7251030076295137,135306.28247500863,1182.2706287086892
1741270858,2000,,Aggregated,230.000000,8.300000,8,10,11,12,16,20,133000,134000,135000,135000,135000,98428,1999,8,2736.319298738399,1.7251030076295137,135306.28247500863,1182.4271955134718
1741270859,2000,,Aggregated,230.900000,10.400000,8,10,11,12,16,20,133000,134000,135000,135000,135000,98769,2008,8,2739.1539691249804,1.7251030076295137,135306.28247500863,1181.9709827982465
1741270860,2000,,Aggregated,230.700000,8.200000,8,10,11,12,16,20,133000,134000,135000,135000,135000,98939,2019,8,2749.3894663481055,1.7251030076295137,135306.28247500863,1181.4678943591505
1741270861,2000,,Aggregated,233.900000,10.300000,8,10,11,12,16,20,133000,134000,135000,135000,135000,99105,2023,8,2750.198274340963,1.7251030076295137,135306.28247500863,1181.238353261692
1741270862,2000,,Aggregated,229.600000,8.100000,8,10,11,12,16,20,133000,134000,135000,135000,135000,99438,2031,8,2751.829862219798,1.7251030076295137,135306.28247500863,1181.4284076509987
1741270863,2000,,Aggregated,230.700000,9.700000,8,10,11,12,16,20,133000,134000,135000,135000,135000,99609,2037,8,2755.203025065441,1.7251030076295137,135306.28247500863,1181.2878454758104
1741270864,2000,,Aggregated,228.900000,7.800000,8,10,11,12,16,20,133000,134000,135000,135000,135000,99785,2048,8,2765.13106087869,1.7251030076295137,135306.28247500863,1181.22216766047
1741270865,2000,,Aggregated,228.400000,10.000000,8,10,11,12,16,20,133000,134000,135000,135000,135000,100127,2071,8,2786.5718357486294,1.7251030076295137,135306.28247500863,1180.8653210422763
1741270866,2000,,Aggregated,228.800000,8.000000,8,10,11,12,16,20,133000,134000,135000,135000,135000,100302,2080,8,2793.751164119767,1.7251030076295137,135306.28247500863,1180.434926521904
1741270867,2000,,Aggregated,229.100000,10.400000,8,10,11,12,16,20,133000,134000,135000,135000,135000,100468,2082,8,2791.824551057579,1.7251030076295137,135306.28247500863,1180.3043058486285
1741270868,2000,,Aggregated,228.800000,10.400000,8,10,11,12,16,20,133000,134000,135000,135000,135000,100827,2090,8,2792.577034184784,1.7251030076295137,135306.28247500863,1180.1693494798021
1741270869,2000,,Aggregated,229.400000,9.600000,8,10,11,12,16,20,133000,134000,135000,135000,135000,100993,2092,8,2790.6656931224584,1.7251030076295137,135306.28247500863,1180.076510253186
1741270870,2000,,Aggregated,228.600000,9.600000,8,10,11,12,16,20,133000,134000,135000,135000,135000,101165,2093,8,2787.267593513699,1.7251030076295137,135306.28247500863,1180.3811990312856
1741270871,2000,,Aggregated,224.700000,8.000000,8,10,11,12,16,20,133000,134000,135000,135000,135000,101479,2095,8,2781.3261711848136,1.7251030076295137,135306.28247500863,1180.2882468293933
1741270872,2000,,Aggregated,228.400000,8.000000,8,10,11,12,16,20,133000,134000,135000,135000,135000,101635,2095,8,2777.070927666833,1.7251030076295137,135306.28247500863,1180.7052393368426
1741270873,2000,,Aggregated,225.300000,6.400000,8,10,11,12,16,20,133000,134000,135000,135000,135000,101793,2095,8,2772.7760132266635,1.7251030076295137,135306.28247500863,1180.9462733193834
1741270874,2000,,Aggregated,224.800000,6.400000,8,10,11,12,16,20,133000,134000,135000,135000,135000,102126,2095,8,2763.7654516342136,1.7251030076295137,135306.28247500863,1180.9684899046276
1741270875,2000,,Aggregated,223.600000,4.200000,8,10,11,12,16,20,133000,134000,135000,135000,135000,102297,2095,8,2759.1622044734895,1.7251030076295137,135306.28247500863,1181.1681085466828
1741270876,2000,,Aggregated,223.100000,4.200000,8,10,11,12,16,20,133000,134000,135000,135000,135000,102456,2095,8,2754.894191830224,1.7251030076295137,135306.28247500863,1181.0543062387758
1741270877,2000,,Aggregated,222.300000,1.800000,8,10,11,12,16,20,133000,134000,135000,135000,135000,102781,2095,8,2746.213133976586,1.7251030076295137,135306.28247500863,1181.511300726788
1741270878,2000,,Aggregated,219.800000,1.800000,8,10,11,12,16,20,133000,134000,135000,135000,135000,102944,2095,8,2741.879561699232,1.7251030076295137,135306.28247500863,1181.6814967360895
1741270879,2000,,Aggregated,217.600000,0.500000,8,10,11,12,16,20,133000,134000,135000,135000,135000,103111,2095,8,2737.4530262229787,1.7251030076295137,135306.28247500863,1181.518722541727
1741270880,2000,,Aggregated,219.700000,0.500000,8,10,11,12,16,20,133000,134000,135000,135000,135000,103445,2095,8,2728.643381109205,1.7251030076295137,135306.28247500863,1181.7721397844266
1741270881,2000,,Aggregated,218.500000,0.000000,8,10,11,12,16,20,133000,134000,135000,135000,135000,103614,2095,8,2724.207745063211,1.7251030076295137,135306.28247500863,1181.9162468392303
1741270882,2000,,Aggregated,217.000000,0.000000,8,10,11,12,16,20,133000,134000,135000,135000,135000,103781,2095,8,2719.83862888879,1.7251030076295137,135306.28247500863,1181.9086537998285
1741270883,2000,,Aggregated,220.400000,0.000000,8,10,11,12,16,20,133000,134000,135000,135000,135000,104111,2095,8,2711.2448560820994,1.7251030076295137,135306.28247500863,1181.8379710117088
1741270884,2000,,Aggregated,219.000000,0.000000,8,10,11,12,16,20,133000,134000,135000,135000,135000,104278,2095,8,2706.917236377831,1.7251030076295137,135306.28247500863,1181.558200195631
1741270885,2000,,Aggregated,213.100000,0.000000,8,10,11,12,16,20,133000,134000,135000,135000,135000,104575,2095,8,2699.2550608807583,1.7251030076295137,135306.28247500863,1181.630695672962
1741270886,2000,,Aggregated,218.500000,0.000000,8,10,11,12,16,20,106000,134000,135000,135000,135000,104743,2095,8,2694.940316021734,1.7251030076295137,135306.28247500863,1181.46050810078
1741270887,2000,,Aggregated,219.100000,0.000000,8,10,11,12,16,19,1100,134000,135000,135000,135000,104905,2095,8,2690.792445424902,1.7251030076295137,135306.28247500863,1181.6094561746343
1741270888,2000,,Aggregated,220.200000,0.000000,8,10,11,12,16,19,1000,134000,135000,135000,135000,105407,2095,8,2678.02144217209,1.7251030076295137,135306.28247500863,1181.3859895452863
1741270889,2000,,Aggregated,220.200000,0.000000,8,10,11,12,16,19,1000,134000,135000,135000,135000,105407,2095,8,2678.02144217209,1.7251030076295137,135306.28247500863,1181.3859895452863
1741270890,2000,,Aggregated,218.600000,0.000000,8,10,11,12,16,19,1000,134000,135000,135000,135000,105578,2095,8,2673.6990918000283,1.7251030076295137,135306.28247500863,1181.528945424236
1741270891,2000,,Aggregated,218.600000,0.000000,8,10,11,12,16,19,630,134000,135000,135000,135000,106070,2095,8,2661.3370340410156,1.7251030076295137,135306.28247500863,1181.3567644008674
1741270892,2000,,Aggregated,218.600000,0.000000,8,10,11,12,16,19,630,134000,135000,135000,135000,106070,2095,8,2661.3370340410156,1.7251030076295137,135306.28247500863,1181.3567644008674
1741270893,2000,,Aggregated,216.400000,0.000000,8,10,11,12,16,19,620,134000,135000,135000,135000,106230,2095,8,2657.3425503414437,1.7251030076295137,135306.28247500863,1181.6083592205591
1741270894,2000,,Aggregated,218.200000,0.000000,8,10,11,12,16,19,150,134000,135000,135000,135000,106733,2095,8,2644.8615355420816,1.7251030076295137,135306.28247500863,1181.6774662007065
1741270895,2000,,Aggregated,218.200000,0.000000,8,10,11,12,16,19,150,134000,135000,135000,135000,106733,2095,8,2644.8615355420816,1.7251030076295137,135306.28247500863,1181.6774662007065
1741270896,2000,,Aggregated,216.900000,0.000000,8,10,11,12,16,19,140,134000,135000,135000,135000,106888,2095,8,2641.039026272303,1.7251030076295137,135306.28247500863,1181.6074769852555
1741270897,2000,,Aggregated,218.700000,0.000000,8,10,11,12,16,19,130,134000,135000,135000,135000,107386,2097,8,2631.325221739518,1.7251030076295137,135306.28247500863,1181.8029352057065
1741270898,2000,,Aggregated,218.700000,0.000000,8,10,11,12,16,19,130,134000,135000,135000,135000,107386,2097,8,2631.325221739518,1.7251030076295137,135306.28247500863,1181.8029352057065
1741270899,2000,,Aggregated,217.600000,0.200000,8,10,11,12,16,19,120,134000,135000,135000,135000,107554,2099,8,2629.7225117160606,1.7251030076295137,135306.28247500863,1181.9197147479406
1741270900,2000,,Aggregated,217.400000,0.200000,8,10,11,12,16,19,130,134000,135000,135000,135000,108067,2117,8,2639.625927659991,1.7251030076295137,135306.28247500863,1182.0921928063146
1741270901,2000,,Aggregated,217.400000,0.200000,8,10,11,12,16,19,130,134000,135000,135000,135000,108067,2117,8,2639.625927659991,1.7251030076295137,135306.28247500863,1182.0921928063146
1741270902,2000,,Aggregated,219.800000,1.400000,8,10,11,12,16,19,140,134000,135000,135000,135000,108240,2121,8,2640.386967386229,1.7251030076295137,135306.28247500863,1181.7720251293422
1741270903,2000,,Aggregated,224.500000,3.400000,8,10,11,12,16,19,170,134000,135000,135000,135000,108771,2142,8,2653.464918399513,1.7251030076295137,135306.28247500863,1181.5075433709353
1741270904,2000,,Aggregated,224.500000,3.400000,8,10,11,12,16,19,170,134000,135000,135000,135000,108771,2142,8,2653.464918399513,1.7251030076295137,135306.28247500863,1181.5075433709353
1741270905,2000,,Aggregated,223.200000,3.400000,8,10,11,12,16,19,630,134000,135000,135000,135000,108943,2152,8,2661.6245607367823,1.7251030076295137,135306.28247500863,1181.5950542944477
1741270906,2000,,Aggregated,225.600000,5.300000,8,10,11,12,16,19,730,134000,135000,135000,135000,109434,2167,8,2668.126205100212,1.7251030076295137,135306.28247500863,1181.7061151013397
1741270907,2000,,Aggregated,225.600000,5.300000,8,10,11,12,16,19,730,134000,135000,135000,135000,109434,2167,8,2668.126205100212,1.7251030076295137,135306.28247500863,1181.7061151013397
1741270908,2000,,Aggregated,228.600000,7.200000,8,10,11,12,16,19,1000,134000,135000,135000,135000,109600,2172,8,2670.221660598972,1.7251030076295137,135306.28247500863,1181.3395346715329
1741270909,2000,,Aggregated,229.700000,9.100000,8,10,11,12,16,19,133000,134000,135000,135000,135000,110141,2207,8,2699.8074015042926,1.7251030076295137,135306.28247500863,1180.708019720177
1741270910,2000,,Aggregated,229.700000,9.100000,8,10,11,12,16,19,133000,134000,135000,135000,135000,110141,2207,8,2699.8074015042926,1.7251030076295137,135306.28247500863,1180.708019720177
1741270911,2000,,Aggregated,230.300000,9.100000,8,10,11,12,16,19,133000,134000,135000,135000,135000,110309,2218,8,2709.090296188565,1.7251030076295137,135306.28247500863,1180.5570352373786
1741270912,2000,,Aggregated,231.400000,10.300000,8,10,11,12,16,19,133000,134000,135000,135000,135000,110835,2228,8,2708.402915250656,1.7251030076295137,135306.28247500863,1180.0767627554474
1741270913,2000,,Aggregated,231.400000,10.300000,8,10,11,12,16,19,133000,134000,135000,135000,135000,110835,2228,8,2708.402915250656,1.7251030076295137,135306.28247500863,1180.0767627554474
1741270914,2000,,Aggregated,231.700000,9.900000,8,10,11,12,16,19,133000,134000,135000,135000,135000,111003,2234,8,2711.5580011397838,1.7251030076295137,135306.28247500863,1180.4969505328684
1741270915,2000,,Aggregated,230.000000,10.500000,8,10,11,12,16,19,133000,134000,135000,135000,135000,111518,2261,8,2731.572772961947,1.7251030076295137,135306.28247500863,1180.64905217095
1741270916,2000,,Aggregated,230.000000,10.500000,8,10,11,12,16,19,133000,134000,135000,135000,135000,111518,2261,8,2731.572772961947,1.7251030076295137,135306.28247500863,1180.64905217095
1741270917,2000,,Aggregated,231.200000,10.500000,8,10,11,12,16,19,133000,134000,135000,135000,135000,111690,2266,8,2733.400006903325,1.7251030076295137,135306.28247500863,1180.6045124899274
1741270918,2000,,Aggregated,232.900000,10.700000,8,10,11,12,16,19,133000,134000,135000,135000,135000,112208,2287,8,2745.9662450533433,1.7251030076295137,135306.28247500863,1180.5530443462142
1741270919,2000,,Aggregated,232.900000,10.700000,8,10,11,12,16,19,133000,134000,135000,135000,135000,112208,2287,8,2745.9662450533433,1.7251030076295137,135306.28247500863,1180.5530443462142
1741270920,2000,,Aggregated,231.600000,10.400000,8,10,11,12,16,19,133000,134000,135000,135000,135000,112378,2297,8,2753.757615538153,1.7251030076295137,135306.28247500863,1180.2941501005535
1741270921,2000,,Aggregated,231.200000,9.800000,8,10,11,12,16,19,133000,134000,135000,135000,135000,112893,2323,8,2772.1534503386565,1.7251030076295137,135306.28247500863,1179.583650004872
1741270922,2000,,Aggregated,231.200000,9.800000,8,10,11,12,16,19,133000,134000,135000,135000,135000,112893,2323,8,2772.1534503386565,1.7251030076295137,135306.28247500863,1179.583650004872
1741270923,2000,,Aggregated,227.900000,9.800000,8,10,11,12,16,19,133000,134000,135000,135000,135000,113061,2327,8,2772.7920500103037,1.7251030076295137,135306.28247500863,1179.556823307772
1741270924,2000,,Aggregated,227.300000,10.400000,8,10,11,12,16,19,133000,134000,135000,135000,135000,113575,2343,8,2779.198277648669,1.7251030076295137,135306.28247500863,1179.6527404798592
1741270925,2000,,Aggregated,227.300000,10.400000,8,10,11,12,16,19,133000,134000,135000,135000,135000,113575,2343,8,2779.198277648669,1.7251030076295137,135306.28247500863,1179.6527404798592
1741270926,2000,,Aggregated,229.200000,9.500000,8,10,11,12,16,19,133000,134000,135000,135000,135000,113748,2352,8,2785.6047014662113,1.7251030076295137,135306.28247500863,1179.7058146077293
1741270927,2000,,Aggregated,228.500000,9.200000,8,10,11,12,16,20,133000,134000,135000,135000,135000,114280,2377,8,2802.0708676194035,1.7251030076295137,135306.28247500863,1179.4211148057402
1741270928,2000,,Aggregated,228.500000,9.200000,8,10,11,12,16,20,133000,134000,135000,135000,135000,114280,2377,8,2802.0708676194035,1.7251030076295137,135306.28247500863,1179.4211148057402
1741270929,2000,,Aggregated,228.200000,9.200000,8,10,11,12,16,20,133000,134000,135000,135000,135000,114446,2384,8,2806.213906346659,1.7251030076295137,135306.28247500863,1179.510887230659
1741270930,2000,,Aggregated,229.900000,9.800000,8,10,11,12,16,20,133000,134000,135000,135000,135000,114944,2408,8,2822.1142036562987,1.7251030076295137,135306.28247500863,1179.101127505568
1741270931,2000,,Aggregated,229.900000,9.800000,8,10,11,12,16,20,133000,134000,135000,135000,135000,114944,2408,8,2822.1142036562987,1.7251030076295137,135306.28247500863,1179.101127505568
1741270932,2000,,Aggregated,228.800000,10.200000,8,10,11,12,16,20,133000,134000,135000,135000,135000,115124,2422,8,2834.0423405754977,1.7251030076295137,135306.28247500863,1179.0671449914873
1741270933,2000,,Aggregated,229.100000,10.800000,8,10,11,12,16,20,133000,134000,135000,135000,135000,115650,2448,8,2851.385060607122,1.7251030076295137,135306.28247500863,1178.6314569822741
1741270934,2000,,Aggregated,229.100000,10.800000,8,10,11,12,16,20,133000,134000,135000,135000,135000,115650,2448,8,2851.385060607122,1.7251030076295137,135306.28247500863,1178.6314569822741
1741270935,2000,,Aggregated,228.900000,10.800000,8,10,11,12,16,20,133000,134000,135000,135000,135000,115816,2452,8,2851.9350756366894,1.7251030076295137,135306.28247500863,1178.7747979553776
1741270936,2000,,Aggregated,229.600000,11.100000,8,10,11,12,16,20,133000,134000,135000,135000,135000,116326,2475,8,2866.0693154695746,1.7251030076295137,135306.28247500863,1178.5407905369393
1741270937,2000,,Aggregated,229.600000,11.100000,8,10,11,12,16,20,133000,134000,135000,135000,135000,116326,2475,8,2866.0693154695746,1.7251030076295137,135306.28247500863,1178.5407905369393
1741270938,2000,,Aggregated,229.400000,11.100000,8,10,11,12,16,20,133000,134000,135000,135000,135000,116498,2484,8,2872.2220827819083,1.7251030076295137,135306.28247500863,1178.4564971072464
1741270939,2000,,Aggregated,227.700000,11.100000,8,10,11,12,16,20,133000,134000,135000,135000,135000,117027,2509,8,2887.9936369869297,1.7251030076295137,135306.28247500863,1178.816794414964
1741270940,2000,,Aggregated,227.700000,11.100000,8,10,11,12,16,20,133000,134000,135000,135000,135000,117027,2509,8,2887.9936369869297,1.7251030076295137,135306.28247500863,1178.816794414964
1741270941,2000,,Aggregated,228.200000,11.100000,8,10,11,12,16,20,133000,134000,135000,135000,135000,117195,2512,8,2887.300918591233,1.7251030076295137,135306.28247500863,1178.8405904688766
1741270942,2000,,Aggregated,230.900000,10.600000,8,10,11,12,16,20,133000,134000,135000,135000,135000,117711,2534,8,2899.756795678278,1.7251030076295137,135306.28247500863,1178.987494796578
1741270943,2000,,Aggregated,230.900000,10.600000,8,10,11,12,16,20,133000,134000,135000,135000,135000,117711,2534,8,2899.756795678278,1.7251030076295137,135306.28247500863,1178.987494796578
1741270944,2000,,Aggregated,226.700000,7.800000,8,10,11,12,16,20,133000,134000,135000,135000,135000,117895,2543,8,2905.481169310301,1.7251030076295137,135306.28247500863,1178.8109928326053
1741270945,2000,,Aggregated,228.200000,8.200000,8,10,11,12,16,20,133000,134000,135000,135000,135000,118403,2558,8,2910.069190667507,1.7251030076295137,135306.28247500863,1178.9972297999207
1741270946,2000,,Aggregated,228.200000,8.200000,8,10,11,12,16,20,133000,134000,135000,135000,135000,118403,2558,8,2910.069190667507,1.7251030076295137,135306.28247500863,1178.9972297999207
1741270947,2000,,Aggregated,229.100000,9.900000,8,10,11,12,16,20,133000,134000,135000,135000,135000,118565,2564,8,2912.9108779511826,1.7251030076295137,135306.28247500863,1179.254349934635
1741270948,2000,,Aggregated,230.200000,10.200000,8,10,11,12,16,20,133000,134000,135000,135000,135000,119067,2590,8,2929.9855505356186,1.7251030076295137,135306.28247500863,1179.1536277893958
1741270949,2000,,Aggregated,230.200000,10.200000,8,10,11,12,16,20,133000,134000,135000,135000,135000,119067,2590,8,2929.9855505356186,1.7251030076295137,135306.28247500863,1179.1536277893958
1741270950,2000,,Aggregated,228.400000,7.800000,8,10,11,12,16,20,133000,134000,135000,135000,135000,119242,2601,8,2938.1247789655954,1.7251030076295137,135306.28247500863,1178.8894600895658
1741270951,2000,,Aggregated,226.600000,9.300000,8,10,11,12,16,20,133000,134000,135000,135000,135000,119757,2620,8,2946.827547527572,1.7251030076295137,135306.28247500863,1178.821104403083
1741270952,2000,,Aggregated,226.600000,9.300000,8,10,11,12,16,20,133000,134000,135000,135000,135000,119757,2620,8,2946.827547527572,1.7251030076295137,135306.28247500863,1178.821104403083
1741270953,2000,,Aggregated,229.300000,10.200000,8,10,11,12,16,20,133000,134000,135000,135000,135000,119919,2625,8,2948.4691820597836,1.7251030076295137,135306.28247500863,1178.7437103378113
1741270954,2000,,Aggregated,227.500000,9.600000,8,10,11,12,16,20,133000,134000,135000,135000,135000,120453,2649,8,2962.225387661918,1.7251030076295137,135306.28247500863,1178.414086822246
1741270955,2000,,Aggregated,227.500000,9.600000,8,10,11,12,16,20,133000,134000,135000,135000,135000,120453,2649,8,2962.225387661918,1.7251030076295137,135306.28247500863,1178.414086822246
1741270956,2000,,Aggregated,228.400000,9.600000,8,10,11,12,16,20,133000,134000,135000,135000,135000,120635,2655,8,2964.461891658399,1.7251030076295137,135306.28247500863,1178.5233224188669
1741270957,2000,,Aggregated,230.700000,10.000000,8,10,11,12,16,20,133000,134000,135000,135000,135000,121151,2678,8,2977.3630803915403,1.7251030076295137,135306.28247500863,1178.6881825160337
1741270958,2000,,Aggregated,230.700000,10.000000,8,10,11,12,16,20,133000,134000,135000,135000,135000,121151,2678,8,2977.3630803915403,1.7251030076295137,135306.28247500863,1178.6881825160337
1741270959,2000,,Aggregated,229.900000,10.300000,8,10,11,12,16,20,133000,134000,135000,135000,135000,121493,2690,8,2982.255328676405,1.7251030076295137,135306.28247500863,1178.581753681282
1741270960,2000,,Aggregated,229.300000,11.000000,8,10,11,12,16,20,133000,134000,135000,135000,135000,121842,2710,8,2995.80520608252,1.7251030076295137,135306.28247500863,1178.1294052953826
1741270961,2000,,Aggregated,229.300000,11.000000,8,10,11,12,16,20,133000,134000,135000,135000,135000,121842,2710,8,2995.80520608252,1.7251030076295137,135306.28247500863,1178.1294052953826
1741270962,2000,,Aggregated,228.600000,10.000000,8,10,11,12,16,20,133000,134000,135000,135000,135000,122179,2726,8,3005.1649432215227,1.7251030076295137,135306.28247500863,1177.7514957562266
1741270963,2000,,Aggregated,230.800000,10.000000,8,10,11,12,16,20,133000,134000,135000,135000,135000,122521,2737,8,3008.8405854332186,1.7251030076295137,135306.28247500863,1177.6762514181241
1741270964,2000,,Aggregated,230.800000,10.000000,8,10,11,12,16,20,133000,134000,135000,135000,135000,122521,2737,8,3008.8405854332186,1.7251030076295137,135306.28247500863,1177.6762514181241
1741270965,2000,,Aggregated,228.800000,10.500000,8,10,11,12,16,20,133000,134000,135000,135000,135000,122852,2747,8,3011.685617606286,1.7251030076295137,135306.28247500863,1177.5161657929866
1741270966,2000,,Aggregated,229.600000,9.600000,8,10,11,12,16,20,133000,134000,135000,135000,135000,123221,2766,8,3023.3601200835105,1.7251030076295137,135306.28247500863,1177.2844401522468
1741270967,2000,,Aggregated,228.200000,9.600000,8,10,11,12,16,20,133000,134000,135000,135000,135000,123380,2771,8,3024.9334857567796,1.7251030076295137,135306.28247500863,1177.3860188036958
1741270968,2000,,Aggregated,230.700000,9.600000,8,10,11,12,16,20,134000,134000,135000,135000,135000,123550,2783,8,3033.8373235277013,1.7251030076295137,135306.28247500863,1177.2431404289762
1741270969,2000,,Aggregated,231.000000,9.600000,8,10,11,12,16,20,134000,134000,135000,135000,135000,123891,2793,8,3036.3440337859306,1.7251030076295137,135306.28247500863,1177.7304081813852
1741270970,2000,,Aggregated,230.400000,9.500000,8,10,11,12,16,20,134000,134000,135000,135000,135000,124067,2805,8,3045.079532028223,1.7251030076295137,135306.28247500863,1177.8226925773977
1741270971,2000,,Aggregated,230.800000,9.500000,8,10,11,12,16,20,134000,134000,135000,135000,135000,124253,2810,8,3045.9265360281465,1.7251030076295137,135306.28247500863,1177.6515577088683
1741270972,2000,,Aggregated,230.700000,9.700000,8,10,11,12,16,20,134000,134000,135000,135000,135000,124609,2828,8,3056.6320585418844,1.7251030076295137,135306.28247500863,1177.589315378504
1741270973,2000,,Aggregated,231.500000,9.700000,8,10,11,12,16,20,134000,134000,135000,135000,135000,124786,2835,8,3059.832143416413,1.7251030076295137,135306.28247500863,1177.7028272402354
1741270974,2000,,Aggregated,231.500000,9.900000,8,10,11,12,16,20,134000,134000,135000,135000,135000,124956,2848,8,3069.635575291445,1.7251030076295137,135306.28247500863,1177.6129037421172
1741270975,2000,,Aggregated,231.700000,9.900000,8,10,11,12,16,20,134000,134000,135000,135000,135000,125279,2860,8,3074.6388612079522,1.7251030076295137,135306.28247500863,1177.7540848825422
1741270976,2000,,Aggregated,231.700000,11.200000,8,10,11,12,16,20,134000,134000,135000,135000,135000,125458,2871,8,3082.0016724678703,1.7251030076295137,135306.28247500863,1177.8601364600106
1741270977,2000,,Aggregated,229.800000,11.200000,8,10,11,12,16,20,134000,134000,135000,135000,135000,125630,2877,8,3084.208793703455,1.7251030076295137,135306.28247500863,1177.8059539918809
1741270978,2000,,Aggregated,231.100000,11.300000,8,10,11,12,16,20,134000,134000,135000,135000,135000,125990,2905,8,3105.25290920215,1.7251030076295137,135306.28247500863,1177.7405270259544
1741270979,2000,,Aggregated,229.500000,11.300000,8,10,11,12,16,20,134000,134000,135000,135000,135000,126150,2908,8,3104.515218387348,1.7251030076295137,135306.28247500863,1177.7218549346017
1741270980,2000,,Aggregated,231.700000,11.300000,8,10,11,12,16,20,134000,134000,135000,135000,135000,126324,2917,8,3109.8210021139685,1.7251030076295137,135306.28247500863,1177.6432506887052
1741270981,2000,,Aggregated,231.100000,11.300000,8,10,11,12,16,20,134000,134000,135000,135000,135000,126664,2924,8,3108.933298229448,1.7251030076295137,135306.28247500863,1177.4905655908547
1741270982,2000,,Aggregated,229.700000,11.100000,8,10,11,12,16,20,134000,134000,135000,135000,135000,126833,2933,8,3114.332667797897,1.7251030076295137,135306.28247500863,1177.4258670850645
1741270983,2000,,Aggregated,229.600000,11.100000,8,10,11,12,16,20,134000,134000,135000,135000,135000,127002,2936,8,3113.3888853178973,1.7251030076295137,135306.28247500863,1177.1704697563819
1741270984,2000,,Aggregated,224.700000,8.700000,8,10,11,12,16,20,134000,134000,135000,135000,135000,127338,2952,8,3122.07385792528,1.7251030076295137,135306.28247500863,1177.0784997408473
1741270985,2000,,Aggregated,230.800000,10.500000,8,10,11,12,16,20,134000,134000,135000,135000,135000,127519,2960,8,3126.085069996777,1.7251030076295137,135306.28247500863,1177.1177471592468
1741270986,2000,,Aggregated,225.500000,8.000000,8,10,11,12,16,20,134000,134000,135000,135000,135000,127702,2972,8,3134.2412888153194,1.7251030076295137,135306.28247500863,1177.068385773128
1741270987,2000,,Aggregated,232.800000,10.000000,8,10,11,12,16,20,134000,134000,135000,135000,135000,128064,2984,8,3138.0001269464146,1.7251030076295137,135306.28247500863,1177.0627264492753
1741270988,2000,,Aggregated,228.400000,7.500000,8,10,11,12,16,20,134000,134000,135000,135000,135000,128229,2995,8,3145.4902590422566,1.7251030076295137,135306.28247500863,1177.1194113656038
1741270989,2000,,Aggregated,230.800000,9.800000,8,10,11,12,16,20,134000,134000,135000,135000,135000,128399,3002,8,3148.656986310014,1.7251030076295137,135306.28247500863,1177.1495572395424
1741270990,2000,,Aggregated,225.900000,7.700000,8,10,11,12,16,20,134000,134000,135000,135000,135000,128731,3010,8,3148.91489171049,1.7251030076295137,135306.28247500863,1176.6713223699032
1741270991,2000,,Aggregated,229.800000,9.800000,8,10,11,12,16,20,134000,134000,135000,135000,135000,128902,3011,8,3145.7889104488772,1.7251030076295137,135306.28247500863,1176.7440070751425
1741270992,2000,,Aggregated,228.700000,8.200000,8,10,11,12,16,20,134000,134000,135000,135000,135000,129078,3023,8,3153.993961350123,1.7251030076295137,135306.28247500863,1176.6617471606316
1741270993,2000,,Aggregated,230.700000,10.500000,8,10,11,12,16,20,134000,134000,135000,135000,135000,129443,3046,8,3168.9733654768,1.7251030076295137,135306.28247500863,1176.6166420741176
1741270994,2000,,Aggregated,233.200000,10.500000,8,10,11,12,16,20,134000,134000,135000,135000,135000,129614,3057,8,3176.2116206422647,1.7251030076295137,135306.28247500863,1176.4573811470982
1741270995,2000,,Aggregated,230.800000,10.500000,8,10,11,12,16,20,134000,134000,135000,135000,135000,129778,3061,8,3176.339501023029,1.7251030076295137,135306.28247500863,1176.6345913791245
1741270996,2000,,Aggregated,232.100000,10.500000,8,10,11,12,16,20,134000,134000,135000,135000,135000,130115,3067,8,3174.332145259323,1.7251030076295137,135306.28247500863,1176.5192176151866
1741270997,2000,,Aggregated,229.900000,10.100000,8,10,11,12,16,20,134000,134000,135000,135000,135000,130300,3074,8,3177.0424222280417,1.7251030076295137,135306.28247500863,1176.5473829623945
1741270998,2000,,Aggregated,230.600000,10.100000,8,10,11,12,16,20,134000,134000,135000,135000,135000,130470,3078,8,3177.0205523769746,1.7251030076295137,135306.28247500863,1176.4716639840576
1741270999,2000,,Aggregated,229.300000,9.900000,8,10,11,12,16,20,134000,134000,135000,135000,135000,130817,3098,8,3189.180038931957,1.7251030076295137,135306.28247500863,1176.397104351881
1741271000,2000,,Aggregated,231.100000,9.900000,8,10,11,12,16,20,134000,134000,135000,135000,135000,130986,3101,8,3188.153107790664,1.7251030076295137,135306.28247500863,1176.2577298337226
1741271001,2000,,Aggregated,229.700000,9.500000,8,10,11,12,16,20,134000,134000,135000,135000,135000,131171,3109,8,3191.8697967468343,1.7251030076295137,135306.28247500863,1176.2129129152022
1741271002,2000,,Aggregated,230.900000,9.500000,8,10,11,12,16,20,134000,134000,135000,135000,135000,131502,3121,8,3196.128712096921,1.7251030076295137,135306.28247500863,1175.9268908457666
1741271003,2000,,Aggregated,230.400000,9.300000,8,10,11,12,16,20,134000,134000,135000,135000,135000,131674,3129,8,3200.1589815226343,1.7251030076295137,135306.28247500863,1176.0061895286844
1741271004,2000,,Aggregated,229.400000,9.300000,8,10,11,12,16,20,134000,134000,135000,135000,135000,131850,3131,8,3197.9397230517898,1.7251030076295137,135306.28247500863,1176.0100720515738
1741271005,2000,,Aggregated,228.100000,8.800000,8,10,11,12,16,20,134000,134000,135000,135000,135000,132184,3139,8,3198.0268081863114,1.7251030076295137,135306.28247500863,1176.1171397445985
1741271006,2000,,Aggregated,229.800000,8.800000,8,10,11,12,16,20,134000,134000,135000,135000,135000,132355,3141,8,3195.937207036578,1.7251030076295137,135306.28247500863,1175.8781534509462
1741271007,2000,,Aggregated,226.900000,7.500000,8,10,11,12,16,20,134000,134000,135000,135000,135000,132511,3142,8,3193.2055638812876,1.7251030076295137,135306.28247500863,1175.7805465206661
1741271008,2000,,Aggregated,226.400000,7.500000,8,10,11,12,16,20,134000,134000,135000,135000,135000,132837,3142,8,3185.390859167374,1.7251030076295137,135306.28247500863,1176.1873499100402
1741271009,2000,,Aggregated,225.000000,5.400000,8,10,11,12,16,20,134000,134000,135000,135000,135000,132994,3142,8,3181.641445361363,1.7251030076295137,135306.28247500863,1176.4007398830022
1741271010,2000,,Aggregated,225.100000,5.400000,8,10,11,12,16,20,134000,134000,135000,135000,135000,133164,3142,8,3177.5920770815014,1.7251030076295137,135306.28247500863,1176.4048992220119
1741271011,2000,,Aggregated,221.900000,3.700000,8,10,11,12,16,20,134000,134000,135000,135000,135000,133494,3142,8,3169.7590915783867,1.7251030076295137,135306.28247500863,1176.3987744767555
1741271012,2000,,Aggregated,222.700000,3.700000,8,10,11,12,16,20,134000,134000,135000,135000,135000,133650,3142,8,3166.0706387715,1.7251030076295137,135306.28247500863,1176.4411971567527
1741271013,2000,,Aggregated,220.400000,1.600000,8,10,11,12,16,20,134000,134000,135000,135000,135000,133814,3142,8,3162.2017625577528,1.7251030076295137,135306.28247500863,1176.5731388345016
1741271014,2000,,Aggregated,222.100000,1.600000,8,10,11,12,16,20,134000,134000,135000,135000,135000,134148,3142,8,3154.350910580435,1.7251030076295137,135306.28247500863,1176.795569072964
1741271015,2000,,Aggregated,220.700000,0.300000,8,10,11,12,16,20,134000,134000,135000,135000,135000,134321,3142,8,3150.299029282266,1.7251030076295137,135306.28247500863,1176.9104309824972
1741271016,2000,,Aggregated,219.600000,0.300000,8,10,11,12,16,20,134000,134000,135000,135000,135000,134487,3142,8,3146.422280357487,1.7251030076295137,135306.28247500863,1177.0210949757225
1741271017,2000,,Aggregated,221.000000,0.000000,8,10,11,12,16,20,134000,134000,135000,135000,135000,134821,3142,8,3138.6490411352406,1.7251030076295137,135306.28247500863,1176.9714362005918
1741271018,2000,,Aggregated,218.000000,0.000000,8,10,11,12,16,20,134000,134000,135000,135000,135000,134983,3142,8,3134.8930645107557,1.7251030076295137,135306.28247500863,1177.0191135179987
1741271019,2000,,Aggregated,219.500000,0.000000,8,10,11,12,16,20,134000,134000,135000,135000,135000,135142,3142,8,3131.2157572689266,1.7251030076295137,135306.28247500863,1177.1182533927276
1741271020,2000,,Aggregated,220.900000,0.000000,8,10,11,12,16,20,134000,134000,135000,135000,135000,135464,3142,8,3123.7946027228368,1.7251030076295137,135306.28247500863,1177.199425677671
1741271021,2000,,Aggregated,219.200000,0.000000,8,10,11,12,16,20,134000,134000,135000,135000,135000,135628,3142,8,3120.028282094187,1.7251030076295137,135306.28247500863,1177.293788893149
1741271022,2000,,Aggregated,219.400000,0.000000,8,10,11,12,16,20,134000,134000,135000,135000,135000,135792,3142,8,3116.2713349569317,1.7251030076295137,135306.28247500863,1177.1607679392012
1741271023,2000,,Aggregated,220.100000,0.000000,8,10,11,12,16,20,134000,134000,135000,135000,135000,136116,3142,8,3108.87572734361,1.7251030076295137,135306.28247500863,1177.2412721502249
1741271024,2000,,Aggregated,219.100000,0.000000,8,10,11,12,16,20,134000,134000,135000,135000,135000,136292,3142,8,3104.872763432249,1.7251030076295137,135306.28247500863,1177.2627740439643
1741271025,2000,,Aggregated,218.100000,0.000000,8,10,11,12,16,20,134000,134000,135000,135000,135000,136459,3142,8,3101.083440894766,1.7251030076295137,135306.28247500863,1177.3534175100212
1741271026,2000,,Aggregated,220.700000,0.000000,8,10,11,12,16,20,134000,134000,135000,135000,135000,136803,3142,8,3093.307786121999,1.7251030076295137,135306.28247500863,1177.344846238752
1741271027,2000,,Aggregated,216.900000,0.000000,8,10,11,12,16,20,134000,134000,135000,135000,135000,136964,3142,8,3089.6819449010363,1.7251030076295137,135306.28247500863,1177.4227753278233
1741271028,2000,,Aggregated,223.000000,0.000000,8,10,11,12,16,20,134000,134000,135000,135000,135000,137137,3142,8,3085.795524055758,1.7251030076295137,135306.28247500863,1177.4756119792617
1741271029,2000,,Aggregated,220.500000,0.000000,8,10,11,12,16,20,134000,134000,135000,135000,135000,137457,3142,8,3078.633525228569,1.7251030076295137,135306.28247500863,1177.4288104643633
1741271030,2000,,Aggregated,219.100000,0.000000,8,10,11,12,16,20,134000,134000,135000,135000,135000,137617,3142,8,3075.0645349468996,1.7251030076295137,135306.28247500863,1177.5486822122266
1741271031,2000,,Aggregated,221.600000,0.000000,8,10,11,12,16,20,134000,134000,135000,135000,135000,137781,3142,8,3071.414788032373,1.7251030076295137,135306.28247500863,1177.5435872870714
1741271032,2000,,Aggregated,220.900000,0.000000,8,10,11,12,16,20,134000,134000,135000,135000,135000,138114,3142,8,3064.031836050249,1.7251030076295137,135306.28247500863,1177.5444994714512
1741271033,2000,,Aggregated,221.800000,0.000000,8,10,11,12,16,20,134000,134000,135000,135000,135000,138281,3142,8,3060.342873684404,1.7251030076295137,135306.28247500863,1177.444710408516
1741271034,2000,,Aggregated,220.100000,0.000000,8,10,11,12,16,20,134000,134000,135000,135000,135000,138445,3145,8,3059.639822229822,1.7251030076295137,135306.28247500863,1177.2907002780887
1741271035,2000,,Aggregated,221.000000,0.000000,8,10,11,12,16,20,134000,134000,135000,135000,135000,138783,3149,8,3056.0598431259377,1.7251030076295137,135306.28247500863,1177.229451734002
1741271036,2000,,Aggregated,219.800000,0.700000,8,10,11,12,16,20,134000,134000,135000,135000,135000,138951,3152,8,3055.273586692525,1.7251030076295137,135306.28247500863,1177.1137955106476
1741271037,2000,,Aggregated,221.700000,0.700000,8,10,11,12,16,20,134000,134000,135000,135000,135000,139128,3163,8,3062.0221129538563,1.7251030076295137,135306.28247500863,1177.080824851935
1741271038,2000,,Aggregated,218.500000,2.200000,8,10,11,12,16,20,134000,134000,135000,135000,135000,139479,3178,8,3068.793390290143,1.7251030076295137,135306.28247500863,1177.0847152617957
1741271039,2000,,Aggregated,222.000000,2.200000,8,10,11,12,16,20,134000,134000,135000,135000,135000,139653,3190,8,3076.533036657628,1.7251030076295137,135306.28247500863,1177.0559816115658
1741271040,2000,,Aggregated,224.400000,4.000000,8,10,11,12,16,20,134000,134000,135000,135000,135000,139820,3194,8,3076.7073435764337,1.7251030076295137,135306.28247500863,1177.1410670862538
1741271041,2000,,Aggregated,221.100000,4.000000,8,10,11,12,16,20,134000,134000,135000,135000,135000,140138,3204,8,3079.338567525434,1.7251030076295137,135306.28247500863,1177.2462715323468
1741271042,2000,,Aggregated,225.800000,6.200000,8,10,11,12,16,20,134000,134000,135000,135000,135000,140306,3207,8,3078.530101857,1.7251030076295137,135306.28247500863,1177.1245420723276
1741271043,2000,,Aggregated,222.900000,6.200000,8,10,11,12,16,20,134000,134000,135000,135000,135000,140476,3211,8,3078.6430844350302,1.7251030076295137,135306.28247500863,1177.3437526694952
1741271044,2000,,Aggregated,226.500000,7.800000,8,10,11,12,16,20,134000,134000,135000,135000,135000,140835,3238,8,3096.554455108789,1.7251030076295137,135306.28247500863,1177.1532431568858
1741271045,2000,,Aggregated,226.500000,7.800000,8,10,11,12,16,20,134000,134000,135000,135000,135000,141005,3245,8,3099.4975678488854,1.7251030076295137,135306.28247500863,1176.9545335271798
1741271046,2000,,Aggregated,228.700000,10.100000,8,10,11,12,16,20,134000,134000,135000,135000,135000,141183,3258,8,3107.9622400654603,1.7251030076295137,135306.28247500863,1176.8047640296636
1741271047,2000,,Aggregated,229.200000,10.100000,8,10,11,12,16,20,134000,134000,135000,135000,135000,141529,3267,8,3108.917800595952,1.7251030076295137,135306.28247500863,1176.5700739777712
1741271048,2000,,Aggregated,231.500000,10.700000,8,10,11,12,16,20,134000,134000,135000,135000,135000,141703,3276,8,3113.635205444448,1.7251030076295137,135306.28247500863,1176.590714381488
1741271049,2000,,Aggregated,228.800000,10.700000,8,10,11,12,16,20,134000,134000,135000,135000,135000,141868,3278,8,3111.9070466359335,1.7251030076295137,135306.28247500863,1176.538733188598
1741271050,2000,,Aggregated,228.500000,10.500000,8,10,11,12,16,20,134000,134000,135000,135000,135000,142219,3300,8,3124.980980527635,1.7251030076295137,135306.28247500863,1176.514635878469
1741271051,2000,,Aggregated,232.000000,10.500000,8,10,11,12,16,20,134000,134000,135000,135000,135000,142391,3306,8,3126.8758282269087,1.7251030076295137,135306.28247500863,1176.4753530770906
1741271052,2000,,Aggregated,229.900000,10.600000,8,10,11,12,16,20,134000,134000,135000,135000,135000,142572,3318,8,3134.216361651739,1.7251030076295137,135306.28247500863,1176.4234281626125
1741271053,2000,,Aggregated,230.000000,10.600000,8,10,11,12,16,20,134000,134000,135000,135000,135000,142905,3324,8,3132.57491111704,1.7251030076295137,135306.28247500863,1176.4043595395542
1741271054,2000,,Aggregated,230.400000,10.800000,8,10,11,12,16,20,134000,134000,135000,135000,135000,143069,3334,8,3138.386521743547,1.7251030076295137,135306.28247500863,1176.3630975263684
1741271055,2000,,Aggregated,231.200000,10.800000,8,10,11,12,16,20,134000,134000,135000,135000,135000,143232,3339,8,3139.5155315842176,1.7251030076295137,135306.28247500863,1176.4517007372654
1741271056,2000,,Aggregated,227.900000,9.400000,8,10,11,12,16,20,134000,134000,135000,135000,135000,143590,3359,8,3150.436264132199,1.7251030076295137,135307.1149919997,1176.4482972351834
1741271057,2000,,Aggregated,227.700000,9.400000,8,10,11,12,16,20,134000,134000,135000,135000,135000,143758,3364,8,3151.4379498673707,1.7251030076295137,135307.1149919997,1176.4830896367507
1741271058,2000,,Aggregated,229.900000,9.700000,8,10,11,12,16,20,134000,134000,135000,135000,135000,143922,3370,8,3153.4532279265813,1.7251030076295137,135307.1149919997,1176.3937132613498
1741271059,2000,,Aggregated,227.800000,9.700000,8,10,11,12,16,20,134000,134000,135000,135000,135000,144263,3381,8,3156.257216149223,1.7251030076295137,135307.1149919997,1176.1180898775153
1741271060,2000,,Aggregated,229.100000,9.900000,8,10,11,12,16,20,134000,134000,135000,135000,135000,144449,3390,8,3160.5679814211135,1.7251030076295137,135307.1149919997,1176.0706546947365
1741271061,2000,,Aggregated,227.500000,9.900000,8,10,11,12,16,20,134000,134000,135000,135000,135000,144613,3398,8,3164.442127295331,1.7251030076295137,135307.1149919997,1175.9886040674076
1741271062,2000,,Aggregated,227.400000,9.300000,8,10,11,12,16,20,134000,134000,135000,135000,135000,144964,3415,8,3172.5305828482765,1.7251030076295137,135307.1149919997,1176.100411136558
1741271063,2000,,Aggregated,227.100000,9.300000,8,10,11,12,16,20,134000,134000,135000,135000,135000,145128,3419,8,3172.649964527071,1.7251030076295137,135307.1149919997,1176.2124676147953
1741271064,2000,,Aggregated,227.800000,9.600000,8,10,11,12,16,20,134000,134000,135000,135000,135000,145298,3428,8,3177.262177682911,1.7251030076295137,135307.1149919997,1176.267512285097
1741271065,2000,,Aggregated,226.400000,9.600000,8,10,11,12,16,20,134000,134000,135000,135000,135000,145636,3437,8,3178.208011415714,1.7251030076295137,135307.1149919997,1176.2402496635448
1741271066,2000,,Aggregated,228.100000,10.000000,8,10,11,12,16,20,134000,134000,135000,135000,135000,145807,3450,8,3186.465258955288,1.7251030076295137,135307.1149919997,1176.4120035389246
1741271067,2000,,Aggregated,228.600000,10.000000,8,10,11,12,16,20,134000,134000,135000,135000,135000,145984,3454,8,3186.2927747249323,1.7251030076295137,135307.1149919997,1176.646146153003
1741271068,2000,,Aggregated,227.300000,10.400000,8,10,11,12,16,20,134000,134000,135000,135000,135000,146345,3482,8,3204.1431075708415,1.7251030076295137,135307.1149919997,1176.5974033960847
1741271069,2000,,Aggregated,229.400000,10.400000,8,10,11,12,16,20,134000,134000,135000,135000,135000,146517,3490,8,3207.733399895635,1.7251030076295137,135307.1149919997,1176.4837254380038
1741271070,2000,,Aggregated,227.100000,8.600000,8,10,11,12,16,20,134000,134000,135000,135000,135000,146683,3502,8,3215.0875950467403,1.7251030076295137,135307.1149919997,1176.5141086560816
1741271071,2000,,Aggregated,229.300000,11.100000,8,10,11,12,16,20,134000,134000,135000,135000,135000,147010,3512,8,3217.0942190954975,1.7251030076295137,135307.1149919997,1176.2724848649752
1741271072,2000,,Aggregated,227.200000,9.400000,8,10,11,12,16,20,134000,134000,135000,135000,135000,147178,3519,8,3219.8257710672165,1.7251030076295137,135307.1149919997,1176.3030344209053
1741271073,2000,,Aggregated,230.100000,11.100000,8,10,11,12,16,20,134000,134000,135000,135000,135000,147343,3525,8,3221.6892396029934,1.7251030076295137,135307.1149919997,1176.5077811636793
1741271074,2000,,Aggregated,226.600000,9.000000,8,10,11,12,16,20,134000,134000,135000,135000,135000,147706,3545,8,3231.96995895072,1.7251030076295137,135307.1149919997,1176.3205963197163
1741271075,2000,,Aggregated,230.600000,11.400000,8,10,11,12,16,20,134000,134000,135000,135000,135000,147870,3549,8,3232.0385122978773,1.7251030076295137,135307.1149919997,1176.2797051464124
1741271076,2000,,Aggregated,227.800000,9.400000,8,10,11,12,16,20,134000,134000,135000,135000,135000,148053,3565,8,3242.5435591709465,1.7251030076295137,135307.1149919997,1176.1485616637285
1741271077,2000,,Aggregated,229.800000,11.000000,8,10,11,12,16,20,134000,134000,135000,135000,135000,148385,3573,8,3242.5559611264703,1.7251030076295137,135307.1149919997,1176.0532601004145
1741271078,2000,,Aggregated,226.000000,8.200000,8,10,11,12,16,20,134000,134000,135000,135000,135000,148558,3584,8,3248.7190404856906,1.7251030076295137,135307.1149919997,1176.0847884328007
1741271079,2000,,Aggregated,230.500000,10.900000,8,10,11,12,16,20,134000,134000,135000,135000,135000,148724,3585,8,3246.00930366415,1.7251030076295137,135307.1149919997,1176.0362752481105
1741271080,2000,,Aggregated,227.100000,10.900000,8,10,11,12,16,20,134000,134000,135000,135000,135000,149064,3596,8,3248.5205687007397,1.7251030076295137,135307.1149919997,1175.9856370418076
1741271081,2000,,Aggregated,228.300000,9.900000,8,10,11,12,16,20,134000,134000,135000,135000,135000,149226,3600,8,3248.5945569094724,1.7251030076295137,135307.1149919997,1176.0386259767065
1741271082,2000,,Aggregated,228.400000,9.900000,8,10,11,12,16,20,134000,134000,135000,135000,135000,149405,3608,8,3251.9244773449755,1.7251030076295137,135307.1149919997,1175.9969679729595
1741271083,2000,,Aggregated,229.000000,9.900000,8,10,11,12,16,20,134000,134000,135000,135000,135000,149773,3627,8,3260.9998032120907,1.7251030076295137,135307.1149919997,1175.817423701201
1741271084,2000,,Aggregated,229.100000,9.900000,8,10,11,12,16,20,134000,134000,135000,135000,135000,149945,3632,8,3261.754172256191,1.7251030076295137,135307.1149919997,1175.6933742372203
1741271085,2000,,Aggregated,229.500000,9.400000,8,10,11,12,16,20,134000,134000,135000,135000,135000,150116,3636,8,3261.627858818402,1.7251030076295137,135307.1149919997,1175.7610447920274
1741271086,2000,,Aggregated,230.100000,9.400000,8,10,11,12,16,20,134000,134000,135000,135000,135000,150456,3648,8,3264.9757501857353,1.7251030076295137,135307.1149919997,1175.6247075556973
1741271087,2000,,Aggregated,231.300000,9.900000,8,10,11,12,16,20,134000,134000,135000,135000,135000,150627,3659,8,3271.0753219314333,1.7251030076295137,135307.1149919997,1175.6321177478142
1741271088,2000,,Aggregated,230.100000,9.900000,8,10,11,12,16,20,134000,134000,135000,135000,135000,150791,3667,8,3274.645844727742,1.7251030076295137,135307.1149919997,1175.6737471069227
1741271089,2000,,Aggregated,230.900000,9.700000,8,10,11,12,16,20,134000,134000,135000,135000,135000,151147,3686,8,3283.825237552966,1.7251030076295137,135307.1149919997,1175.6237239243915
1741271090,2000,,Aggregated,232.800000,9.700000,8,10,11,12,16,20,134000,134000,135000,135000,135000,151328,3693,8,3286.1151362637966,1.7251030076295137,135307.1149919997,1175.4684922816664
1741271091,2000,,Aggregated,231.500000,9.900000,8,10,11,12,16,20,134000,134000,135000,135000,135000,151511,3700,8,3288.3533534777816,1.7251030076295137,135307.1149919997,1175.473199965679
1741271092,2000,,Aggregated,232.100000,9.900000,8,10,11,12,16,20,134000,134000,135000,135000,135000,151854,3711,8,3290.6673621138134,1.7251030076295137,135307.1149919997,1175.281717965941
1741271093,2000,,Aggregated,233.600000,10.200000,8,10,11,12,16,20,134000,134000,135000,135000,135000,152019,3719,8,3294.163191111585,1.7251030076295137,135307.1149919997,1175.2908912701703
1741271094,2000,,Aggregated,232.600000,10.200000,8,10,11,12,16,20,134000,134000,135000,135000,135000,152188,3726,8,3296.7099761500517,1.7251030076295137,135307.1149919997,1175.1807304123847
1741271095,2000,,Aggregated,231.800000,10.300000,8,10,11,12,16,20,134000,134000,135000,135000,135000,152548,3750,8,3310.1150342736864,1.7251030076295137,135307.1149919997,1174.9270918006137
1741271096,2000,,Aggregated,232.200000,10.300000,8,10,11,12,16,20,134000,134000,135000,135000,135000,152719,3757,8,3312.5626184585367,1.7251030076295137,135307.1149919997,1174.9502550435768
1741271097,2000,,Aggregated,231.600000,10.800000,8,10,11,12,16,20,134000,134000,135000,135000,135000,152889,3764,8,3315.034692759762,1.7251030076295137,135307.1149919997,1174.9777747254543
1741271098,2000,,Aggregated,234.800000,10.800000,8,10,11,12,16,20,134000,134000,135000,135000,135000,153222,3769,8,3312.2220514454484,1.7251030076295137,135307.1149919997,1175.0541893461775
1741271099,2000,,Aggregated,229.800000,9.600000,8,10,11,12,16,20,134000,134000,135000,135000,135000,153408,3776,8,3314.345591725742,1.7251030076295137,135307.1149919997,1175.074279046725
1741271100,2000,,Aggregated,230.200000,9.600000,8,10,11,12,16,20,134000,134000,135000,135000,135000,153580,3782,8,3315.8947719167127,1.7251030076295137,135307.1149919997,1175.0577614272693
1741271101,2000,,Aggregated,232.600000,9.800000,8,10,11,12,16,20,134000,134000,135000,135000,135000,153930,3806,8,3329.290243997998,1.7251030076295137,135307.1149919997,1174.9123887481323
1741271102,2000,,Aggregated,231.200000,9.800000,8,10,11,12,16,20,134000,134000,135000,135000,135000,154102,3810,8,3329.069045667797,1.7251030076295137,135307.1149919997,1174.9127461032303
1741271103,2000,,Aggregated,228.100000,9.900000,8,10,11,12,16,20,134000,135000,135000,135000,135000,154285,3822,8,3335.5756726085997,1.7251030076295137,135307.1149919997,1174.6842272417928
1741271104,2000,,Aggregated,232.300000,9.900000,8,10,11,12,16,20,134000,134000,135000,135000,135000,154623,3829,8,3334.378292963056,1.7251030076295137,135307.1149919997,1174.6786441861818
1741271105,2000,,Aggregated,230.600000,10.000000,8,10,11,12,16,20,134000,135000,135000,135000,135000,154797,3842,8,3341.9213125157316,1.7251030076295137,135307.1149919997,1174.625251135358
1741271106,2000,,Aggregated,230.600000,10.000000,8,10,11,12,16,20,134000,135000,135000,135000,135000,154970,3845,8,3340.795205008156,1.7251030076295137,135307.1149919997,1174.5207717622766
1741271107,2000,,Aggregated,229.200000,9.300000,8,10,11,12,16,20,134000,135000,135000,135000,135000,155322,3864,8,3349.6700715981456,1.7251030076295137,135307.1149919997,1174.3677521535906
1741271108,2000,,Aggregated,230.300000,9.300000,8,10,11,12,16,20,134000,135000,135000,135000,135000,155497,3872,8,3352.808800855665,1.7251030076295137,135307.1149919997,1174.2040425217206
1741271109,2000,,Aggregated,232.700000,10.200000,8,10,11,12,16,20,134000,135000,135000,135000,135000,155676,3882,8,3357.6057120169157,1.7251030076295137,135307.1149919997,1174.129332716668
1741271110,2000,,Aggregated,232.000000,10.200000,8,10,11,12,16,20,134000,135000,135000,135000,135000,156006,3894,8,3360.8340868874357,1.7251030076295137,135307.1149919997,1174.0772534389703
1741271111,2000,,Aggregated,230.700000,10.600000,8,10,11,12,16,20,134000,135000,135000,135000,135000,156175,3904,8,3365.7994000922577,1.7251030076295137,135307.1149919997,1173.9555626700817
1741271112,2000,,Aggregated,231.700000,10.600000,8,10,11,12,16,20,134000,135000,135000,135000,135000,156353,3913,8,3369.7104787680655,1.7251030076295137,135307.1149919997,1174.0435233094345
1741271113,2000,,Aggregated,230.100000,8.500000,8,10,11,12,16,20,134000,135000,135000,135000,135000,156717,3939,8,3384.166927161263,1.7251030076295137,135307.1149919997,1173.891600783578
1741271114,2000,,Aggregated,230.100000,11.000000,8,10,11,12,16,20,134000,135000,135000,135000,135000,156886,3942,8,3383.114561771825,1.7251030076295137,135307.1149919997,1173.9270871843248
1741271115,2000,,Aggregated,230.000000,8.900000,8,10,11,12,16,20,134000,135000,135000,135000,135000,157053,3951,8,3387.230509891587,1.7251030076295137,135307.1149919997,1173.755929526975
1741271116,2000,,Aggregated,231.600000,11.200000,8,10,11,12,16,20,134000,135000,135000,135000,135000,157407,3964,8,3390.7144987468955,1.7251030076295137,135307.1149919997,1173.6899693152147
1741271117,2000,,Aggregated,229.200000,9.300000,8,10,11,12,16,20,134000,135000,135000,135000,135000,157575,3975,8,3396.4760978722347,1.7251030076295137,135307.1149919997,1173.4617991432651
1741271118,2000,,Aggregated,230.600000,11.500000,8,10,11,12,16,20,134000,135000,135000,135000,135000,157750,3978,8,3395.2826848546015,1.7251030076295137,135307.1149919997,1173.4908589540412
1741271119,2000,,Aggregated,227.300000,9.300000,8,10,11,12,16,20,134000,135000,135000,135000,135000,158069,3986,8,3395.2356771253076,1.7251030076295137,135307.1149919997,1173.4553517767558
1741271120,2000,,Aggregated,230.400000,11.000000,8,10,11,12,16,20,134000,135000,135000,135000,135000,158231,3993,8,3397.694709116402,1.7251030076295137,135307.1149919997,1173.5498480070278
1741271121,2000,,Aggregated,227.600000,8.700000,8,10,11,12,16,20,134000,135000,135000,135000,135000,158409,4004,8,3403.2365111204,1.7251030076295137,135307.1149919997,1173.451161234526
1741271122,2000,,Aggregated,229.100000,10.500000,8,10,11,12,16,20,134000,135000,135000,135000,135000,158765,4021,8,3409.9866530145505,1.7251030076295137,135307.1149919997,1173.5360123452901
1741271123,2000,,Aggregated,230.900000,10.500000,8,10,11,12,16,20,134000,135000,135000,135000,135000,158927,4030,8,3414.1218250760116,1.7251030076295137,135307.1149919997,1173.415385680218
1741271124,2000,,Aggregated,229.200000,10.100000,8,10,11,12,16,20,134000,135000,135000,135000,135000,159101,4039,8,3417.9941227258555,1.7251030076295137,135307.1149919997,1173.214706381481
1741271125,2000,,Aggregated,228.600000,10.100000,8,10,11,12,16,20,134000,135000,135000,135000,135000,159442,4046,8,3416.5976162943593,1.7251030076295137,135307.1149919997,1173.2106157725066
1741271126,2000,,Aggregated,230.200000,9.900000,8,10,11,12,16,20,134000,135000,135000,135000,135000,159614,4050,8,3416.3012179761563,1.7251030076295137,135307.1149919997,1173.010412620447
1741271127,2000,,Aggregated,229.900000,9.900000,8,10,11,12,16,20,134000,135000,135000,135000,135000,159778,4054,8,3416.1659997255465,1.7251030076295137,135307.1149919997,1172.909718484397
1741271128,2000,,Aggregated,228.000000,9.800000,8,10,11,12,16,20,134000,135000,135000,135000,135000,160134,4079,8,3429.5523179448965,1.7251030076295137,135307.1149919997,1172.6173329836263
1741271129,2000,,Aggregated,230.800000,9.800000,8,10,11,12,16,20,134000,135000,135000,135000,135000,160301,4082,8,3428.493787462393,1.7251030076295137,135307.1149919997,1172.635273641462
1741271130,2000,,Aggregated,226.300000,10.400000,8,10,11,12,16,20,134000,135000,135000,135000,135000,160476,4093,8,3433.9589961164056,1.7251030076295137,135307.1149919997,1172.4421284179566
1741271131,2000,,Aggregated,229.800000,10.400000,8,10,11,12,16,20,134000,135000,135000,135000,135000,160820,4100,8,3432.4709783212625,1.7251030076295137,135307.1149919997,1172.215912199975
1741271132,2000,,Aggregated,229.200000,10.200000,8,10,11,12,16,20,134000,135000,135000,135000,135000,160992,4113,8,3439.6520199069596,1.7251030076295137,135307.1149919997,1172.1374726694494
1741271133,2000,,Aggregated,228.400000,10.200000,8,10,11,12,16,20,134000,135000,135000,135000,135000,161164,4119,8,3440.983102852047,1.7251030076295137,135307.1149919997,1172.2637189446775
1741271134,2000,,Aggregated,231.000000,10.300000,8,10,11,12,16,20,134000,135000,135000,135000,135000,161508,4132,8,3444.4667307742743,1.7251030076295137,135307.1149919997,1172.2820417564456
1741271135,2000,,Aggregated,230.100000,10.300000,8,10,11,12,16,20,134000,135000,135000,135000,135000,161682,4135,8,3443.2680216591243,1.7251030076295137,135307.1149919997,1172.2716628938285
1741271136,2000,,Aggregated,227.900000,9.000000,8,10,11,12,16,20,134000,135000,135000,135000,135000,161860,4142,8,3445.2982147601174,1.7251030076295137,135307.1149919997,1172.2893302854318
1741271137,2000,,Aggregated,228.900000,9.000000,8,10,11,12,16,20,134000,135000,135000,135000,135000,162195,4154,8,3448.151716731562,1.7251030076295137,135307.1149919997,1172.2014488732698
1741271138,2000,,Aggregated,227.300000,9.400000,8,10,11,12,16,20,134000,135000,135000,135000,135000,162366,4164,8,3452.792679100309,1.7251030076295137,135307.1149919997,1172.1587462892478
1741271139,2000,,Aggregated,229.300000,9.400000,8,10,11,12,16,20,134000,135000,135000,135000,135000,162540,4167,8,3451.589613699451,1.7251030076295137,135307.1149919997,1172.227445551864
1741271140,2000,,Aggregated,232.300000,9.100000,8,10,11,12,16,20,134000,135000,135000,135000,135000,162889,4184,8,3458.234183713893,1.7251030076295137,135307.1149919997,1172.1493777971502
1741271141,2000,,Aggregated,229.900000,9.100000,8,10,11,12,16,20,134000,135000,135000,135000,135000,163065,4185,8,3455.3376609104916,1.7251030076295137,135307.1149919997,1172.236758347898
1741271142,2000,,Aggregated,228.500000,8.000000,8,10,11,12,16,20,134000,135000,135000,135000,135000,163234,4187,8,3453.418526092906,1.7251030076295137,135307.1149919997,1172.1389538944093
1741271143,2000,,Aggregated,228.900000,8.000000,8,10,11,12,16,20,134000,135000,135000,135000,135000,163562,4187,8,3446.5105676427884,1.7251030076295137,135307.1149919997,1172.1080507697386
1741271144,2000,,Aggregated,226.200000,6.100000,8,10,11,12,16,20,134000,135000,135000,135000,135000,163740,4189,8,3444.4172928715134,1.7251030076295137,135307.1149919997,1171.9808782215707
1741271145,2000,,Aggregated,226.900000,6.100000,8,10,11,12,16,20,134000,135000,135000,135000,135000,163907,4189,8,3440.917325709712,1.7251030076295137,135307.1149919997,1172.0152159456277
1741271146,2000,,Aggregated,226.400000,5.300000,8,10,11,12,16,20,134000,135000,135000,135000,135000,164246,4189,8,3433.833669507126,1.7251030076295137,135307.1149919997,1171.898487634402
1741271147,2000,,Aggregated,226.900000,5.300000,8,10,11,12,16,20,134000,135000,135000,135000,135000,164405,4189,8,3430.5214606142968,1.7251030076295137,135307.1149919997,1171.9461573553115
1741271148,2000,,Aggregated,227.800000,2.800000,8,10,11,12,16,20,134000,135000,135000,135000,135000,164563,4189,8,3427.2363633388936,1.7251030076295137,135307.1149919997,1172.0186980062347
1741271149,2000,,Aggregated,224.100000,2.800000,8,10,11,12,16,20,134000,135000,135000,135000,135000,164887,4189,8,3420.518662814005,1.7251030076295137,135307.1149919997,1172.0267698484417
1741271150,2000,,Aggregated,222.700000,0.800000,8,10,11,12,16,20,134000,135000,135000,135000,135000,165054,4189,8,3417.066379199003,1.7251030076295137,135307.1149919997,1171.99956983775
1741271151,2000,,Aggregated,222.600000,0.800000,8,10,11,12,16,20,134000,135000,135000,135000,135000,165218,4189,8,3413.683930976324,1.7251030076295137,135307.1149919997,1172.0519858611046
1741271152,2000,,Aggregated,221.700000,0.300000,8,10,11,12,16,20,134000,135000,135000,135000,135000,165543,4189,8,3406.999353641101,1.7251030076295137,135307.1149919997,1172.243846009798
1741271153,2000,,Aggregated,222.000000,0.300000,8,10,11,12,16,20,134000,135000,135000,135000,135000,165716,4189,8,3403.4525326941016,1.7251030076295137,135307.1149919997,1172.4104793743513
1741271154,2000,,Aggregated,220.600000,0.000000,8,10,11,12,16,20,134000,135000,135000,135000,135000,165879,4189,8,3400.1169212159443,1.7251030076295137,135307.1149919997,1172.447645572978
1741271155,2000,,Aggregated,221.000000,0.000000,8,10,11,12,16,20,134000,135000,135000,135000,135000,166215,4189,8,3393.26140132719,1.7251030076295137,135307.1149919997,1172.5331829257286
1741271156,2000,,Aggregated,220.200000,0.000000,8,10,11,12,16,20,134000,135000,135000,135000,135000,166379,4189,8,3389.925501321087,1.7251030076295137,135307.1149919997,1172.611898136183
1741271157,2000,,Aggregated,219.200000,0.000000,8,10,11,12,16,20,134000,135000,135000,135000,135000,166538,4189,8,3386.697782660949,1.7251030076295137,135307.1149919997,1172.671132113992
1741271158,2000,,Aggregated,219.400000,0.000000,8,10,11,12,16,20,134000,135000,135000,135000,135000,166871,4189,8,3379.9576992999746,1.7251030076295137,135307.1149919997,1172.5330344997033
1741271159,2000,,Aggregated,219.300000,0.000000,8,10,11,12,16,20,134000,135000,135000,135000,135000,167036,4189,8,3376.6277871606776,1.7251030076295137,135307.1149919997,1172.6815357168514
1741271160,2000,,Aggregated,219.000000,0.000000,8,10,11,12,16,20,134000,135000,135000,135000,135000,167198,4189,8,3373.3653054447304,1.7251030076295137,135307.1149919997,1172.6989557291356
1741271161,2000,,Aggregated,219.600000,0.000000,8,10,11,12,16,20,134000,135000,135000,135000,135000,167517,4189,8,3366.9577924438972,1.7251030076295137,135307.1149919997,1172.7435543855252
1741271162,2000,,Aggregated,219.800000,0.000000,8,10,11,12,16,20,134000,135000,135000,135000,135000,167677,4189,8,3363.7531975991305,1.7251030076295137,135307.1149919997,1172.9958491623777
1741271163,2000,,Aggregated,218.500000,0.000000,8,10,11,12,16,20,134000,135000,135000,135000,135000,167841,4189,8,3360.4744797546095,1.7251030076295137,135307.1149919997,1173.1179330437735
1741271164,2000,,Aggregated,218.900000,0.000000,8,10,11,12,16,20,134000,135000,135000,135000,135000,168178,4189,8,3353.758858013898,1.7251030076295137,135307.1149919997,1173.0169760610781
1741271165,2000,,Aggregated,218.300000,0.000000,8,10,11,12,16,20,134000,135000,135000,135000,135000,168346,4189,8,3350.420940342398,1.7251030076295137,135307.1149919997,1173.0721193256745
1741271166,2000,,Aggregated,219.100000,0.000000,8,10,11,12,16,20,134000,135000,135000,135000,135000,168520,4189,8,3346.9705452574417,1.7251030076295137,135307.1149919997,1173.0723178257774
1741271167,2000,,Aggregated,219.400000,0.000000,8,10,11,12,16,20,134000,134000,135000,135000,135000,168864,4189,8,3340.1703476083535,1.7251030076295137,135307.1149919997,1173.1404503032027
1741271168,2000,,Aggregated,219.100000,0.000000,8,10,11,12,16,20,134000,134000,135000,135000,135000,169025,4189,8,3336.9966500953647,1.7251030076295137,135307.1149919997,1173.254654636888
1741271169,2000,,Aggregated,221.500000,0.000000,8,10,11,12,16,20,134000,134000,135000,135000,135000,169187,4189,8,3333.810248469468,1.7251030076295137,135307.1149919997,1173.1496155141945
1741271170,2000,,Aggregated,221.000000,0.000000,8,10,11,12,16,20,134000,134000,135000,135000,135000,169521,4190,8,3328.0482312582667,1.7251030076295137,135307.1149919997,1173.2010252417106
1741271171,2000,,Aggregated,220.500000,0.100000,8,10,11,12,16,20,134000,134000,135000,135000,135000,169686,4191,8,3325.6066535428895,1.7251030076295137,135307.1149919997,1173.2075539525947
1741271172,2000,,Aggregated,222.500000,0.100000,8,10,11,12,16,20,134000,134000,135000,135000,135000,169872,4194,8,3324.3514225648228,1.7251030076295137,135307.1149919997,1173.157965997928
1741271173,2000,,Aggregated,223.000000,0.900000,8,10,11,12,16,20,134000,134000,135000,135000,135000,170226,4207,8,3327.7324803784804,1.7251030076295137,135307.1149919997,1173.3067040287617
1741271174,2000,,Aggregated,224.100000,0.900000,8,10,11,12,16,20,134000,134000,135000,135000,135000,170408,4213,8,3328.9108281024482,1.7251030076295137,135307.1149919997,1173.262798694897
1741271175,2000,,Aggregated,228.200000,3.200000,8,10,11,12,16,20,134000,135000,135000,135000,135000,170581,4227,8,3336.5646539943777,1.7251030076295137,135307.1149919997,1173.1190636706315
1741271176,2000,,Aggregated,226.800000,3.200000,8,10,11,12,16,20,134000,135000,135000,135000,135000,170920,4235,8,3336.2577023862546,1.7251030076295137,135307.1149919997,1173.0695062017319
1741271177,2000,,Aggregated,228.900000,5.000000,8,10,11,12,16,20,134000,135000,135000,135000,135000,171089,4244,8,3340.0332005272617,1.7251030076295137,135307.1149919997,1173.155153165896
1741271178,2000,,Aggregated,229.500000,5.000000,8,10,11,12,16,20,134000,135000,135000,135000,135000,171246,4246,8,3338.545637275701,1.7251030076295137,135307.1149919997,1173.1430865538466
1741271179,2000,,Aggregated,228.400000,6.600000,8,10,11,12,16,20,134000,135000,135000,135000,135000,171587,4273,8,3353.042941042221,1.7251030076295137,135307.1149919997,1173.0821507456858
1741271180,2000,,Aggregated,228.400000,6.600000,8,10,11,12,16,20,134000,135000,135000,135000,135000,171751,4277,8,3352.9751172637007,1.7251030076295137,135307.1149919997,1173.044646028262
1741271181,2000,,Aggregated,230.200000,9.300000,8,10,11,12,16,20,134000,135000,135000,135000,135000,171932,4289,8,3358.8111785672245,1.7251030076295137,135307.1149919997,1173.0184956843402
1741271182,2000,,Aggregated,228.600000,9.300000,8,10,11,12,16,20,134000,135000,135000,135000,135000,172270,4299,8,3360.0429606682633,1.7251030076295137,135307.1149919997,1172.8621930690197
1741271183,2000,,Aggregated,229.800000,11.000000,8,10,11,12,16,20,134000,135000,135000,135000,135000,172447,4310,8,3365.159469463149,1.7251030076295137,135307.1149919997,1172.887287108503
1741271184,2000,,Aggregated,230.300000,11.000000,8,10,11,12,16,20,134000,135000,135000,135000,135000,172614,4314,8,3365.04003674401,1.7251030076295137,135307.1149919997,1172.8954661846665
1741271185,2000,,Aggregated,226.600000,10.300000,8,10,11,12,16,20,134000,135000,135000,135000,135000,172962,4333,8,3373.0356695829187,1.7251030076295137,135307.1149919997,1172.8605300586255
1741271186,2000,,Aggregated,228.100000,10.300000,8,10,11,12,16,20,134000,135000,135000,135000,135000,173136,4338,8,3373.5415436736835,1.7251030076295137,135307.1149919997,1172.993987385639
1741271187,2000,,Aggregated,228.800000,10.500000,8,10,11,12,16,20,134000,135000,135000,135000,135000,173310,4345,8,3375.5813550378625,1.7251030076295137,135307.1149919997,1172.9262766141596
1741271188,2000,,Aggregated,226.100000,10.500000,8,10,11,12,16,20,134000,135000,135000,135000,135000,173636,4357,8,3378.555913727701,1.7251030076295137,135307.1149919997,1172.7590994954962
1741271189,2000,,Aggregated,226.600000,10.600000,8,10,11,12,16,20,134000,135000,135000,135000,135000,173810,4365,8,3381.384796879518,1.7251030076295137,135307.1149919997,1172.731217996663
1741271190,2000,,Aggregated,227.600000,10.600000,8,10,11,12,16,20,134000,135000,135000,135000,135000,173985,4375,8,3385.718207332539,1.7251030076295137,135307.1149919997,1172.7584964221053
1741271191,2000,,Aggregated,228.300000,9.700000,8,10,11,12,16,20,134000,135000,135000,135000,135000,174324,4393,8,3392.991919487016,1.7251030076295137,135307.1149919997,1172.9813163993483
1741271192,2000,,Aggregated,227.100000,9.700000,8,10,11,12,16,20,134000,135000,135000,135000,135000,174498,4403,8,3397.322310050696,1.7251030076295137,135307.1149919997,1173.0556166832857
1741271193,2000,,Aggregated,227.900000,10.000000,8,10,11,12,16,20,134000,135000,135000,135000,135000,174668,4411,8,3400.1683448632675,1.7251030076295137,135307.1149919997,1172.9511644949275
1741271194,2000,,Aggregated,227.800000,10.000000,8,10,11,12,16,20,134000,135000,135000,135000,135000,175013,4420,8,3400.385168784692,1.7251030076295137,135307.1149919997,1173.0513276156628
1741271195,2000,,Aggregated,228.600000,10.000000,8,10,11,12,16,20,134000,135000,135000,135000,135000,175187,4427,8,3402.375526584344,1.7251030076295137,135307.1149919997,1173.029910895215
1741271196,2000,,Aggregated,229.400000,10.000000,8,10,11,12,16,20,134000,135000,135000,135000,135000,175355,4431,8,3402.170602328501,1.7251030076295137,135307.1149919997,1172.9820763593852
1741271197,2000,,Aggregated,225.300000,8.000000,8,10,11,12,16,20,134000,135000,135000,135000,135000,175693,4449,8,3409.370674046208,1.7251030076295137,135307.1149919997,1173.146852748829
1741271198,2000,,Aggregated,226.900000,9.900000,8,10,11,12,16,20,134000,135000,135000,135000,135000,175859,4456,8,3411.4949731081792,1.7251030076295137,135307.1149919997,1173.0271922392371
1741271199,2000,,Aggregated,226.000000,8.200000,8,10,11,12,16,20,134000,135000,135000,135000,135000,176033,4467,8,3416.5241147070897,1.7251030076295137,135307.1149919997,1173.0402424545398
1741271200,2000,,Aggregated,228.400000,10.000000,8,10,11,12,16,20,134000,135000,135000,135000,135000,176392,4479,8,3418.716357454506,1.7251030076295137,135307.1149919997,1172.8473230078462
1741271201,2000,,Aggregated,225.700000,8.100000,8,10,11,12,16,20,134000,135000,135000,135000,135000,176565,4488,8,3422.2261352246705,1.7251030076295137,135307.1149919997,1172.7758955625407
1741271202,2000,,Aggregated,229.800000,10.100000,8,10,11,12,16,20,134000,135000,135000,135000,135000,176733,4493,8,3422.7784342744994,1.7251030076295137,135307.1149919997,1172.714999462466
1741271204,2000,,Aggregated,227.100000,7.300000,8,10,11,12,16,20,134000,135000,135000,135000,135000,177093,4518,8,3434.795587103556,1.7251030076295137,135307.1149919997,1172.4461102358648
1741271205,2000,,Aggregated,229.100000,9.500000,8,10,11,12,16,20,134000,135000,135000,135000,135000,177258,4526,8,3437.6580787661446,1.7251030076295137,135307.1149919997,1172.314705119092
1741271206,2000,,Aggregated,227.700000,7.900000,8,10,11,12,16,20,134000,135000,135000,135000,135000,177430,4538,8,3443.4067414254137,1.7251030076295137,135307.1149919997,1172.2962576790846
1741271207,2000,,Aggregated,226.100000,10.600000,8,10,11,12,16,20,134000,135000,135000,135000,135000,177755,4547,8,3443.9363940899366,1.7251030076295137,135307.1149919997,1172.131264943321
1741271208,2000,,Aggregated,229.000000,10.600000,8,10,11,12,16,20,134000,135000,135000,135000,135000,177925,4556,8,3447.45169252645,1.7251030076295137,135307.1149919997,1172.1135647042292
1741271209,2000,,Aggregated,231.700000,10.900000,8,10,11,12,16,20,134000,135000,135000,135000,135000,178094,4560,8,3447.194567551162,1.7251030076295137,135307.1149919997,1172.172717778252
1741271210,2000,,Aggregated,231.000000,10.900000,8,10,11,12,16,20,134000,135000,135000,135000,135000,178432,4574,8,3451.210853193452,1.7251030076295137,135307.1149919997,1172.2751916696557
1741271211,2000,,Aggregated,230.200000,11.300000,8,10,11,12,16,20,134000,135000,135000,135000,135000,178599,4577,8,3450.250739667612,1.7251030076295137,135307.1149919997,1172.2844920744237
1741271212,2000,,Aggregated,230.600000,11.300000,8,10,11,12,16,20,134000,135000,135000,135000,135000,178775,4588,8,3455.13609356684,1.7251030076295137,135307.1149919997,1172.2348594602154
1741271213,2000,,Aggregated,229.300000,11.200000,8,10,11,12,16,20,134000,135000,135000,135000,135000,179121,4603,8,3459.7221856464394,1.7251030076295137,135307.1149919997,1172.0798901301355
1741271214,2000,,Aggregated,228.900000,11.200000,8,10,11,12,16,20,134000,135000,135000,135000,135000,179302,4617,8,3466.711401928673,1.7251030076295137,135307.1149919997,1172.1275501667578
1741271215,2000,,Aggregated,228.200000,10.800000,8,10,11,12,16,20,134000,135000,135000,135000,135000,179477,4626,8,3470.097012993024,1.7251030076295137,135307.1149919997,1172.0773190993832
1741271216,2000,,Aggregated,228.200000,10.800000,8,10,11,12,16,20,134000,135000,135000,135000,135000,179815,4636,8,3471.0657841948055,1.7251030076295137,135307.1149919997,1172.0914884742651
1741271217,2000,,Aggregated,230.100000,10.600000,8,10,11,12,16,20,134000,135000,135000,135000,135000,179979,4637,8,3468.6547990679414,1.7251030076295137,135307.1149919997,1172.1132132082075
1741271218,2000,,Aggregated,229.500000,10.600000,8,10,11,12,16,20,134000,135000,135000,135000,135000,180155,4638,8,3466.016015160368,1.7251030076295137,135307.1149919997,1172.0786267380865
1741271219,2000,,Aggregated,227.200000,9.700000,8,10,11,12,16,20,134000,135000,135000,135000,135000,180520,4660,8,3475.4022912649407,1.7251030076295137,135307.1149919997,1171.9665134057168
1741271220,2000,,Aggregated,228.700000,9.700000,8,10,11,12,16,20,134000,135000,135000,135000,135000,180686,4664,8,3475.198951757209,1.7251030076295137,135307.1149919997,1171.9807622062583
1741271221,2000,,Aggregated,228.700000,9.400000,8,10,11,12,16,20,134000,135000,135000,135000,135000,180857,4675,8,3480.0857854970664,1.7251030076295137,135307.1149919997,1171.9066610637133
1741271222,2000,,Aggregated,228.100000,9.400000,8,10,11,12,16,20,134000,135000,135000,135000,135000,181194,4685,8,3481.024508455997,1.7251030076295137,135307.1149919997,1171.869785975253
1741271223,2000,,Aggregated,230.000000,9.900000,8,10,11,12,16,20,134000,135000,135000,135000,135000,181369,4698,8,3487.2923034794476,1.7251030076295137,135307.1149919997,1171.8412297581174
1741271224,2000,,Aggregated,230.800000,9.900000,8,10,11,12,16,20,134000,135000,135000,135000,135000,181535,4704,8,3488.5302010887763,1.7251030076295137,135307.1149919997,1171.7749800313989
1741271225,2000,,Aggregated,229.300000,10.200000,8,10,11,12,16,20,134000,135000,135000,135000,135000,181892,4724,8,3496.483412311805,1.7251030076295137,135307.1149919997,1171.5283299980208
1741271226,2000,,Aggregated,228.200000,10.200000,8,10,11,12,16,20,134000,135000,135000,135000,135000,182066,4730,8,3497.5713895564672,1.7251030076295137,135307.1149919997,1171.467231663243
1741271227,2000,,Aggregated,229.100000,9.700000,8,10,11,12,16,20,134000,135000,135000,135000,135000,182241,4738,8,3500.1093742178045,1.7251030076295137,135307.1149919997,1171.4783885075258
1741271228,2000,,Aggregated,231.000000,9.700000,8,10,11,12,16,20,134000,135000,135000,135000,135000,182576,4747,8,3500.3094931293303,1.7251030076295137,135307.1149919997,1171.4767877486636
1741271229,2000,,Aggregated,230.300000,10.200000,8,10,11,12,16,20,134000,135000,135000,135000,135000,182743,4756,8,3503.735728149405,1.7251030076295137,135307.1149919997,1171.447601276109
1741271230,2000,,Aggregated,229.000000,10.200000,8,10,11,12,16,20,134000,135000,135000,135000,135000,182905,4761,8,3504.299140312542,1.7251030076295137,135307.1149919997,1171.4771056012685
1741271231,2000,,Aggregated,231.400000,10.200000,8,10,11,12,16,20,134000,135000,135000,135000,135000,183250,4779,8,3510.935097682865,1.7251030076295137,135307.1149919997,1171.3331459754434
1741271232,2000,,Aggregated,229.600000,10.200000,8,10,11,12,16,20,134000,135000,135000,135000,135000,183417,4785,8,3512.133243858524,1.7251030076295137,135307.1149919997,1171.274696456708
1741271233,2000,,Aggregated,227.600000,9.800000,8,10,11,12,16,20,134000,135000,135000,135000,135000,183595,4792,8,3513.864360780538,1.7251030076295137,135307.1149919997,1171.1781203191808
1741271234,2000,,Aggregated,228.500000,9.800000,8,10,11,12,16,20,134000,135000,135000,135000,135000,183939,4808,8,3519.0292792665987,1.7251030076295137,135307.1149919997,1171.1365561408945
1741271235,2000,,Aggregated,229.000000,10.100000,8,10,11,12,16,20,134000,135000,135000,135000,135000,184115,4817,8,3522.242215696249,1.7251030076295137,135307.1149919997,1171.2157890448905
1741271236,2000,,Aggregated,231.500000,10.100000,8,10,11,12,16,20,134000,135000,135000,135000,135000,184295,4822,8,3522.4611834656775,1.7251030076295137,135307.1149919997,1171.2953959684203
1741271237,2000,,Aggregated,229.800000,9.800000,8,10,11,12,16,20,134000,135000,135000,135000,135000,184649,4842,8,3530.2479706216163,1.7251030076295137,135307.1149919997,1171.3528803297065
1741271238,2000,,Aggregated,228.800000,9.800000,8,10,11,12,16,20,134000,135000,135000,135000,135000,184814,4844,8,3528.56112626532,1.7251030076295137,135307.1149919997,1171.3057668791325
1741271239,2000,,Aggregated,229.500000,10.000000,8,10,11,12,16,20,134000,135000,135000,135000,135000,184985,4855,8,3533.2935180698482,1.7251030076295137,135307.1149919997,1171.1543098089035
1741271240,2000,,Aggregated,230.700000,10.000000,8,10,11,12,16,20,134000,135000,135000,135000,135000,185326,4864,8,3533.3510574373317,1.7251030076295137,135310.48064798233,1171.0545309346774
1741271241,2000,,Aggregated,226.100000,8.100000,8,10,11,12,16,20,134000,135000,135000,135000,135000,185501,4877,8,3539.440650381221,1.7251030076295137,135310.48064798233,1171.068560277303
1741271242,2000,,Aggregated,229.100000,9.800000,8,10,11,12,16,20,134000,135000,135000,135000,135000,185678,4883,8,3540.426318889804,1.7251030076295137,135310.48064798233,1171.027693103114
1741271243,2000,,Aggregated,229.100000,7.800000,8,10,11,12,16,20,134000,135000,135000,135000,135000,186027,4902,8,3547.5315051089733,1.7251030076295137,135310.48064798233,1170.682035403463
1741271244,2000,,Aggregated,230.400000,9.900000,8,10,11,12,16,20,134000,135000,135000,135000,135000,186201,4908,8,3548.55749858846,1.7251030076295137,135310.48064798233,1170.6510545056149
1741271245,2000,,Aggregated,228.100000,7.500000,8,10,11,12,16,20,134000,135000,135000,135000,135000,186368,4918,8,3552.59333138455,1.7251030076295137,135310.48064798233,1170.520239526099
1741271246,2000,,Aggregated,230.200000,9.800000,8,10,11,12,16,20,134000,135000,135000,135000,135000,186702,4925,8,3551.29473396174,1.7251030076295137,135310.48064798233,1170.3385662713843
1741271247,2000,,Aggregated,229.100000,8.100000,8,10,11,12,16,20,134000,135000,135000,135000,135000,186875,4938,8,3557.35999473501,1.7251030076295137,135310.48064798233,1170.3680802675585
1741271248,2000,,Aggregated,228.200000,10.200000,8,10,11,12,16,20,134000,135000,135000,135000,135000,187059,4946,8,3559.603758682956,1.7251030076295137,135310.48064798233,1170.4964529907677
1741271249,2000,,Aggregated,228.100000,8.200000,8,10,11,12,16,20,134000,135000,135000,135000,135000,187408,4971,8,3570.897678332869,1.7251030076295137,135310.48064798233,1170.363271578588
1741271250,2000,,Aggregated,229.000000,10.800000,8,10,11,12,16,20,134000,135000,135000,135000,135000,187577,4974,8,3569.8366956509562,1.7251030076295137,135310.48064798233,1170.350943879047
1741271251,2000,,Aggregated,229.800000,10.800000,8,10,11,12,16,20,134000,135000,135000,135000,135000,187744,4984,8,3573.818233000578,1.7251030076295137,135310.48064798233,1170.2412913328787
1741271252,2000,,Aggregated,230.600000,11.300000,8,10,11,12,16,20,134000,135000,135000,135000,135000,188075,5001,8,3579.6881374684112,1.7251030076295137,135310.48064798233,1170.3038521866276
1741271253,2000,,Aggregated,228.700000,11.300000,8,10,11,12,16,20,134000,135000,135000,135000,135000,188254,5011,8,3583.4244109469637,1.7251030076295137,135310.48064798233,1170.2500982714844
1741271254,2000,,Aggregated,229.300000,11.600000,8,10,11,12,16,20,134000,135000,135000,135000,135000,188422,5015,8,3583.0825286627028,1.7251030076295137,135310.48064798233,1170.3226799418328
1741271255,2000,,Aggregated,231.300000,11.600000,8,10,11,12,16,20,134000,135000,135000,135000,135000,188773,5024,8,3582.8497967480885,1.7251030076295137,135310.48064798233,1170.1970408903815
1741271256,2000,,Aggregated,229.200000,11.200000,8,10,11,12,16,20,134000,135000,135000,135000,135000,188944,5031,8,3584.581733685901,1.7251030076295137,135310.48064798233,1170.185536455246
1741271257,2000,,Aggregated,230.500000,11.200000,8,10,11,12,16,20,134000,135000,135000,135000,135000,189113,5039,8,3587.0683191006647,1.7251030076295137,135310.48064798233,1170.1642615790558
1741271258,2000,,Aggregated,230.400000,10.900000,8,10,11,12,16,20,134000,135000,135000,135000,135000,189460,5055,8,3591.8675275861615,1.7251030076295137,135310.48064798233,1170.262841760794
1741271259,2000,,Aggregated,230.100000,10.900000,8,10,11,12,16,20,134000,135000,135000,135000,135000,189631,5060,8,3592.1785938260723,1.7251030076295137,135310.48064798233,1170.2271885925825
1741271260,2000,,Aggregated,229.400000,10.100000,8,10,11,12,16,20,134000,135000,135000,135000,135000,189807,5068,8,3594.5114467526278,1.7251030076295137,135310.48064798233,1170.1685554273552
1741271261,2000,,Aggregated,228.100000,10.100000,8,10,11,12,16,20,134000,135000,135000,135000,135000,190134,5075,8,3593.3061191288034,1.7251030076295137,135310.48064798233,1170.0776031640842
1741271262,2000,,Aggregated,230.100000,9.900000,8,10,11,12,16,20,134000,135000,135000,135000,135000,190316,5084,8,3596.2298759554546,1.7251030076295137,135310.48064798233,1170.1719981504446
1741271263,2000,,Aggregated,229.400000,9.900000,8,10,11,12,16,20,134000,135000,135000,135000,135000,190484,5093,8,3599.415679492474,1.7251030076295137,135310.48064798233,1170.0330683941959
1741271264,2000,,Aggregated,232.100000,10.200000,8,10,11,12,16,20,134000,135000,135000,135000,135000,190845,5120,8,3611.5891072881373,1.7251030076295137,135310.48064798233,1169.8784720584767
1741271265,2000,,Aggregated,230.000000,10.200000,8,10,11,12,16,20,134000,135000,135000,135000,135000,191022,5123,8,3610.367051445778,1.7251030076295137,135310.48064798233,1169.9854309974767
1741271266,2000,,Aggregated,229.300000,10.200000,8,10,11,12,16,20,134000,135000,135000,135000,135000,191200,5131,8,3612.637587268031,1.7251030076295137,135310.48064798233,1169.8379759414227
1741271267,2000,,Aggregated,229.200000,10.200000,8,10,11,12,16,20,134000,135000,135000,135000,135000,191542,5139,8,3611.815638939713,1.7251030076295137,135310.48064798233,1169.8344331791461
1741271268,2000,,Aggregated,229.300000,10.200000,8,10,11,12,16,20,134000,135000,135000,135000,135000,191705,5148,8,3615.051539269512,1.7251030076295137,135310.48064798233,1169.8026812028897
1741271269,2000,,Aggregated,230.200000,10.200000,8,10,11,12,16,20,134000,135000,135000,135000,135000,191873,5154,8,3616.090421999989,1.7251030076295137,135310.48064798233,1169.6799184877498
1741271270,2000,,Aggregated,230.400000,10.100000,8,10,11,12,16,20,134000,135000,135000,135000,135000,192215,5167,8,3618.760925585423,1.7251030076295137,135310.48064798233,1169.7721821918165
1741271271,2000,,Aggregated,231.600000,10.100000,8,10,11,12,16,20,134000,135000,135000,135000,135000,192386,5175,8,3621.141043487723,1.7251030076295137,135310.48064798233,1169.8110829270322
1741271272,2000,,Aggregated,229.400000,9.900000,8,10,11,12,16,20,134000,135000,135000,135000,135000,192545,5180,8,3621.6413895778137,1.7251030076295137,135310.48064798233,1169.7987327637695
1741271273,2000,,Aggregated,230.800000,9.900000,8,10,11,12,16,20,134000,135000,135000,135000,135000,192884,5189,8,3621.5367506121197,1.7251030076295137,135310.48064798233,1169.6956668256569
1741271274,2000,,Aggregated,226.900000,8.500000,8,10,11,12,16,20,134000,135000,135000,135000,135000,193058,5197,8,3623.8500793346557,1.7251030076295137,135310.48064798233,1169.6836235742626
1741271275,2000,,Aggregated,227.200000,8.500000,8,10,11,12,16,20,134000,135000,135000,135000,135000,193232,5203,8,3624.77043769386,1.7251030076295137,135310.48064798233,1169.6168025999834
1741271276,2000,,Aggregated,229.000000,8.900000,8,10,11,12,16,20,134000,135000,135000,135000,135000,193581,5225,8,3633.5228967640046,1.7251030076295137,135310.48064798233,1169.5394692660952
1741271277,2000,,Aggregated,226.900000,8.900000,8,10,11,12,16,20,134000,135000,135000,135000,135000,193739,5229,8,3633.344985800049,1.7251030076295137,135310.48064798233,1169.558550420927
1741271278,2000,,Aggregated,227.400000,8.700000,8,10,11,12,16,20,134000,135000,135000,135000,135000,193900,5232,8,3632.4199246868943,1.7251030076295137,135310.48064798233,1169.530278494069
1741271279,2000,,Aggregated,227.700000,8.700000,8,10,11,12,16,20,134000,135000,135000,135000,135000,194243,5233,8,3626.713002671808,1.7251030076295137,135310.48064798233,1169.5238747342246
1741271280,2000,,Aggregated,224.700000,7.400000,8,10,11,12,16,20,134000,135000,135000,135000,135000,194402,5235,8,3625.128602754045,1.7251030076295137,135310.48064798233,1169.622092365305
1741271281,2000,,Aggregated,225.100000,7.400000,8,10,11,12,16,20,134000,135000,135000,135000,135000,194562,5236,8,3622.848878457067,1.7251030076295137,135310.48064798233,1169.512299421264
1741271282,2000,,Aggregated,224.400000,5.700000,8,10,11,12,16,20,134000,135000,135000,135000,135000,194893,5236,8,3616.7092221362004,1.7251030076295137,135310.48064798233,1169.4595547300314
1741271283,2000,,Aggregated,223.000000,5.700000,8,10,11,12,16,20,134000,135000,135000,135000,135000,195062,5236,8,3613.5838434323728,1.7251030076295137,135310.48064798233,1169.4828054669797
1741271284,2000,,Aggregated,220.400000,4.400000,8,10,11,12,16,20,134000,135000,135000,135000,135000,195232,5236,8,3610.444267883259,1.7251030076295137,135310.48064798233,1169.630736764465
1741271285,2000,,Aggregated,222.900000,4.400000,8,10,11,12,16,20,134000,135000,135000,135000,135000,195563,5236,8,3604.3479355894083,1.7251030076295137,135310.48064798233,1169.861614927159
1741271286,2000,,Aggregated,220.500000,2.100000,8,10,11,12,16,20,134000,135000,135000,135000,135000,195728,5236,8,3601.3171612404244,1.7251030076295137,135310.48064798233,1169.750791915311
1741271287,2000,,Aggregated,221.000000,2.100000,8,10,11,12,16,20,134000,135000,135000,135000,135000,195896,5236,8,3598.237892085835,1.7251030076295137,135310.48064798233,1169.564952832115
1741271288,2000,,Aggregated,219.900000,0.500000,8,10,11,12,16,20,134000,135000,135000,135000,135000,196206,5236,8,3592.571435604752,1.7251030076295137,135310.48064798233,1169.7696604589055
1741271289,2000,,Aggregated,218.700000,0.500000,8,10,11,12,16,20,134000,135000,135000,135000,135000,196380,5236,8,3589.3961777020836,1.7251030076295137,135310.48064798233,1169.7765709339037
1741271290,2000,,Aggregated,220.400000,0.100000,8,10,11,12,16,20,134000,135000,135000,135000,135000,196539,5236,8,3586.499860114817,1.7251030076295137,135310.48064798233,1169.795307801505
1741271291,2000,,Aggregated,218.900000,0.100000,8,10,11,12,16,20,134000,135000,135000,135000,135000,196881,5236,8,3580.284771418688,1.7251030076295137,135310.48064798233,1169.8927575540556
1741271292,2000,,Aggregated,216.800000,0.000000,8,10,11,12,16,20,134000,135000,135000,135000,135000,197038,5236,8,3577.4389323598466,1.7251030076295137,135310.48064798233,1169.932850516144
1741271293,2000,,Aggregated,218.400000,0.000000,8,10,11,12,16,20,134000,135000,135000,135000,135000,197207,5236,8,3574.3803943261883,1.7251030076295137,135310.48064798233,1169.9693621423176
1741271294,2000,,Aggregated,220.300000,0.000000,8,10,11,12,16,20,134000,135000,135000,135000,135000,197527,5236,8,3568.603614616667,1.7251030076295137,135310.48064798233,1170.0918304839338
1741271295,2000,,Aggregated,217.600000,0.000000,8,10,11,12,16,20,134000,135000,135000,135000,135000,197695,5236,8,3565.578730654137,1.7251030076295137,135310.48064798233,1170.1324767950632
1741271296,0,,Aggregated,218.900000,0.000000,8,10,11,12,16,20,134000,135000,135000,135000,856000,198269,5236,8,3585.477090229257,1.7251030076295137,855962.797560991,1170.0787717696664
1741271297,0,,Aggregated,218.900000,0.000000,8,10,11,12,16,20,134000,135000,135000,135000,856000,198269,5236,8,3585.477090229257,1.7251030076295137,855962.797560991,1170.0787717696664
