seconds,active_clients,client_names
0,0,
1,4,tester0|tester1200|tester400|tester800
2,4,tester0|tester1200|tester400|tester800
3,8,tester0|tester1|tester1200|tester1201|tester400|tester401|tester800|tester801
4,8,tester0|tester1|tester1200|tester1201|tester400|tester401|tester800|tester801
5,12,tester0|tester1|tester1200|tester1201|tester1202|tester2|tester400|tester401|tester402|tester800|tester801|tester802
6,12,tester0|tester1|tester1200|tester1201|tester1202|tester2|tester400|tester401|tester402|tester800|tester801|tester802
7,16,tester0|tester1|tester1200|tester1201|tester1202|tester1203|tester2|tester3|tester400|tester401|tester402|tester403|tester800|tester801|tester802|tester803
8,16,tester0|tester1|tester1200|tester1201|tester1202|tester1203|tester2|tester3|tester400|tester401|tester402|tester403|tester800|tester801|tester802|tester803
9,19,UNDEF|tester0|tester1|tester1200|tester1201|tester1202|tester1203|tester2|tester3|tester4|tester400|tester401|tester402|tester403|tester800|tester801|tester802|tester803|tester804
10,20,UNDEF|tester0|tester1|tester1200|tester1201|tester1202|tester1203|tester1204|tester2|tester3|tester4|tester400|tester401|tester402|tester403|tester800|tester801|tester802|tester803|tester804
11,22,UNDEF|tester0|tester1|tester1200|tester1201|tester1202|tester1203|tester1204|tester1205|tester2|tester3|tester4|tester400|tester401|tester402|tester403|tester405|tester800|tester801|tester802|tester803|tester804
12,22,UNDEF|tester0|tester1|tester1200|tester1201|tester1202|tester1203|tester1204|tester1205|tester2|tester3|tester4|tester400|tester401|tester402|tester403|tester405|tester800|tester801|tester802|tester803|tester804
13,24,UNDEF|tester0|tester1|tester1200|tester1201|tester1202|tester1203|tester1204|tester1205|tester2|tester3|tester4|tester400|tester401|tester402|tester403|tester404|tester405|tester406|tester800|tester801|tester802|tester803|tester804
14,27,UNDEF|tester0|tester1|tester1200|tester1201|tester1202|tester1203|tester1204|tester1205|tester1206|tester2|tester3|tester4|tester400|tester401|tester402|tester403|tester404|tester405|tester406|tester800|tester801|tester802|tester803|tester804|tester805|tester806
15,28,UNDEF|tester0|tester1|tester1200|tester1201|tester1202|tester1203|tester1204|tester1205|tester1206|tester2|tester3|tester4|tester400|tester401|tester402|tester403|tester404|tester405|tester406|tester7|tester800|tester801|tester802|tester803|tester804|tester805|tester806
16,29,UNDEF|tester0|tester1|tester1200|tester1201|tester1202|tester1203|tester1204|tester1205|tester1206|tester2|tester3|tester4|tester400|tester401|tester402|tester403|tester404|tester405|tester406|tester5|tester7|tester800|tester801|tester802|tester803|tester804|tester805|tester806
17,32,UNDEF|tester0|tester1|tester1200|tester1201|tester1202|tester1203|tester1204|tester1205|tester1206|tester2|tester3|tester4|tester400|tester401|tester402|tester403|tester404|tester405|tester406|tester407|tester5|tester7|tester8|tester800|tester801|tester802|tester803|tester804|tester805|tester806|tester807
18,32,UNDEF|tester0|tester1|tester1200|tester1201|tester1202|tester1203|tester1204|tester1205|tester1206|tester2|tester3|tester4|tester400|tester401|tester402|tester403|tester404|tester405|tester406|tester407|tester5|tester7|tester8|tester800|tester801|tester802|tester803|tester804|tester805|tester806|tester807
19,33,UNDEF|tester0|tester1|tester1200|tester1201|tester1202|tester1203|tester1204|tester1205|tester1206|tester2|tester3|tester4|tester400|tester401|tester402|tester403|tester404|tester405|tester406|tester407|tester5|tester6|tester7|tester8|tester800|tester801|tester802|tester803|tester804|tester805|tester806|tester807
20,34,UNDEF|tester0|tester1|tester1200|tester1201|tester1202|tester1203|tester1204|tester1205|tester1206|tester2|tester3|tester4|tester400|tester401|tester402|tester403|tester404|tester405|tester406|tester407|tester5|tester6|tester7|tester8|tester800|tester801|tester802|tester803|tester804|tester805|tester806|tester807|tester809
21,37,UNDEF|tester0|tester1|tester1200|tester1201|tester1202|tester1203|tester1204|tester1205|tester1206|tester2|tester3|tester4|tester400|tester401|tester402|tester403|tester404|tester405|tester406|tester407|tester408|tester409|tester5|tester6|tester7|tester8|tester800|tester801|tester802|tester803|tester804|tester805|tester806|tester807|tester808|tester809
22,37,UNDEF|tester0|tester1|tester1200|tester1201|tester1202|tester1203|tester1204|tester1205|tester1206|tester2|tester3|tester4|tester400|tester401|tester402|tester403|tester404|tester405|tester406|tester407|tester408|tester409|tester5|tester6|tester7|tester8|tester800|tester801|tester802|tester803|tester804|tester805|tester806|tester807|tester808|tester809
23,39,UNDEF|tester0|tester1|tester1200|tester1201|tester1202|tester1203|tester1204|tester1205|tester1206|tester1211|tester2|tester3|tester4|tester400|tester401|tester402|tester403|tester404|tester405|tester406|tester407|tester408|tester409|tester411|tester5|tester6|tester7|tester8|tester800|tester801|tester802|tester803|tester804|tester805|tester806|tester807|tester808|tester809
24,39,UNDEF|tester0|tester1|tester1200|tester1201|tester1202|tester1203|tester1204|tester1205|tester1206|tester1211|tester2|tester3|tester4|tester400|tester401|tester402|tester403|tester404|tester405|tester406|tester407|tester408|tester409|tester411|tester5|tester6|tester7|tester8|tester800|tester801|tester802|tester803|tester804|tester805|tester806|tester807|tester808|tester809
25,40,UNDEF|tester0|tester1|tester1200|tester1201|tester1202|tester1203|tester1204|tester1205|tester1206|tester1209|tester1211|tester2|tester3|tester4|tester400|tester401|tester402|tester403|tester404|tester405|tester406|tester407|tester408|tester409|tester411|tester5|tester6|tester7|tester8|tester800|tester801|tester802|tester803|tester804|tester805|tester806|tester807|tester808|tester809
26,40,UNDEF|tester0|tester1|tester1200|tester1201|tester1202|tester1203|tester1204|tester1205|tester1206|tester1209|tester1211|tester2|tester3|tester4|tester400|tester401|tester402|tester403|tester404|tester405|tester406|tester407|tester408|tester409|tester411|tester5|tester6|tester7|tester8|tester800|tester801|tester802|tester803|tester804|tester805|tester806|tester807|tester808|tester809
27,41,UNDEF|tester0|tester1|tester1200|tester1201|tester1202|tester1203|tester1204|tester1205|tester1206|tester1209|tester1211|tester2|tester3|tester4|tester400|tester401|tester402|tester403|tester404|tester405|tester406|tester407|tester408|tester409|tester411|tester5|tester6|tester7|tester8|tester800|tester801|tester802|tester803|tester804|tester805|tester806|tester807|tester808|tester809|tester810
28,41,UNDEF|tester0|tester1|tester1200|tester1201|tester1202|tester1203|tester1204|tester1205|tester1206|tester1209|tester1211|tester2|tester3|tester4|tester400|tester401|tester402|tester403|tester404|tester405|tester406|tester407|tester408|tester409|tester411|tester5|tester6|tester7|tester8|tester800|tester801|tester802|tester803|tester804|tester805|tester806|tester807|tester808|tester809|tester810
29,42,UNDEF|tester0|tester1|tester1200|tester1201|tester1202|tester1203|tester1204|tester1205|tester1206|tester1209|tester1211|tester2|tester3|tester4|tester400|tester401|tester402|tester403|tester404|tester405|tester406|tester407|tester408|tester409|tester411|tester412|tester5|tester6|tester7|tester8|tester800|tester801|tester802|tester803|tester804|tester805|tester806|tester807|tester808|tester809|tester810
30,43,UNDEF|tester0|tester1|tester1200|tester1201|tester1202|tester1203|tester1204|tester1205|tester1206|tester1209|tester1211|tester2|tester3|tester4|tester400|tester401|tester402|tester403|tester404|tester405|tester406|tester407|tester408|tester409|tester410|tester411|tester412|tester5|tester6|tester7|tester8|tester800|tester801|tester802|tester803|tester804|tester805|tester806|tester807|tester808|tester809|tester810
31,43,UNDEF|tester0|tester1|tester1200|tester1201|tester1202|tester1203|tester1204|tester1205|tester1206|tester1209|tester1211|tester2|tester3|tester4|tester400|tester401|tester402|tester403|tester404|tester405|tester406|tester407|tester408|tester409|tester410|tester411|tester412|tester5|tester6|tester7|tester8|tester800|tester801|tester802|tester803|tester804|tester805|tester806|tester807|tester808|tester809|tester810
32,44,UNDEF|tester0|tester1|tester1200|tester1201|tester1202|tester1203|tester1204|tester1205|tester1206|tester1208|tester1209|tester1211|tester2|tester3|tester4|tester400|tester401|tester402|tester403|tester404|tester405|tester406|tester407|tester408|tester409|tester410|tester411|tester412|tester5|tester6|tester7|tester8|tester800|tester801|tester802|tester803|tester804|tester805|tester806|tester807|tester808|tester809|tester810
33,48,UNDEF|tester0|tester1|tester11|tester1200|tester1201|tester1202|tester1203|tester1204|tester1205|tester1206|tester1208|tester1209|tester1211|tester2|tester3|tester4|tester400|tester401|tester402|tester403|tester404|tester405|tester406|tester407|tester408|tester409|tester410|tester411|tester412|tester415|tester5|tester6|tester7|tester8|tester800|tester801|tester802|tester803|tester804|tester805|tester806|tester807|tester808|tester809|tester810|tester813|tester814
34,49,UNDEF|tester0|tester1|tester11|tester1200|tester1201|tester1202|tester1203|tester1204|tester1205|tester1206|tester1208|tester1209|tester1211|tester16|tester2|tester3|tester4|tester400|tester401|tester402|tester403|tester404|tester405|tester406|tester407|tester408|tester409|tester410|tester411|tester412|tester415|tester5|tester6|tester7|tester8|tester800|tester801|tester802|tester803|tester804|tester805|tester806|tester807|tester808|tester809|tester810|tester813|tester814
35,50,UNDEF|tester0|tester1|tester11|tester1200|tester1201|tester1202|tester1203|tester1204|tester1205|tester1206|tester1208|tester1209|tester1211|tester14|tester16|tester2|tester3|tester4|tester400|tester401|tester402|tester403|tester404|tester405|tester406|tester407|tester408|tester409|tester410|tester411|tester412|tester415|tester5|tester6|tester7|tester8|tester800|tester801|tester802|tester803|tester804|tester805|tester806|tester807|tester808|tester809|tester810|tester813|tester814
36,51,UNDEF|tester0|tester1|tester11|tester1200|tester1201|tester1202|tester1203|tester1204|tester1205|tester1206|tester1208|tester1209|tester1211|tester14|tester15|tester16|tester2|tester3|tester4|tester400|tester401|tester402|tester403|tester404|tester405|tester406|tester407|tester408|tester409|tester410|tester411|tester412|tester415|tester5|tester6|tester7|tester8|tester800|tester801|tester802|tester803|tester804|tester805|tester806|tester807|tester808|tester809|tester810|tester813|tester814
37,53,UNDEF|tester0|tester1|tester11|tester1200|tester1201|tester1202|tester1203|tester1204|tester1205|tester1206|tester1208|tester1209|tester1211|tester1213|tester14|tester15|tester16|tester2|tester3|tester4|tester400|tester401|tester402|tester403|tester404|tester405|tester406|tester407|tester408|tester409|tester410|tester411|tester412|tester413|tester415|tester5|tester6|tester7|tester8|tester800|tester801|tester802|tester803|tester804|tester805|tester806|tester807|tester808|tester809|tester810|tester813|tester814
38,54,UNDEF|tester0|tester1|tester11|tester1200|tester1201|tester1202|tester1203|tester1204|tester1205|tester1206|tester1208|tester1209|tester1211|tester1213|tester1217|tester14|tester15|tester16|tester2|tester3|tester4|tester400|tester401|tester402|tester403|tester404|tester405|tester406|tester407|tester408|tester409|tester410|tester411|tester412|tester413|tester415|tester5|tester6|tester7|tester8|tester800|tester801|tester802|tester803|tester804|tester805|tester806|tester807|tester808|tester809|tester810|tester813|tester814
39,56,UNDEF|tester0|tester1|tester11|tester1200|tester1201|tester1202|tester1203|tester1204|tester1205|tester1206|tester1208|tester1209|tester1211|tester1213|tester1217|tester14|tester15|tester16|tester2|tester3|tester4|tester400|tester401|tester402|tester403|tester404|tester405|tester406|tester407|tester408|tester409|tester410|tester411|tester412|tester413|tester415|tester5|tester6|tester7|tester8|tester800|tester801|tester802|tester803|tester804|tester805|tester806|tester807|tester808|tester809|tester810|tester813|tester814|tester815|tester819
40,56,UNDEF|tester0|tester1|tester11|tester1200|tester1201|tester1202|tester1203|tester1204|tester1205|tester1206|tester1208|tester1209|tester1211|tester1213|tester1217|tester14|tester15|tester16|tester2|tester3|tester4|tester400|tester401|tester402|tester403|tester404|tester405|tester406|tester407|tester408|tester409|tester410|tester411|tester412|tester413|tester415|tester5|tester6|tester7|tester8|tester800|tester801|tester802|tester803|tester804|tester805|tester806|tester807|tester808|tester809|tester810|tester813|tester814|tester815|tester819
41,60,UNDEF|tester0|tester1|tester11|tester1200|tester1201|tester1202|tester1203|tester1204|tester1205|tester1206|tester1208|tester1209|tester1211|tester1213|tester1217|tester14|tester15|tester16|tester2|tester3|tester4|tester400|tester401|tester402|tester403|tester404|tester405|tester406|tester407|tester408|tester409|tester410|tester411|tester412|tester413|tester415|tester418|tester420|tester5|tester6|tester7|tester8|tester800|tester801|tester802|tester803|tester804|tester805|tester806|tester807|tester808|tester809|tester810|tester813|tester814|tester815|tester817|tester819|tester820
42,61,UNDEF|tester0|tester1|tester11|tester1200|tester1201|tester1202|tester1203|tester1204|tester1205|tester1206|tester1208|tester1209|tester1211|tester1213|tester1217|tester14|tester15|tester16|tester2|tester3|tester4|tester400|tester401|tester402|tester403|tester404|tester405|tester406|tester407|tester408|tester409|tester410|tester411|tester412|tester413|tester414|tester415|tester418|tester420|tester5|tester6|tester7|tester8|tester800|tester801|tester802|tester803|tester804|tester805|tester806|tester807|tester808|tester809|tester810|tester813|tester814|tester815|tester817|tester819|tester820
43,63,UNDEF|tester0|tester1|tester11|tester1200|tester1201|tester1202|tester1203|tester1204|tester1205|tester1206|tester1208|tester1209|tester1211|tester1213|tester1214|tester1217|tester1221|tester14|tester15|tester16|tester2|tester3|tester4|tester400|tester401|tester402|tester403|tester404|tester405|tester406|tester407|tester408|tester409|tester410|tester411|tester412|tester413|tester414|tester415|tester418|tester420|tester5|tester6|tester7|tester8|tester800|tester801|tester802|tester803|tester804|tester805|tester806|tester807|tester808|tester809|tester810|tester813|tester814|tester815|tester817|tester819|tester820
44,63,UNDEF|tester0|tester1|tester11|tester1200|tester1201|tester1202|tester1203|tester1204|tester1205|tester1206|tester1208|tester1209|tester1211|tester1213|tester1214|tester1217|tester1221|tester14|tester15|tester16|tester2|tester3|tester4|tester400|tester401|tester402|tester403|tester404|tester405|tester406|tester407|tester408|tester409|tester410|tester411|tester412|tester413|tester414|tester415|tester418|tester420|tester5|tester6|tester7|tester8|tester800|tester801|tester802|tester803|tester804|tester805|tester806|tester807|tester808|tester809|tester810|tester813|tester814|tester815|tester817|tester819|tester820
45,64,UNDEF|tester0|tester1|tester11|tester1200|tester1201|tester1202|tester1203|tester1204|tester1205|tester1206|tester1208|tester1209|tester1211|tester1213|tester1214|tester1217|tester1221|tester14|tester15|tester16|tester2|tester3|tester4|tester400|tester401|tester402|tester403|tester404|tester405|tester406|tester407|tester408|tester409|tester410|tester411|tester412|tester413|tester414|tester415|tester418|tester420|tester421|tester5|tester6|tester7|tester8|tester800|tester801|tester802|tester803|tester804|tester805|tester806|tester807|tester808|tester809|tester810|tester813|tester814|tester815|tester817|tester819|tester820
46,65,UNDEF|tester0|tester1|tester11|tester1200|tester1201|tester1202|tester1203|tester1204|tester1205|tester1206|tester1208|tester1209|tester1211|tester1213|tester1214|tester1217|tester1221|tester14|tester15|tester16|tester2|tester3|tester4|tester400|tester401|tester402|tester403|tester404|tester405|tester406|tester407|tester408|tester409|tester410|tester411|tester412|tester413|tester414|tester415|tester418|tester420|tester421|tester5|tester6|tester7|tester8|tester800|tester801|tester802|tester803|tester804|tester805|tester806|tester807|tester808|tester809|tester810|tester813|tester814|tester815|tester817|tester819|tester820|tester822
47,70,UNDEF|tester0|tester1|tester11|tester1200|tester1201|tester1202|tester1203|tester1204|tester1205|tester1206|tester1208|tester1209|tester1210|tester1211|tester1213|tester1214|tester1217|tester1221|tester14|tester15|tester16|tester2|tester22|tester3|tester4|tester400|tester401|tester402|tester403|tester404|tester405|tester406|tester407|tester408|tester409|tester410|tester411|tester412|tester413|tester414|tester415|tester417|tester418|tester420|tester421|tester422|tester5|tester6|tester7|tester8|tester800|tester801|tester802|tester803|tester804|tester805|tester806|tester807|tester808|tester809|tester810|tester813|tester814|tester815|tester817|tester819|tester820|tester821|tester822
48,71,UNDEF|tester0|tester1|tester11|tester1200|tester1201|tester1202|tester1203|tester1204|tester1205|tester1206|tester1208|tester1209|tester1210|tester1211|tester1213|tester1214|tester1217|tester1219|tester1221|tester14|tester15|tester16|tester2|tester22|tester3|tester4|tester400|tester401|tester402|tester403|tester404|tester405|tester406|tester407|tester408|tester409|tester410|tester411|tester412|tester413|tester414|tester415|tester417|tester418|tester420|tester421|tester422|tester5|tester6|tester7|tester8|tester800|tester801|tester802|tester803|tester804|tester805|tester806|tester807|tester808|tester809|tester810|tester813|tester814|tester815|tester817|tester819|tester820|tester821|tester822
49,72,UNDEF|tester0|tester1|tester11|tester1200|tester1201|tester1202|tester1203|tester1204|tester1205|tester1206|tester1208|tester1209|tester1210|tester1211|tester1213|tester1214|tester1217|tester1219|tester1221|tester14|tester15|tester16|tester2|tester22|tester3|tester4|tester400|tester401|tester402|tester403|tester404|tester405|tester406|tester407|tester408|tester409|tester410|tester411|tester412|tester413|tester414|tester415|tester417|tester418|tester420|tester421|tester422|tester5|tester6|tester7|tester8|tester800|tester801|tester802|tester803|tester804|tester805|tester806|tester807|tester808|tester809|tester810|tester813|tester814|tester815|tester817|tester819|tester820|tester821|tester822|tester823
50,74,UNDEF|tester0|tester1|tester11|tester1200|tester1201|tester1202|tester1203|tester1204|tester1205|tester1206|tester1208|tester1209|tester1210|tester1211|tester1213|tester1214|tester1217|tester1219|tester1221|tester14|tester15|tester16|tester2|tester21|tester22|tester23|tester3|tester4|tester400|tester401|tester402|tester403|tester404|tester405|tester406|tester407|tester408|tester409|tester410|tester411|tester412|tester413|tester414|tester415|tester417|tester418|tester420|tester421|tester422|tester5|tester6|tester7|tester8|tester800|tester801|tester802|tester803|tester804|tester805|tester806|tester807|tester808|tester809|tester810|tester813|tester814|tester815|tester817|tester819|tester820|tester821|tester822|tester823
51,78,UNDEF|tester0|tester1|tester11|tester1200|tester1201|tester1202|tester1203|tester1204|tester1205|tester1206|tester1208|tester1209|tester1210|tester1211|tester1213|tester1214|tester1217|tester1218|tester1219|tester1221|tester1224|tester14|tester15|tester16|tester19|tester2|tester21|tester22|tester23|tester3|tester4|tester400|tester401|tester402|tester403|tester404|tester405|tester406|tester407|tester408|tester409|tester410|tester411|tester412|tester413|tester414|tester415|tester417|tester418|tester419|tester420|tester421|tester422|tester5|tester6|tester7|tester8|tester800|tester801|tester802|tester803|tester804|tester805|tester806|tester807|tester808|tester809|tester810|tester813|tester814|tester815|tester817|tester819|tester820|tester821|tester822|tester823
52,79,UNDEF|tester0|tester1|tester11|tester1200|tester1201|tester1202|tester1203|tester1204|tester1205|tester1206|tester1208|tester1209|tester1210|tester1211|tester1213|tester1214|tester1217|tester1218|tester1219|tester1221|tester1222|tester1224|tester14|tester15|tester16|tester19|tester2|tester21|tester22|tester23|tester3|tester4|tester400|tester401|tester402|tester403|tester404|tester405|tester406|tester407|tester408|tester409|tester410|tester411|tester412|tester413|tester414|tester415|tester417|tester418|tester419|tester420|tester421|tester422|tester5|tester6|tester7|tester8|tester800|tester801|tester802|tester803|tester804|tester805|tester806|tester807|tester808|tester809|tester810|tester813|tester814|tester815|tester817|tester819|tester820|tester821|tester822|tester823
53,82,UNDEF|tester0|tester1|tester11|tester1200|tester1201|tester1202|tester1203|tester1204|tester1205|tester1206|tester1208|tester1209|tester1210|tester1211|tester1213|tester1214|tester1217|tester1218|tester1219|tester1221|tester1222|tester1224|tester14|tester15|tester16|tester18|tester19|tester2|tester20|tester21|tester22|tester23|tester25|tester3|tester4|tester400|tester401|tester402|tester403|tester404|tester405|tester406|tester407|tester408|tester409|tester410|tester411|tester412|tester413|tester414|tester415|tester417|tester418|tester419|tester420|tester421|tester422|tester5|tester6|tester7|tester8|tester800|tester801|tester802|tester803|tester804|tester805|tester806|tester807|tester808|tester809|tester810|tester813|tester814|tester815|tester817|tester819|tester820|tester821|tester822|tester823
54,83,UNDEF|tester0|tester1|tester11|tester1200|tester1201|tester1202|tester1203|tester1204|tester1205|tester1206|tester1208|tester1209|tester1210|tester1211|tester1213|tester1214|tester1217|tester1218|tester1219|tester1221|tester1222|tester1224|tester14|tester15|tester16|tester18|tester19|tester2|tester20|tester21|tester22|tester23|tester25|tester3|tester4|tester400|tester401|tester402|tester403|tester404|tester405|tester406|tester407|tester408|tester409|tester410|tester411|tester412|tester413|tester414|tester415|tester417|tester418|tester419|tester420|tester421|tester422|tester426|tester5|tester6|tester7|tester8|tester800|tester801|tester802|tester803|tester804|tester805|tester806|tester807|tester808|tester809|tester810|tester813|tester814|tester815|tester817|tester819|tester820|tester821|tester822|tester823
55,86,UNDEF|tester0|tester1|tester11|tester1200|tester1201|tester1202|tester1203|tester1204|tester1205|tester1206|tester1208|tester1209|tester1210|tester1211|tester1213|tester1214|tester1217|tester1218|tester1219|tester1221|tester1222|tester1224|tester13|tester14|tester15|tester16|tester18|tester19|tester2|tester20|tester21|tester22|tester23|tester25|tester3|tester4|tester400|tester401|tester402|tester403|tester404|tester405|tester406|tester407|tester408|tester409|tester410|tester411|tester412|tester413|tester414|tester415|tester417|tester418|tester419|tester420|tester421|tester422|tester425|tester426|tester427|tester5|tester6|tester7|tester8|tester800|tester801|tester802|tester803|tester804|tester805|tester806|tester807|tester808|tester809|tester810|tester813|tester814|tester815|tester817|tester819|tester820|tester821|tester822|tester823
56,86,UNDEF|tester0|tester1|tester11|tester1200|tester1201|tester1202|tester1203|tester1204|tester1205|tester1206|tester1208|tester1209|tester1210|tester1211|tester1213|tester1214|tester1217|tester1218|tester1219|tester1221|tester1222|tester1224|tester13|tester14|tester15|tester16|tester18|tester19|tester2|tester20|tester21|tester22|tester23|tester25|tester3|tester4|tester400|tester401|tester402|tester403|tester404|tester405|tester406|tester407|tester408|tester409|tester410|tester411|tester412|tester413|tester414|tester415|tester417|tester418|tester419|tester420|tester421|tester422|tester425|tester426|tester427|tester5|tester6|tester7|tester8|tester800|tester801|tester802|tester803|tester804|tester805|tester806|tester807|tester808|tester809|tester810|tester813|tester814|tester815|tester817|tester819|tester820|tester821|tester822|tester823
57,87,UNDEF|tester0|tester1|tester11|tester1200|tester1201|tester1202|tester1203|tester1204|tester1205|tester1206|tester1208|tester1209|tester1210|tester1211|tester1213|tester1214|tester1217|tester1218|tester1219|tester1221|tester1222|tester1224|tester13|tester14|tester15|tester16|tester18|tester19|tester2|tester20|tester21|tester22|tester23|tester25|tester26|tester3|tester4|tester400|tester401|tester402|tester403|tester404|tester405|tester406|tester407|tester408|tester409|tester410|tester411|tester412|tester413|tester414|tester415|tester417|tester418|tester419|tester420|tester421|tester422|tester425|tester426|tester427|tester5|tester6|tester7|tester8|tester800|tester801|tester802|tester803|tester804|tester805|tester806|tester807|tester808|tester809|tester810|tester813|tester814|tester815|tester817|tester819|tester820|tester821|tester822|tester823
58,88,UNDEF|tester0|tester1|tester11|tester1200|tester1201|tester1202|tester1203|tester1204|tester1205|tester1206|tester1208|tester1209|tester1210|tester1211|tester1212|tester1213|tester1214|tester1217|tester1218|tester1219|tester1221|tester1222|tester1224|tester13|tester14|tester15|tester16|tester18|tester19|tester2|tester20|tester21|tester22|tester23|tester25|tester26|tester3|tester4|tester400|tester401|tester402|tester403|tester404|tester405|tester406|tester407|tester408|tester409|tester410|tester411|tester412|tester413|tester414|tester415|tester417|tester418|tester419|tester420|tester421|tester422|tester425|tester426|tester427|tester5|tester6|tester7|tester8|tester800|tester801|tester802|tester803|tester804|tester805|tester806|tester807|tester808|tester809|tester810|tester813|tester814|tester815|tester817|tester819|tester820|tester821|tester822|tester823
59,90,UNDEF|tester0|tester1|tester11|tester1200|tester1201|tester1202|tester1203|tester1204|tester1205|tester1206|tester1208|tester1209|tester1210|tester1211|tester1212|tester1213|tester1214|tester1217|tester1218|tester1219|tester1221|tester1222|tester1223|tester1224|tester13|tester14|tester15|tester16|tester18|tester19|tester2|tester20|tester21|tester22|tester23|tester25|tester26|tester3|tester4|tester400|tester401|tester402|tester403|tester404|tester405|tester406|tester407|tester408|tester409|tester410|tester411|tester412|tester413|tester414|tester415|tester417|tester418|tester419|tester420|tester421|tester422|tester425|tester426|tester427|tester5|tester6|tester7|tester8|tester800|tester801|tester802|tester803|tester804|tester805|tester806|tester807|tester808|tester809|tester810|tester812|tester813|tester814|tester815|tester817|tester819|tester820|tester821|tester822|tester823
60,92,UNDEF|tester0|tester1|tester11|tester1200|tester1201|tester1202|tester1203|tester1204|tester1205|tester1206|tester1208|tester1209|tester1210|tester1211|tester1212|tester1213|tester1214|tester1217|tester1218|tester1219|tester1221|tester1222|tester1223|tester1224|tester1227|tester13|tester14|tester15|tester16|tester18|tester19|tester2|tester20|tester21|tester22|tester23|tester25|tester26|tester29|tester3|tester4|tester400|tester401|tester402|tester403|tester404|tester405|tester406|tester407|tester408|tester409|tester410|tester411|tester412|tester413|tester414|tester415|tester417|tester418|tester419|tester420|tester421|tester422|tester425|tester426|tester427|tester5|tester6|tester7|tester8|tester800|tester801|tester802|tester803|tester804|tester805|tester806|tester807|tester808|tester809|tester810|tester812|tester813|tester814|tester815|tester817|tester819|tester820|tester821|tester822|tester823
61,93,UNDEF|tester0|tester1|tester11|tester1200|tester1201|tester1202|tester1203|tester1204|tester1205|tester1206|tester1208|tester1209|tester1210|tester1211|tester1212|tester1213|tester1214|tester1217|tester1218|tester1219|tester1221|tester1222|tester1223|tester1224|tester1227|tester13|tester14|tester15|tester16|tester18|tester19|tester2|tester20|tester21|tester22|tester23|tester25|tester26|tester29|tester3|tester4|tester400|tester401|tester402|tester403|tester404|tester405|tester406|tester407|tester408|tester409|tester410|tester411|tester412|tester413|tester414|tester415|tester417|tester418|tester419|tester420|tester421|tester422|tester423|tester425|tester426|tester427|tester5|tester6|tester7|tester8|tester800|tester801|tester802|tester803|tester804|tester805|tester806|tester807|tester808|tester809|tester810|tester812|tester813|tester814|tester815|tester817|tester819|tester820|tester821|tester822|tester823
62,97,UNDEF|tester0|tester1|tester11|tester1200|tester1201|tester1202|tester1203|tester1204|tester1205|tester1206|tester1208|tester1209|tester1210|tester1211|tester1212|tester1213|tester1214|tester1216|tester1217|tester1218|tester1219|tester1221|tester1222|tester1223|tester1224|tester1227|tester13|tester14|tester15|tester16|tester18|tester19|tester2|tester20|tester21|tester22|tester23|tester25|tester26|tester29|tester3|tester30|tester4|tester400|tester401|tester402|tester403|tester404|tester405|tester406|tester407|tester408|tester409|tester410|tester411|tester412|tester413|tester414|tester415|tester417|tester418|tester419|tester420|tester421|tester422|tester423|tester425|tester426|tester427|tester428|tester5|tester6|tester7|tester8|tester800|tester801|tester802|tester803|tester804|tester805|tester806|tester807|tester808|tester809|tester810|tester812|tester813|tester814|tester815|tester816|tester817|tester819|tester820|tester821|tester822|tester823
63,97,UNDEF|tester0|tester1|tester11|tester1200|tester1201|tester1202|tester1203|tester1204|tester1205|tester1206|tester1208|tester1209|tester1210|tester1211|tester1212|tester1213|tester1214|tester1216|tester1217|tester1218|tester1219|tester1221|tester1222|tester1223|tester1224|tester1227|tester13|tester14|tester15|tester16|tester18|tester19|tester2|tester20|tester21|tester22|tester23|tester25|tester26|tester29|tester3|tester30|tester4|tester400|tester401|tester402|tester403|tester404|tester405|tester406|tester407|tester408|tester409|tester410|tester411|tester412|tester413|tester414|tester415|tester417|tester418|tester419|tester420|tester421|tester422|tester423|tester425|tester426|tester427|tester428|tester5|tester6|tester7|tester8|tester800|tester801|tester802|tester803|tester804|tester805|tester806|tester807|tester808|tester809|tester810|tester812|tester813|tester814|tester815|tester816|tester817|tester819|tester820|tester821|tester822|tester823
64,97,UNDEF|tester0|tester1|tester11|tester1200|tester1201|tester1202|tester1203|tester1204|tester1205|tester1206|tester1208|tester1209|tester1210|tester1211|tester1212|tester1213|tester1214|tester1216|tester1217|tester1218|tester1219|tester1221|tester1222|tester1223|tester1224|tester1227|tester13|tester14|tester15|tester16|tester18|tester19|tester2|tester20|tester21|tester22|tester23|tester25|tester26|tester29|tester3|tester30|tester4|tester400|tester401|tester402|tester403|tester404|tester405|tester406|tester407|tester408|tester409|tester410|tester411|tester412|tester413|tester414|tester415|tester417|tester418|tester419|tester420|tester421|tester422|tester423|tester425|tester426|tester427|tester428|tester5|tester6|tester7|tester8|tester800|tester801|tester802|tester803|tester804|tester805|tester806|tester807|tester808|tester809|tester810|tester812|tester813|tester814|tester815|tester816|tester817|tester819|tester820|tester821|tester822|tester823
65,98,UNDEF|tester0|tester1|tester11|tester1200|tester1201|tester1202|tester1203|tester1204|tester1205|tester1206|tester1208|tester1209|tester1210|tester1211|tester1212|tester1213|tester1214|tester1216|tester1217|tester1218|tester1219|tester1221|tester1222|tester1223|tester1224|tester1227|tester1231|tester13|tester14|tester15|tester16|tester18|tester19|tester2|tester20|tester21|tester22|tester23|tester25|tester26|tester29|tester3|tester30|tester4|tester400|tester401|tester402|tester403|tester404|tester405|tester406|tester407|tester408|tester409|tester410|tester411|tester412|tester413|tester414|tester415|tester417|tester418|tester419|tester420|tester421|tester422|tester423|tester425|tester426|tester427|tester428|tester5|tester6|tester7|tester8|tester800|tester801|tester802|tester803|tester804|tester805|tester806|tester807|tester808|tester809|tester810|tester812|tester813|tester814|tester815|tester816|tester817|tester819|tester820|tester821|tester822|tester823
66,99,UNDEF|tester0|tester1|tester11|tester1200|tester1201|tester1202|tester1203|tester1204|tester1205|tester1206|tester1208|tester1209|tester1210|tester1211|tester1212|tester1213|tester1214|tester1216|tester1217|tester1218|tester1219|tester1221|tester1222|tester1223|tester1224|tester1227|tester1229|tester1231|tester13|tester14|tester15|tester16|tester18|tester19|tester2|tester20|tester21|tester22|tester23|tester25|tester26|tester29|tester3|tester30|tester4|tester400|tester401|tester402|tester403|tester404|tester405|tester406|tester407|tester408|tester409|tester410|tester411|tester412|tester413|tester414|tester415|tester417|tester418|tester419|tester420|tester421|tester422|tester423|tester425|tester426|tester427|tester428|tester5|tester6|tester7|tester8|tester800|tester801|tester802|tester803|tester804|tester805|tester806|tester807|tester808|tester809|tester810|tester812|tester813|tester814|tester815|tester816|tester817|tester819|tester820|tester821|tester822|tester823
67,102,UNDEF|tester0|tester1|tester11|tester1200|tester1201|tester1202|tester1203|tester1204|tester1205|tester1206|tester1208|tester1209|tester1210|tester1211|tester1212|tester1213|tester1214|tester1216|tester1217|tester1218|tester1219|tester1221|tester1222|tester1223|tester1224|tester1227|tester1229|tester1231|tester1232|tester13|tester14|tester15|tester16|tester18|tester19|tester2|tester20|tester21|tester22|tester23|tester25|tester26|tester29|tester3|tester30|tester31|tester4|tester400|tester401|tester402|tester403|tester404|tester405|tester406|tester407|tester408|tester409|tester410|tester411|tester412|tester413|tester414|tester415|tester417|tester418|tester419|tester420|tester421|tester422|tester423|tester425|tester426|tester427|tester428|tester5|tester6|tester7|tester8|tester800|tester801|tester802|tester803|tester804|tester805|tester806|tester807|tester808|tester809|tester810|tester812|tester813|tester814|tester815|tester816|tester817|tester818|tester819|tester820|tester821|tester822|tester823
68,104,UNDEF|tester0|tester1|tester11|tester1200|tester1201|tester1202|tester1203|tester1204|tester1205|tester1206|tester1208|tester1209|tester1210|tester1211|tester1212|tester1213|tester1214|tester1216|tester1217|tester1218|tester1219|tester1221|tester1222|tester1223|tester1224|tester1227|tester1229|tester1230|tester1231|tester1232|tester13|tester14|tester15|tester16|tester18|tester19|tester2|tester20|tester21|tester22|tester23|tester25|tester26|tester29|tester3|tester30|tester31|tester4|tester400|tester401|tester402|tester403|tester404|tester405|tester406|tester407|tester408|tester409|tester410|tester411|tester412|tester413|tester414|tester415|tester417|tester418|tester419|tester420|tester421|tester422|tester423|tester425|tester426|tester427|tester428|tester433|tester5|tester6|tester7|tester8|tester800|tester801|tester802|tester803|tester804|tester805|tester806|tester807|tester808|tester809|tester810|tester812|tester813|tester814|tester815|tester816|tester817|tester818|tester819|tester820|tester821|tester822|tester823
69,106,UNDEF|tester0|tester1|tester11|tester1200|tester1201|tester1202|tester1203|tester1204|tester1205|tester1206|tester1208|tester1209|tester1210|tester1211|tester1212|tester1213|tester1214|tester1216|tester1217|tester1218|tester1219|tester1221|tester1222|tester1223|tester1224|tester1227|tester1228|tester1229|tester1230|tester1231|tester1232|tester13|tester14|tester15|tester16|tester18|tester19|tester2|tester20|tester21|tester22|tester23|tester25|tester26|tester29|tester3|tester30|tester31|tester32|tester4|tester400|tester401|tester402|tester403|tester404|tester405|tester406|tester407|tester408|tester409|tester410|tester411|tester412|tester413|tester414|tester415|tester417|tester418|tester419|tester420|tester421|tester422|tester423|tester425|tester426|tester427|tester428|tester433|tester5|tester6|tester7|tester8|tester800|tester801|tester802|tester803|tester804|tester805|tester806|tester807|tester808|tester809|tester810|tester812|tester813|tester814|tester815|tester816|tester817|tester818|tester819|tester820|tester821|tester822|tester823
70,106,UNDEF|tester0|tester1|tester11|tester1200|tester1201|tester1202|tester1203|tester1204|tester1205|tester1206|tester1208|tester1209|tester1210|tester1211|tester1212|tester1213|tester1214|tester1216|tester1217|tester1218|tester1219|tester1221|tester1222|tester1223|tester1224|tester1227|tester1228|tester1229|tester1230|tester1231|tester1232|tester13|tester14|tester15|tester16|tester18|tester19|tester2|tester20|tester21|tester22|tester23|tester25|tester26|tester29|tester3|tester30|tester31|tester32|tester4|tester400|tester401|tester402|tester403|tester404|tester405|tester406|tester407|tester408|tester409|tester410|tester411|tester412|tester413|tester414|tester415|tester417|tester418|tester419|tester420|tester421|tester422|tester423|tester425|tester426|tester427|tester428|tester433|tester5|tester6|tester7|tester8|tester800|tester801|tester802|tester803|tester804|tester805|tester806|tester807|tester808|tester809|tester810|tester812|tester813|tester814|tester815|tester816|tester817|tester818|tester819|tester820|tester821|tester822|tester823
71,108,UNDEF|tester0|tester1|tester11|tester1200|tester1201|tester1202|tester1203|tester1204|tester1205|tester1206|tester1208|tester1209|tester1210|tester1211|tester1212|tester1213|tester1214|tester1216|tester1217|tester1218|tester1219|tester1221|tester1222|tester1223|tester1224|tester1227|tester1228|tester1229|tester1230|tester1231|tester1232|tester1234|tester13|tester14|tester15|tester16|tester18|tester19|tester2|tester20|tester21|tester22|tester23|tester25|tester26|tester29|tester3|tester30|tester31|tester32|tester4|tester400|tester401|tester402|tester403|tester404|tester405|tester406|tester407|tester408|tester409|tester410|tester411|tester412|tester413|tester414|tester415|tester417|tester418|tester419|tester420|tester421|tester422|tester423|tester425|tester426|tester427|tester428|tester432|tester433|tester5|tester6|tester7|tester8|tester800|tester801|tester802|tester803|tester804|tester805|tester806|tester807|tester808|tester809|tester810|tester812|tester813|tester814|tester815|tester816|tester817|tester818|tester819|tester820|tester821|tester822|tester823
72,109,UNDEF|tester0|tester1|tester11|tester1200|tester1201|tester1202|tester1203|tester1204|tester1205|tester1206|tester1208|tester1209|tester1210|tester1211|tester1212|tester1213|tester1214|tester1216|tester1217|tester1218|tester1219|tester1221|tester1222|tester1223|tester1224|tester1227|tester1228|tester1229|tester1230|tester1231|tester1232|tester1234|tester13|tester14|tester15|tester16|tester18|tester19|tester2|tester20|tester21|tester22|tester23|tester25|tester26|tester29|tester3|tester30|tester31|tester32|tester4|tester400|tester401|tester402|tester403|tester404|tester405|tester406|tester407|tester408|tester409|tester410|tester411|tester412|tester413|tester414|tester415|tester417|tester418|tester419|tester420|tester421|tester422|tester423|tester425|tester426|tester427|tester428|tester431|tester432|tester433|tester5|tester6|tester7|tester8|tester800|tester801|tester802|tester803|tester804|tester805|tester806|tester807|tester808|tester809|tester810|tester812|tester813|tester814|tester815|tester816|tester817|tester818|tester819|tester820|tester821|tester822|tester823
73,112,UNDEF|tester0|tester1|tester11|tester1200|tester1201|tester1202|tester1203|tester1204|tester1205|tester1206|tester1208|tester1209|tester1210|tester1211|tester1212|tester1213|tester1214|tester1216|tester1217|tester1218|tester1219|tester1221|tester1222|tester1223|tester1224|tester1227|tester1228|tester1229|tester1230|tester1231|tester1232|tester1233|tester1234|tester13|tester14|tester15|tester16|tester18|tester19|tester2|tester20|tester21|tester22|tester23|tester25|tester26|tester29|tester3|tester30|tester31|tester32|tester34|tester36|tester4|tester400|tester401|tester402|tester403|tester404|tester405|tester406|tester407|tester408|tester409|tester410|tester411|tester412|tester413|tester414|tester415|tester417|tester418|tester419|tester420|tester421|tester422|tester423|tester425|tester426|tester427|tester428|tester431|tester432|tester433|tester5|tester6|tester7|tester8|tester800|tester801|tester802|tester803|tester804|tester805|tester806|tester807|tester808|tester809|tester810|tester812|tester813|tester814|tester815|tester816|tester817|tester818|tester819|tester820|tester821|tester822|tester823
74,113,UNDEF|tester0|tester1|tester11|tester1200|tester1201|tester1202|tester1203|tester1204|tester1205|tester1206|tester1208|tester1209|tester1210|tester1211|tester1212|tester1213|tester1214|tester1216|tester1217|tester1218|tester1219|tester1221|tester1222|tester1223|tester1224|tester1227|tester1228|tester1229|tester1230|tester1231|tester1232|tester1233|tester1234|tester13|tester14|tester15|tester16|tester18|tester19|tester2|tester20|tester21|tester22|tester23|tester25|tester26|tester29|tester3|tester30|tester31|tester32|tester34|tester36|tester4|tester400|tester401|tester402|tester403|tester404|tester405|tester406|tester407|tester408|tester409|tester410|tester411|tester412|tester413|tester414|tester415|tester417|tester418|tester419|tester420|tester421|tester422|tester423|tester425|tester426|tester427|tester428|tester431|tester432|tester433|tester436|tester5|tester6|tester7|tester8|tester800|tester801|tester802|tester803|tester804|tester805|tester806|tester807|tester808|tester809|tester810|tester812|tester813|tester814|tester815|tester816|tester817|tester818|tester819|tester820|tester821|tester822|tester823
75,115,UNDEF|tester0|tester1|tester11|tester1200|tester1201|tester1202|tester1203|tester1204|tester1205|tester1206|tester1208|tester1209|tester1210|tester1211|tester1212|tester1213|tester1214|tester1216|tester1217|tester1218|tester1219|tester1221|tester1222|tester1223|tester1224|tester1227|tester1228|tester1229|tester1230|tester1231|tester1232|tester1233|tester1234|tester13|tester14|tester15|tester16|tester18|tester19|tester2|tester20|tester21|tester22|tester23|tester25|tester26|tester29|tester3|tester30|tester31|tester32|tester34|tester35|tester36|tester4|tester400|tester401|tester402|tester403|tester404|tester405|tester406|tester407|tester408|tester409|tester410|tester411|tester412|tester413|tester414|tester415|tester417|tester418|tester419|tester420|tester421|tester422|tester423|tester425|tester426|tester427|tester428|tester431|tester432|tester433|tester436|tester5|tester6|tester7|tester8|tester800|tester801|tester802|tester803|tester804|tester805|tester806|tester807|tester808|tester809|tester810|tester812|tester813|tester814|tester815|tester816|tester817|tester818|tester819|tester820|tester821|tester822|tester823|tester833
76,116,UNDEF|tester0|tester1|tester11|tester1200|tester1201|tester1202|tester1203|tester1204|tester1205|tester1206|tester1208|tester1209|tester1210|tester1211|tester1212|tester1213|tester1214|tester1216|tester1217|tester1218|tester1219|tester1221|tester1222|tester1223|tester1224|tester1227|tester1228|tester1229|tester1230|tester1231|tester1232|tester1233|tester1234|tester13|tester14|tester15|tester16|tester18|tester19|tester2|tester20|tester21|tester22|tester23|tester25|tester26|tester29|tester3|tester30|tester31|tester32|tester34|tester35|tester36|tester4|tester400|tester401|tester402|tester403|tester404|tester405|tester406|tester407|tester408|tester409|tester410|tester411|tester412|tester413|tester414|tester415|tester417|tester418|tester419|tester420|tester421|tester422|tester423|tester425|tester426|tester427|tester428|tester431|tester432|tester433|tester436|tester5|tester6|tester7|tester8|tester800|tester801|tester802|tester803|tester804|tester805|tester806|tester807|tester808|tester809|tester810|tester812|tester813|tester814|tester815|tester816|tester817|tester818|tester819|tester820|tester821|tester822|tester823|tester830|tester833
77,116,UNDEF|tester0|tester1|tester11|tester1200|tester1201|tester1202|tester1203|tester1204|tester1205|tester1206|tester1208|tester1209|tester1210|tester1211|tester1212|tester1213|tester1214|tester1216|tester1217|tester1218|tester1219|tester1221|tester1222|tester1223|tester1224|tester1227|tester1228|tester1229|tester1230|tester1231|tester1232|tester1233|tester1234|tester13|tester14|tester15|tester16|tester18|tester19|tester2|tester20|tester21|tester22|tester23|tester25|tester26|tester29|tester3|tester30|tester31|tester32|tester34|tester35|tester36|tester4|tester400|tester401|tester402|tester403|tester404|tester405|tester406|tester407|tester408|tester409|tester410|tester411|tester412|tester413|tester414|tester415|tester417|tester418|tester419|tester420|tester421|tester422|tester423|tester425|tester426|tester427|tester428|tester431|tester432|tester433|tester436|tester5|tester6|tester7|tester8|tester800|tester801|tester802|tester803|tester804|tester805|tester806|tester807|tester808|tester809|tester810|tester812|tester813|tester814|tester815|tester816|tester817|tester818|tester819|tester820|tester821|tester822|tester823|tester830|tester833
78,116,UNDEF|tester0|tester1|tester11|tester1200|tester1201|tester1202|tester1203|tester1204|tester1205|tester1206|tester1208|tester1209|tester1210|tester1211|tester1212|tester1213|tester1214|tester1216|tester1217|tester1218|tester1219|tester1221|tester1222|tester1223|tester1224|tester1227|tester1228|tester1229|tester1230|tester1231|tester1232|tester1233|tester1234|tester13|tester14|tester15|tester16|tester18|tester19|tester2|tester20|tester21|tester22|tester23|tester25|tester26|tester29|tester3|tester30|tester31|tester32|tester34|tester35|tester36|tester4|tester400|tester401|tester402|tester403|tester404|tester405|tester406|tester407|tester408|tester409|tester410|tester411|tester412|tester413|tester414|tester415|tester417|tester418|tester419|tester420|tester421|tester422|tester423|tester425|tester426|tester427|tester428|tester431|tester432|tester433|tester436|tester5|tester6|tester7|tester8|tester800|tester801|tester802|tester803|tester804|tester805|tester806|tester807|tester808|tester809|tester810|tester812|tester813|tester814|tester815|tester816|tester817|tester818|tester819|tester820|tester821|tester822|tester823|tester830|tester833
79,120,UNDEF|tester0|tester1|tester11|tester1200|tester1201|tester1202|tester1203|tester1204|tester1205|tester1206|tester1208|tester1209|tester1210|tester1211|tester1212|tester1213|tester1214|tester1216|tester1217|tester1218|tester1219|tester1221|tester1222|tester1223|tester1224|tester1227|tester1228|tester1229|tester1230|tester1231|tester1232|tester1233|tester1234|tester1239|tester13|tester14|tester15|tester16|tester18|tester19|tester2|tester20|tester21|tester22|tester23|tester25|tester26|tester29|tester3|tester30|tester31|tester32|tester34|tester35|tester36|tester38|tester4|tester400|tester401|tester402|tester403|tester404|tester405|tester406|tester407|tester408|tester409|tester410|tester411|tester412|tester413|tester414|tester415|tester417|tester418|tester419|tester420|tester421|tester422|tester423|tester425|tester426|tester427|tester428|tester431|tester432|tester433|tester436|tester5|tester6|tester7|tester8|tester800|tester801|tester802|tester803|tester804|tester805|tester806|tester807|tester808|tester809|tester810|tester812|tester813|tester814|tester815|tester816|tester817|tester818|tester819|tester820|tester821|tester822|tester823|tester830|tester833|tester837|tester839
80,120,UNDEF|tester0|tester1|tester11|tester1200|tester1201|tester1202|tester1203|tester1204|tester1205|tester1206|tester1208|tester1209|tester1210|tester1211|tester1212|tester1213|tester1214|tester1216|tester1217|tester1218|tester1219|tester1221|tester1222|tester1223|tester1224|tester1227|tester1228|tester1229|tester1230|tester1231|tester1232|tester1233|tester1234|tester1239|tester13|tester14|tester15|tester16|tester18|tester19|tester2|tester20|tester21|tester22|tester23|tester25|tester26|tester29|tester3|tester30|tester31|tester32|tester34|tester35|tester36|tester38|tester4|tester400|tester401|tester402|tester403|tester404|tester405|tester406|tester407|tester408|tester409|tester410|tester411|tester412|tester413|tester414|tester415|tester417|tester418|tester419|tester420|tester421|tester422|tester423|tester425|tester426|tester427|tester428|tester431|tester432|tester433|tester436|tester5|tester6|tester7|tester8|tester800|tester801|tester802|tester803|tester804|tester805|tester806|tester807|tester808|tester809|tester810|tester812|tester813|tester814|tester815|tester816|tester817|tester818|tester819|tester820|tester821|tester822|tester823|tester830|tester833|tester837|tester839
81,121,UNDEF|tester0|tester1|tester11|tester1200|tester1201|tester1202|tester1203|tester1204|tester1205|tester1206|tester1208|tester1209|tester1210|tester1211|tester1212|tester1213|tester1214|tester1216|tester1217|tester1218|tester1219|tester1221|tester1222|tester1223|tester1224|tester1227|tester1228|tester1229|tester1230|tester1231|tester1232|tester1233|tester1234|tester1239|tester13|tester14|tester15|tester16|tester18|tester19|tester2|tester20|tester21|tester22|tester23|tester25|tester26|tester29|tester3|tester30|tester31|tester32|tester34|tester35|tester36|tester38|tester4|tester40|tester400|tester401|tester402|tester403|tester404|tester405|tester406|tester407|tester408|tester409|tester410|tester411|tester412|tester413|tester414|tester415|tester417|tester418|tester419|tester420|tester421|tester422|tester423|tester425|tester426|tester427|tester428|tester431|tester432|tester433|tester436|tester5|tester6|tester7|tester8|tester800|tester801|tester802|tester803|tester804|tester805|tester806|tester807|tester808|tester809|tester810|tester812|tester813|tester814|tester815|tester816|tester817|tester818|tester819|tester820|tester821|tester822|tester823|tester830|tester833|tester837|tester839
82,122,UNDEF|tester0|tester1|tester11|tester1200|tester1201|tester1202|tester1203|tester1204|tester1205|tester1206|tester1208|tester1209|tester1210|tester1211|tester1212|tester1213|tester1214|tester1216|tester1217|tester1218|tester1219|tester1221|tester1222|tester1223|tester1224|tester1227|tester1228|tester1229|tester1230|tester1231|tester1232|tester1233|tester1234|tester1238|tester1239|tester13|tester14|tester15|tester16|tester18|tester19|tester2|tester20|tester21|tester22|tester23|tester25|tester26|tester29|tester3|tester30|tester31|tester32|tester34|tester35|tester36|tester38|tester4|tester40|tester400|tester401|tester402|tester403|tester404|tester405|tester406|tester407|tester408|tester409|tester410|tester411|tester412|tester413|tester414|tester415|tester417|tester418|tester419|tester420|tester421|tester422|tester423|tester425|tester426|tester427|tester428|tester431|tester432|tester433|tester436|tester5|tester6|tester7|tester8|tester800|tester801|tester802|tester803|tester804|tester805|tester806|tester807|tester808|tester809|tester810|tester812|tester813|tester814|tester815|tester816|tester817|tester818|tester819|tester820|tester821|tester822|tester823|tester830|tester833|tester837|tester839
83,122,UNDEF|tester0|tester1|tester11|tester1200|tester1201|tester1202|tester1203|tester1204|tester1205|tester1206|tester1208|tester1209|tester1210|tester1211|tester1212|tester1213|tester1214|tester1216|tester1217|tester1218|tester1219|tester1221|tester1222|tester1223|tester1224|tester1227|tester1228|tester1229|tester1230|tester1231|tester1232|tester1233|tester1234|tester1238|tester1239|tester13|tester14|tester15|tester16|tester18|tester19|tester2|tester20|tester21|tester22|tester23|tester25|tester26|tester29|tester3|tester30|tester31|tester32|tester34|tester35|tester36|tester38|tester4|tester40|tester400|tester401|tester402|tester403|tester404|tester405|tester406|tester407|tester408|tester409|tester410|tester411|tester412|tester413|tester414|tester415|tester417|tester418|tester419|tester420|tester421|tester422|tester423|tester425|tester426|tester427|tester428|tester431|tester432|tester433|tester436|tester5|tester6|tester7|tester8|tester800|tester801|tester802|tester803|tester804|tester805|tester806|tester807|tester808|tester809|tester810|tester812|tester813|tester814|tester815|tester816|tester817|tester818|tester819|tester820|tester821|tester822|tester823|tester830|tester833|tester837|tester839
84,122,UNDEF|tester0|tester1|tester11|tester1200|tester1201|tester1202|tester1203|tester1204|tester1205|tester1206|tester1208|tester1209|tester1210|tester1211|tester1212|tester1213|tester1214|tester1216|tester1217|tester1218|tester1219|tester1221|tester1222|tester1223|tester1224|tester1227|tester1228|tester1229|tester1230|tester1231|tester1232|tester1233|tester1234|tester1238|tester1239|tester13|tester14|tester15|tester16|tester18|tester19|tester2|tester20|tester21|tester22|tester23|tester25|tester26|tester29|tester3|tester30|tester31|tester32|tester34|tester35|tester36|tester38|tester4|tester40|tester400|tester401|tester402|tester403|tester404|tester405|tester406|tester407|tester408|tester409|tester410|tester411|tester412|tester413|tester414|tester415|tester417|tester418|tester419|tester420|tester421|tester422|tester423|tester425|tester426|tester427|tester428|tester431|tester432|tester433|tester436|tester5|tester6|tester7|tester8|tester800|tester801|tester802|tester803|tester804|tester805|tester806|tester807|tester808|tester809|tester810|tester812|tester813|tester814|tester815|tester816|tester817|tester818|tester819|tester820|tester821|tester822|tester823|tester830|tester833|tester837|tester839
85,124,UNDEF|tester0|tester1|tester11|tester1200|tester1201|tester1202|tester1203|tester1204|tester1205|tester1206|tester1208|tester1209|tester1210|tester1211|tester1212|tester1213|tester1214|tester1216|tester1217|tester1218|tester1219|tester1221|tester1222|tester1223|tester1224|tester1227|tester1228|tester1229|tester1230|tester1231|tester1232|tester1233|tester1234|tester1238|tester1239|tester1242|tester13|tester14|tester15|tester16|tester18|tester19|tester2|tester20|tester21|tester22|tester23|tester25|tester26|tester29|tester3|tester30|tester31|tester32|tester34|tester35|tester36|tester38|tester4|tester40|tester400|tester401|tester402|tester403|tester404|tester405|tester406|tester407|tester408|tester409|tester410|tester411|tester412|tester413|tester414|tester415|tester417|tester418|tester419|tester420|tester421|tester422|tester423|tester425|tester426|tester427|tester428|tester431|tester432|tester433|tester436|tester440|tester5|tester6|tester7|tester8|tester800|tester801|tester802|tester803|tester804|tester805|tester806|tester807|tester808|tester809|tester810|tester812|tester813|tester814|tester815|tester816|tester817|tester818|tester819|tester820|tester821|tester822|tester823|tester830|tester833|tester837|tester839
86,127,UNDEF|tester0|tester1|tester11|tester1200|tester1201|tester1202|tester1203|tester1204|tester1205|tester1206|tester1208|tester1209|tester1210|tester1211|tester1212|tester1213|tester1214|tester1216|tester1217|tester1218|tester1219|tester1221|tester1222|tester1223|tester1224|tester1227|tester1228|tester1229|tester1230|tester1231|tester1232|tester1233|tester1234|tester1238|tester1239|tester1242|tester13|tester14|tester15|tester16|tester18|tester19|tester2|tester20|tester21|tester22|tester23|tester25|tester26|tester29|tester3|tester30|tester31|tester32|tester34|tester35|tester36|tester37|tester38|tester4|tester40|tester400|tester401|tester402|tester403|tester404|tester405|tester406|tester407|tester408|tester409|tester410|tester411|tester412|tester413|tester414|tester415|tester417|tester418|tester419|tester420|tester421|tester422|tester423|tester425|tester426|tester427|tester428|tester431|tester432|tester433|tester435|tester436|tester440|tester442|tester5|tester6|tester7|tester8|tester800|tester801|tester802|tester803|tester804|tester805|tester806|tester807|tester808|tester809|tester810|tester812|tester813|tester814|tester815|tester816|tester817|tester818|tester819|tester820|tester821|tester822|tester823|tester830|tester833|tester837|tester839
87,129,UNDEF|tester0|tester1|tester11|tester1200|tester1201|tester1202|tester1203|tester1204|tester1205|tester1206|tester1208|tester1209|tester1210|tester1211|tester1212|tester1213|tester1214|tester1216|tester1217|tester1218|tester1219|tester1221|tester1222|tester1223|tester1224|tester1227|tester1228|tester1229|tester1230|tester1231|tester1232|tester1233|tester1234|tester1238|tester1239|tester1242|tester13|tester14|tester15|tester16|tester18|tester19|tester2|tester20|tester21|tester22|tester23|tester25|tester26|tester29|tester3|tester30|tester31|tester32|tester34|tester35|tester36|tester37|tester38|tester4|tester40|tester400|tester401|tester402|tester403|tester404|tester405|tester406|tester407|tester408|tester409|tester410|tester411|tester412|tester413|tester414|tester415|tester417|tester418|tester419|tester420|tester421|tester422|tester423|tester425|tester426|tester427|tester428|tester431|tester432|tester433|tester435|tester436|tester440|tester442|tester5|tester6|tester7|tester8|tester800|tester801|tester802|tester803|tester804|tester805|tester806|tester807|tester808|tester809|tester810|tester812|tester813|tester814|tester815|tester816|tester817|tester818|tester819|tester820|tester821|tester822|tester823|tester824|tester830|tester833|tester835|tester837|tester839
88,129,UNDEF|tester0|tester1|tester11|tester1200|tester1201|tester1202|tester1203|tester1204|tester1205|tester1206|tester1208|tester1209|tester1210|tester1211|tester1212|tester1213|tester1214|tester1216|tester1217|tester1218|tester1219|tester1221|tester1222|tester1223|tester1224|tester1227|tester1228|tester1229|tester1230|tester1231|tester1232|tester1233|tester1234|tester1238|tester1239|tester1242|tester13|tester14|tester15|tester16|tester18|tester19|tester2|tester20|tester21|tester22|tester23|tester25|tester26|tester29|tester3|tester30|tester31|tester32|tester34|tester35|tester36|tester37|tester38|tester4|tester40|tester400|tester401|tester402|tester403|tester404|tester405|tester406|tester407|tester408|tester409|tester410|tester411|tester412|tester413|tester414|tester415|tester417|tester418|tester419|tester420|tester421|tester422|tester423|tester425|tester426|tester427|tester428|tester431|tester432|tester433|tester435|tester436|tester440|tester442|tester5|tester6|tester7|tester8|tester800|tester801|tester802|tester803|tester804|tester805|tester806|tester807|tester808|tester809|tester810|tester812|tester813|tester814|tester815|tester816|tester817|tester818|tester819|tester820|tester821|tester822|tester823|tester824|tester830|tester833|tester835|tester837|tester839
89,129,UNDEF|tester0|tester1|tester11|tester1200|tester1201|tester1202|tester1203|tester1204|tester1205|tester1206|tester1208|tester1209|tester1210|tester1211|tester1212|tester1213|tester1214|tester1216|tester1217|tester1218|tester1219|tester1221|tester1222|tester1223|tester1224|tester1227|tester1228|tester1229|tester1230|tester1231|tester1232|tester1233|tester1234|tester1238|tester1239|tester1242|tester13|tester14|tester15|tester16|tester18|tester19|tester2|tester20|tester21|tester22|tester23|tester25|tester26|tester29|tester3|tester30|tester31|tester32|tester34|tester35|tester36|tester37|tester38|tester4|tester40|tester400|tester401|tester402|tester403|tester404|tester405|tester406|tester407|tester408|tester409|tester410|tester411|tester412|tester413|tester414|tester415|tester417|tester418|tester419|tester420|tester421|tester422|tester423|tester425|tester426|tester427|tester428|tester431|tester432|tester433|tester435|tester436|tester440|tester442|tester5|tester6|tester7|tester8|tester800|tester801|tester802|tester803|tester804|tester805|tester806|tester807|tester808|tester809|tester810|tester812|tester813|tester814|tester815|tester816|tester817|tester818|tester819|tester820|tester821|tester822|tester823|tester824|tester830|tester833|tester835|tester837|tester839
90,129,UNDEF|tester0|tester1|tester11|tester1200|tester1201|tester1202|tester1203|tester1204|tester1205|tester1206|tester1208|tester1209|tester1210|tester1211|tester1212|tester1213|tester1214|tester1216|tester1217|tester1218|tester1219|tester1221|tester1222|tester1223|tester1224|tester1227|tester1228|tester1229|tester1230|tester1231|tester1232|tester1233|tester1234|tester1238|tester1239|tester1242|tester13|tester14|tester15|tester16|tester18|tester19|tester2|tester20|tester21|tester22|tester23|tester25|tester26|tester29|tester3|tester30|tester31|tester32|tester34|tester35|tester36|tester37|tester38|tester4|tester40|tester400|tester401|tester402|tester403|tester404|tester405|tester406|tester407|tester408|tester409|tester410|tester411|tester412|tester413|tester414|tester415|tester417|tester418|tester419|tester420|tester421|tester422|tester423|tester425|tester426|tester427|tester428|tester431|tester432|tester433|tester435|tester436|tester440|tester442|tester5|tester6|tester7|tester8|tester800|tester801|tester802|tester803|tester804|tester805|tester806|tester807|tester808|tester809|tester810|tester812|tester813|tester814|tester815|tester816|tester817|tester818|tester819|tester820|tester821|tester822|tester823|tester824|tester830|tester833|tester835|tester837|tester839
91,129,UNDEF|tester0|tester1|tester11|tester1200|tester1201|tester1202|tester1203|tester1204|tester1205|tester1206|tester1208|tester1209|tester1210|tester1211|tester1212|tester1213|tester1214|tester1216|tester1217|tester1218|tester1219|tester1221|tester1222|tester1223|tester1224|tester1227|tester1228|tester1229|tester1230|tester1231|tester1232|tester1233|tester1234|tester1238|tester1239|tester1242|tester13|tester14|tester15|tester16|tester18|tester19|tester2|tester20|tester21|tester22|tester23|tester25|tester26|tester29|tester3|tester30|tester31|tester32|tester34|tester35|tester36|tester37|tester38|tester4|tester40|tester400|tester401|tester402|tester403|tester404|tester405|tester406|tester407|tester408|tester409|tester410|tester411|tester412|tester413|tester414|tester415|tester417|tester418|tester419|tester420|tester421|tester422|tester423|tester425|tester426|tester427|tester428|tester431|tester432|tester433|tester435|tester436|tester440|tester442|tester5|tester6|tester7|tester8|tester800|tester801|tester802|tester803|tester804|tester805|tester806|tester807|tester808|tester809|tester810|tester812|tester813|tester814|tester815|tester816|tester817|tester818|tester819|tester820|tester821|tester822|tester823|tester824|tester830|tester833|tester835|tester837|tester839
92,130,UNDEF|tester0|tester1|tester11|tester1200|tester1201|tester1202|tester1203|tester1204|tester1205|tester1206|tester1208|tester1209|tester1210|tester1211|tester1212|tester1213|tester1214|tester1216|tester1217|tester1218|tester1219|tester1221|tester1222|tester1223|tester1224|tester1227|tester1228|tester1229|tester1230|tester1231|tester1232|tester1233|tester1234|tester1238|tester1239|tester1242|tester13|tester14|tester15|tester16|tester18|tester19|tester2|tester20|tester21|tester22|tester23|tester25|tester26|tester29|tester3|tester30|tester31|tester32|tester34|tester35|tester36|tester37|tester38|tester39|tester4|tester40|tester400|tester401|tester402|tester403|tester404|tester405|tester406|tester407|tester408|tester409|tester410|tester411|tester412|tester413|tester414|tester415|tester417|tester418|tester419|tester420|tester421|tester422|tester423|tester425|tester426|tester427|tester428|tester431|tester432|tester433|tester435|tester436|tester440|tester442|tester5|tester6|tester7|tester8|tester800|tester801|tester802|tester803|tester804|tester805|tester806|tester807|tester808|tester809|tester810|tester812|tester813|tester814|tester815|tester816|tester817|tester818|tester819|tester820|tester821|tester822|tester823|tester824|tester830|tester833|tester835|tester837|tester839
93,133,UNDEF|tester0|tester1|tester11|tester1200|tester1201|tester1202|tester1203|tester1204|tester1205|tester1206|tester1208|tester1209|tester1210|tester1211|tester1212|tester1213|tester1214|tester1216|tester1217|tester1218|tester1219|tester1221|tester1222|tester1223|tester1224|tester1226|tester1227|tester1228|tester1229|tester1230|tester1231|tester1232|tester1233|tester1234|tester1238|tester1239|tester1242|tester1245|tester13|tester14|tester15|tester16|tester18|tester19|tester2|tester20|tester21|tester22|tester23|tester25|tester26|tester29|tester3|tester30|tester31|tester32|tester34|tester35|tester36|tester37|tester38|tester39|tester4|tester40|tester400|tester401|tester402|tester403|tester404|tester405|tester406|tester407|tester408|tester409|tester410|tester411|tester412|tester413|tester414|tester415|tester417|tester418|tester419|tester420|tester421|tester422|tester423|tester425|tester426|tester427|tester428|tester431|tester432|tester433|tester435|tester436|tester440|tester442|tester45|tester5|tester6|tester7|tester8|tester800|tester801|tester802|tester803|tester804|tester805|tester806|tester807|tester808|tester809|tester810|tester812|tester813|tester814|tester815|tester816|tester817|tester818|tester819|tester820|tester821|tester822|tester823|tester824|tester830|tester833|tester835|tester837|tester839
94,135,UNDEF|tester0|tester1|tester11|tester1200|tester1201|tester1202|tester1203|tester1204|tester1205|tester1206|tester1208|tester1209|tester1210|tester1211|tester1212|tester1213|tester1214|tester1216|tester1217|tester1218|tester1219|tester1221|tester1222|tester1223|tester1224|tester1226|tester1227|tester1228|tester1229|tester1230|tester1231|tester1232|tester1233|tester1234|tester1238|tester1239|tester1242|tester1244|tester1245|tester13|tester14|tester15|tester16|tester18|tester19|tester2|tester20|tester21|tester22|tester23|tester25|tester26|tester29|tester3|tester30|tester31|tester32|tester34|tester35|tester36|tester37|tester38|tester39|tester4|tester40|tester400|tester401|tester402|tester403|tester404|tester405|tester406|tester407|tester408|tester409|tester410|tester411|tester412|tester413|tester414|tester415|tester417|tester418|tester419|tester420|tester421|tester422|tester423|tester425|tester426|tester427|tester428|tester431|tester432|tester433|tester435|tester436|tester440|tester442|tester45|tester46|tester5|tester6|tester7|tester8|tester800|tester801|tester802|tester803|tester804|tester805|tester806|tester807|tester808|tester809|tester810|tester812|tester813|tester814|tester815|tester816|tester817|tester818|tester819|tester820|tester821|tester822|tester823|tester824|tester830|tester833|tester835|tester837|tester839
95,137,UNDEF|tester0|tester1|tester11|tester1200|tester1201|tester1202|tester1203|tester1204|tester1205|tester1206|tester1208|tester1209|tester1210|tester1211|tester1212|tester1213|tester1214|tester1216|tester1217|tester1218|tester1219|tester1221|tester1222|tester1223|tester1224|tester1226|tester1227|tester1228|tester1229|tester1230|tester1231|tester1232|tester1233|tester1234|tester1238|tester1239|tester1242|tester1244|tester1245|tester13|tester14|tester15|tester16|tester18|tester19|tester2|tester20|tester21|tester22|tester23|tester25|tester26|tester29|tester3|tester30|tester31|tester32|tester34|tester35|tester36|tester37|tester38|tester39|tester4|tester40|tester400|tester401|tester402|tester403|tester404|tester405|tester406|tester407|tester408|tester409|tester410|tester411|tester412|tester413|tester414|tester415|tester417|tester418|tester419|tester42|tester420|tester421|tester422|tester423|tester425|tester426|tester427|tester428|tester431|tester432|tester433|tester435|tester436|tester440|tester442|tester45|tester46|tester5|tester6|tester7|tester8|tester800|tester801|tester802|tester803|tester804|tester805|tester806|tester807|tester808|tester809|tester810|tester812|tester813|tester814|tester815|tester816|tester817|tester818|tester819|tester820|tester821|tester822|tester823|tester824|tester830|tester833|tester835|tester837|tester839|tester840
96,137,UNDEF|tester0|tester1|tester11|tester1200|tester1201|tester1202|tester1203|tester1204|tester1205|tester1206|tester1208|tester1209|tester1210|tester1211|tester1212|tester1213|tester1214|tester1216|tester1217|tester1218|tester1219|tester1221|tester1222|tester1223|tester1224|tester1226|tester1227|tester1228|tester1229|tester1230|tester1231|tester1232|tester1233|tester1234|tester1238|tester1239|tester1242|tester1244|tester1245|tester13|tester14|tester15|tester16|tester18|tester19|tester2|tester20|tester21|tester22|tester23|tester25|tester26|tester29|tester3|tester30|tester31|tester32|tester34|tester35|tester36|tester37|tester38|tester39|tester4|tester40|tester400|tester401|tester402|tester403|tester404|tester405|tester406|tester407|tester408|tester409|tester410|tester411|tester412|tester413|tester414|tester415|tester417|tester418|tester419|tester42|tester420|tester421|tester422|tester423|tester425|tester426|tester427|tester428|tester431|tester432|tester433|tester435|tester436|tester440|tester442|tester45|tester46|tester5|tester6|tester7|tester8|tester800|tester801|tester802|tester803|tester804|tester805|tester806|tester807|tester808|tester809|tester810|tester812|tester813|tester814|tester815|tester816|tester817|tester818|tester819|tester820|tester821|tester822|tester823|tester824|tester830|tester833|tester835|tester837|tester839|tester840
97,138,UNDEF|tester0|tester1|tester11|tester1200|tester1201|tester1202|tester1203|tester1204|tester1205|tester1206|tester1208|tester1209|tester1210|tester1211|tester1212|tester1213|tester1214|tester1216|tester1217|tester1218|tester1219|tester1221|tester1222|tester1223|tester1224|tester1226|tester1227|tester1228|tester1229|tester1230|tester1231|tester1232|tester1233|tester1234|tester1238|tester1239|tester1242|tester1244|tester1245|tester1246|tester13|tester14|tester15|tester16|tester18|tester19|tester2|tester20|tester21|tester22|tester23|tester25|tester26|tester29|tester3|tester30|tester31|tester32|tester34|tester35|tester36|tester37|tester38|tester39|tester4|tester40|tester400|tester401|tester402|tester403|tester404|tester405|tester406|tester407|tester408|tester409|tester410|tester411|tester412|tester413|tester414|tester415|tester417|tester418|tester419|tester42|tester420|tester421|tester422|tester423|tester425|tester426|tester427|tester428|tester431|tester432|tester433|tester435|tester436|tester440|tester442|tester45|tester46|tester5|tester6|tester7|tester8|tester800|tester801|tester802|tester803|tester804|tester805|tester806|tester807|tester808|tester809|tester810|tester812|tester813|tester814|tester815|tester816|tester817|tester818|tester819|tester820|tester821|tester822|tester823|tester824|tester830|tester833|tester835|tester837|tester839|tester840
98,139,UNDEF|tester0|tester1|tester11|tester1200|tester1201|tester1202|tester1203|tester1204|tester1205|tester1206|tester1208|tester1209|tester1210|tester1211|tester1212|tester1213|tester1214|tester1216|tester1217|tester1218|tester1219|tester1221|tester1222|tester1223|tester1224|tester1226|tester1227|tester1228|tester1229|tester1230|tester1231|tester1232|tester1233|tester1234|tester1238|tester1239|tester1242|tester1244|tester1245|tester1246|tester13|tester14|tester15|tester16|tester18|tester19|tester2|tester20|tester21|tester22|tester23|tester25|tester26|tester29|tester3|tester30|tester31|tester32|tester34|tester35|tester36|tester37|tester38|tester39|tester4|tester40|tester400|tester401|tester402|tester403|tester404|tester405|tester406|tester407|tester408|tester409|tester410|tester411|tester412|tester413|tester414|tester415|tester417|tester418|tester419|tester42|tester420|tester421|tester422|tester423|tester425|tester426|tester427|tester428|tester431|tester432|tester433|tester435|tester436|tester440|tester441|tester442|tester45|tester46|tester5|tester6|tester7|tester8|tester800|tester801|tester802|tester803|tester804|tester805|tester806|tester807|tester808|tester809|tester810|tester812|tester813|tester814|tester815|tester816|tester817|tester818|tester819|tester820|tester821|tester822|tester823|tester824|tester830|tester833|tester835|tester837|tester839|tester840
99,141,UNDEF|tester0|tester1|tester11|tester1200|tester1201|tester1202|tester1203|tester1204|tester1205|tester1206|tester1208|tester1209|tester1210|tester1211|tester1212|tester1213|tester1214|tester1216|tester1217|tester1218|tester1219|tester1221|tester1222|tester1223|tester1224|tester1226|tester1227|tester1228|tester1229|tester1230|tester1231|tester1232|tester1233|tester1234|tester1238|tester1239|tester1242|tester1244|tester1245|tester1246|tester13|tester14|tester15|tester16|tester18|tester19|tester2|tester20|tester21|tester22|tester23|tester25|tester26|tester29|tester3|tester30|tester31|tester32|tester34|tester35|tester36|tester37|tester38|tester39|tester4|tester40|tester400|tester401|tester402|tester403|tester404|tester405|tester406|tester407|tester408|tester409|tester410|tester411|tester412|tester413|tester414|tester415|tester417|tester418|tester419|tester42|tester420|tester421|tester422|tester423|tester425|tester426|tester427|tester428|tester431|tester432|tester433|tester435|tester436|tester440|tester441|tester442|tester445|tester45|tester46|tester5|tester6|tester7|tester8|tester800|tester801|tester802|tester803|tester804|tester805|tester806|tester807|tester808|tester809|tester810|tester812|tester813|tester814|tester815|tester816|tester817|tester818|tester819|tester820|tester821|tester822|tester823|tester824|tester830|tester833|tester835|tester837|tester839|tester840|tester846
100,141,UNDEF|tester0|tester1|tester11|tester1200|tester1201|tester1202|tester1203|tester1204|tester1205|tester1206|tester1208|tester1209|tester1210|tester1211|tester1212|tester1213|tester1214|tester1216|tester1217|tester1218|tester1219|tester1221|tester1222|tester1223|tester1224|tester1226|tester1227|tester1228|tester1229|tester1230|tester1231|tester1232|tester1233|tester1234|tester1238|tester1239|tester1242|tester1244|tester1245|tester1246|tester13|tester14|tester15|tester16|tester18|tester19|tester2|tester20|tester21|tester22|tester23|tester25|tester26|tester29|tester3|tester30|tester31|tester32|tester34|tester35|tester36|tester37|tester38|tester39|tester4|tester40|tester400|tester401|tester402|tester403|tester404|tester405|tester406|tester407|tester408|tester409|tester410|tester411|tester412|tester413|tester414|tester415|tester417|tester418|tester419|tester42|tester420|tester421|tester422|tester423|tester425|tester426|tester427|tester428|tester431|tester432|tester433|tester435|tester436|tester440|tester441|tester442|tester445|tester45|tester46|tester5|tester6|tester7|tester8|tester800|tester801|tester802|tester803|tester804|tester805|tester806|tester807|tester808|tester809|tester810|tester812|tester813|tester814|tester815|tester816|tester817|tester818|tester819|tester820|tester821|tester822|tester823|tester824|tester830|tester833|tester835|tester837|tester839|tester840|tester846
101,141,UNDEF|tester0|tester1|tester11|tester1200|tester1201|tester1202|tester1203|tester1204|tester1205|tester1206|tester1208|tester1209|tester1210|tester1211|tester1212|tester1213|tester1214|tester1216|tester1217|tester1218|tester1219|tester1221|tester1222|tester1223|tester1224|tester1226|tester1227|tester1228|tester1229|tester1230|tester1231|tester1232|tester1233|tester1234|tester1238|tester1239|tester1242|tester1244|tester1245|tester1246|tester13|tester14|tester15|tester16|tester18|tester19|tester2|tester20|tester21|tester22|tester23|tester25|tester26|tester29|tester3|tester30|tester31|tester32|tester34|tester35|tester36|tester37|tester38|tester39|tester4|tester40|tester400|tester401|tester402|tester403|tester404|tester405|tester406|tester407|tester408|tester409|tester410|tester411|tester412|tester413|tester414|tester415|tester417|tester418|tester419|tester42|tester420|tester421|tester422|tester423|tester425|tester426|tester427|tester428|tester431|tester432|tester433|tester435|tester436|tester440|tester441|tester442|tester445|tester45|tester46|tester5|tester6|tester7|tester8|tester800|tester801|tester802|tester803|tester804|tester805|tester806|tester807|tester808|tester809|tester810|tester812|tester813|tester814|tester815|tester816|tester817|tester818|tester819|tester820|tester821|tester822|tester823|tester824|tester830|tester833|tester835|tester837|tester839|tester840|tester846
102,141,UNDEF|tester0|tester1|tester11|tester1200|tester1201|tester1202|tester1203|tester1204|tester1205|tester1206|tester1208|tester1209|tester1210|tester1211|tester1212|tester1213|tester1214|tester1216|tester1217|tester1218|tester1219|tester1221|tester1222|tester1223|tester1224|tester1226|tester1227|tester1228|tester1229|tester1230|tester1231|tester1232|tester1233|tester1234|tester1238|tester1239|tester1242|tester1244|tester1245|tester1246|tester13|tester14|tester15|tester16|tester18|tester19|tester2|tester20|tester21|tester22|tester23|tester25|tester26|tester29|tester3|tester30|tester31|tester32|tester34|tester35|tester36|tester37|tester38|tester39|tester4|tester40|tester400|tester401|tester402|tester403|tester404|tester405|tester406|tester407|tester408|tester409|tester410|tester411|tester412|tester413|tester414|tester415|tester417|tester418|tester419|tester42|tester420|tester421|tester422|tester423|tester425|tester426|tester427|tester428|tester431|tester432|tester433|tester435|tester436|tester440|tester441|tester442|tester445|tester45|tester46|tester5|tester6|tester7|tester8|tester800|tester801|tester802|tester803|tester804|tester805|tester806|tester807|tester808|tester809|tester810|tester812|tester813|tester814|tester815|tester816|tester817|tester818|tester819|tester820|tester821|tester822|tester823|tester824|tester830|tester833|tester835|tester837|tester839|tester840|tester846
103,143,UNDEF|tester0|tester1|tester11|tester1200|tester1201|tester1202|tester1203|tester1204|tester1205|tester1206|tester1208|tester1209|tester1210|tester1211|tester1212|tester1213|tester1214|tester1216|tester1217|tester1218|tester1219|tester1221|tester1222|tester1223|tester1224|tester1226|tester1227|tester1228|tester1229|tester1230|tester1231|tester1232|tester1233|tester1234|tester1238|tester1239|tester1240|tester1242|tester1244|tester1245|tester1246|tester13|tester14|tester15|tester16|tester18|tester19|tester2|tester20|tester21|tester22|tester23|tester25|tester26|tester29|tester3|tester30|tester31|tester32|tester34|tester35|tester36|tester37|tester38|tester39|tester4|tester40|tester400|tester401|tester402|tester403|tester404|tester405|tester406|tester407|tester408|tester409|tester410|tester411|tester412|tester413|tester414|tester415|tester417|tester418|tester419|tester42|tester420|tester421|tester422|tester423|tester425|tester426|tester427|tester428|tester431|tester432|tester433|tester435|tester436|tester440|tester441|tester442|tester445|tester45|tester46|tester5|tester6|tester7|tester8|tester800|tester801|tester802|tester803|tester804|tester805|tester806|tester807|tester808|tester809|tester810|tester812|tester813|tester814|tester815|tester816|tester817|tester818|tester819|tester820|tester821|tester822|tester823|tester824|tester830|tester833|tester835|tester837|tester839|tester840|tester846|tester847
104,145,UNDEF|tester0|tester1|tester11|tester1200|tester1201|tester1202|tester1203|tester1204|tester1205|tester1206|tester1208|tester1209|tester1210|tester1211|tester1212|tester1213|tester1214|tester1216|tester1217|tester1218|tester1219|tester1221|tester1222|tester1223|tester1224|tester1226|tester1227|tester1228|tester1229|tester1230|tester1231|tester1232|tester1233|tester1234|tester1238|tester1239|tester1240|tester1242|tester1244|tester1245|tester1246|tester13|tester14|tester15|tester16|tester18|tester19|tester2|tester20|tester21|tester22|tester23|tester25|tester26|tester29|tester3|tester30|tester31|tester32|tester34|tester35|tester36|tester37|tester38|tester39|tester4|tester40|tester400|tester401|tester402|tester403|tester404|tester405|tester406|tester407|tester408|tester409|tester410|tester411|tester412|tester413|tester414|tester415|tester417|tester418|tester419|tester42|tester420|tester421|tester422|tester423|tester425|tester426|tester427|tester428|tester429|tester431|tester432|tester433|tester435|tester436|tester440|tester441|tester442|tester445|tester45|tester451|tester46|tester5|tester6|tester7|tester8|tester800|tester801|tester802|tester803|tester804|tester805|tester806|tester807|tester808|tester809|tester810|tester812|tester813|tester814|tester815|tester816|tester817|tester818|tester819|tester820|tester821|tester822|tester823|tester824|tester830|tester833|tester835|tester837|tester839|tester840|tester846|tester847
105,146,UNDEF|tester0|tester1|tester11|tester1200|tester1201|tester1202|tester1203|tester1204|tester1205|tester1206|tester1208|tester1209|tester1210|tester1211|tester1212|tester1213|tester1214|tester1216|tester1217|tester1218|tester1219|tester1221|tester1222|tester1223|tester1224|tester1226|tester1227|tester1228|tester1229|tester1230|tester1231|tester1232|tester1233|tester1234|tester1238|tester1239|tester1240|tester1242|tester1244|tester1245|tester1246|tester13|tester14|tester15|tester16|tester18|tester19|tester2|tester20|tester21|tester22|tester23|tester25|tester26|tester29|tester3|tester30|tester31|tester32|tester34|tester35|tester36|tester37|tester38|tester39|tester4|tester40|tester400|tester401|tester402|tester403|tester404|tester405|tester406|tester407|tester408|tester409|tester410|tester411|tester412|tester413|tester414|tester415|tester417|tester418|tester419|tester42|tester420|tester421|tester422|tester423|tester425|tester426|tester427|tester428|tester429|tester431|tester432|tester433|tester435|tester436|tester440|tester441|tester442|tester445|tester45|tester450|tester451|tester46|tester5|tester6|tester7|tester8|tester800|tester801|tester802|tester803|tester804|tester805|tester806|tester807|tester808|tester809|tester810|tester812|tester813|tester814|tester815|tester816|tester817|tester818|tester819|tester820|tester821|tester822|tester823|tester824|tester830|tester833|tester835|tester837|tester839|tester840|tester846|tester847
106,148,UNDEF|tester0|tester1|tester11|tester1200|tester1201|tester1202|tester1203|tester1204|tester1205|tester1206|tester1208|tester1209|tester1210|tester1211|tester1212|tester1213|tester1214|tester1216|tester1217|tester1218|tester1219|tester1221|tester1222|tester1223|tester1224|tester1226|tester1227|tester1228|tester1229|tester1230|tester1231|tester1232|tester1233|tester1234|tester1238|tester1239|tester1240|tester1242|tester1244|tester1245|tester1246|tester1249|tester13|tester14|tester15|tester16|tester18|tester19|tester2|tester20|tester21|tester22|tester23|tester25|tester26|tester29|tester3|tester30|tester31|tester32|tester34|tester35|tester36|tester37|tester38|tester39|tester4|tester40|tester400|tester401|tester402|tester403|tester404|tester405|tester406|tester407|tester408|tester409|tester410|tester411|tester412|tester413|tester414|tester415|tester417|tester418|tester419|tester42|tester420|tester421|tester422|tester423|tester425|tester426|tester427|tester428|tester429|tester431|tester432|tester433|tester435|tester436|tester440|tester441|tester442|tester445|tester45|tester450|tester451|tester46|tester5|tester52|tester6|tester7|tester8|tester800|tester801|tester802|tester803|tester804|tester805|tester806|tester807|tester808|tester809|tester810|tester812|tester813|tester814|tester815|tester816|tester817|tester818|tester819|tester820|tester821|tester822|tester823|tester824|tester830|tester833|tester835|tester837|tester839|tester840|tester846|tester847
107,149,UNDEF|tester0|tester1|tester11|tester1200|tester1201|tester1202|tester1203|tester1204|tester1205|tester1206|tester1208|tester1209|tester1210|tester1211|tester1212|tester1213|tester1214|tester1216|tester1217|tester1218|tester1219|tester1221|tester1222|tester1223|tester1224|tester1226|tester1227|tester1228|tester1229|tester1230|tester1231|tester1232|tester1233|tester1234|tester1238|tester1239|tester1240|tester1242|tester1244|tester1245|tester1246|tester1249|tester13|tester14|tester15|tester16|tester18|tester19|tester2|tester20|tester21|tester22|tester23|tester25|tester26|tester29|tester3|tester30|tester31|tester32|tester34|tester35|tester36|tester37|tester38|tester39|tester4|tester40|tester400|tester401|tester402|tester403|tester404|tester405|tester406|tester407|tester408|tester409|tester410|tester411|tester412|tester413|tester414|tester415|tester417|tester418|tester419|tester42|tester420|tester421|tester422|tester423|tester425|tester426|tester427|tester428|tester429|tester431|tester432|tester433|tester435|tester436|tester440|tester441|tester442|tester445|tester45|tester450|tester451|tester46|tester5|tester52|tester6|tester7|tester8|tester800|tester801|tester802|tester803|tester804|tester805|tester806|tester807|tester808|tester809|tester810|tester812|tester813|tester814|tester815|tester816|tester817|tester818|tester819|tester820|tester821|tester822|tester823|tester824|tester830|tester833|tester835|tester837|tester839|tester840|tester846|tester847|tester851
108,151,UNDEF|tester0|tester1|tester11|tester1200|tester1201|tester1202|tester1203|tester1204|tester1205|tester1206|tester1208|tester1209|tester1210|tester1211|tester1212|tester1213|tester1214|tester1216|tester1217|tester1218|tester1219|tester1221|tester1222|tester1223|tester1224|tester1226|tester1227|tester1228|tester1229|tester1230|tester1231|tester1232|tester1233|tester1234|tester1238|tester1239|tester1240|tester1242|tester1244|tester1245|tester1246|tester1249|tester13|tester14|tester15|tester16|tester18|tester19|tester2|tester20|tester21|tester22|tester23|tester25|tester26|tester29|tester3|tester30|tester31|tester32|tester34|tester35|tester36|tester37|tester38|tester39|tester4|tester40|tester400|tester401|tester402|tester403|tester404|tester405|tester406|tester407|tester408|tester409|tester410|tester411|tester412|tester413|tester414|tester415|tester417|tester418|tester419|tester42|tester420|tester421|tester422|tester423|tester425|tester426|tester427|tester428|tester429|tester431|tester432|tester433|tester435|tester436|tester437|tester439|tester440|tester441|tester442|tester445|tester45|tester450|tester451|tester46|tester5|tester52|tester6|tester7|tester8|tester800|tester801|tester802|tester803|tester804|tester805|tester806|tester807|tester808|tester809|tester810|tester812|tester813|tester814|tester815|tester816|tester817|tester818|tester819|tester820|tester821|tester822|tester823|tester824|tester830|tester833|tester835|tester837|tester839|tester840|tester846|tester847|tester851
109,155,UNDEF|tester0|tester1|tester11|tester1200|tester1201|tester1202|tester1203|tester1204|tester1205|tester1206|tester1208|tester1209|tester1210|tester1211|tester1212|tester1213|tester1214|tester1216|tester1217|tester1218|tester1219|tester1221|tester1222|tester1223|tester1224|tester1226|tester1227|tester1228|tester1229|tester1230|tester1231|tester1232|tester1233|tester1234|tester1238|tester1239|tester1240|tester1242|tester1244|tester1245|tester1246|tester1249|tester13|tester14|tester15|tester16|tester18|tester19|tester2|tester20|tester21|tester22|tester23|tester25|tester26|tester29|tester3|tester30|tester31|tester32|tester34|tester35|tester36|tester37|tester38|tester39|tester4|tester40|tester400|tester401|tester402|tester403|tester404|tester405|tester406|tester407|tester408|tester409|tester410|tester411|tester412|tester413|tester414|tester415|tester417|tester418|tester419|tester42|tester420|tester421|tester422|tester423|tester425|tester426|tester427|tester428|tester429|tester431|tester432|tester433|tester434|tester435|tester436|tester437|tester439|tester440|tester441|tester442|tester445|tester45|tester450|tester451|tester453|tester46|tester5|tester51|tester52|tester54|tester6|tester7|tester8|tester800|tester801|tester802|tester803|tester804|tester805|tester806|tester807|tester808|tester809|tester810|tester812|tester813|tester814|tester815|tester816|tester817|tester818|tester819|tester820|tester821|tester822|tester823|tester824|tester830|tester833|tester835|tester837|tester839|tester840|tester846|tester847|tester851
110,156,UNDEF|tester0|tester1|tester11|tester1200|tester1201|tester1202|tester1203|tester1204|tester1205|tester1206|tester1208|tester1209|tester1210|tester1211|tester1212|tester1213|tester1214|tester1216|tester1217|tester1218|tester1219|tester1221|tester1222|tester1223|tester1224|tester1226|tester1227|tester1228|tester1229|tester1230|tester1231|tester1232|tester1233|tester1234|tester1238|tester1239|tester1240|tester1242|tester1244|tester1245|tester1246|tester1249|tester13|tester14|tester15|tester16|tester18|tester19|tester2|tester20|tester21|tester22|tester23|tester25|tester26|tester29|tester3|tester30|tester31|tester32|tester34|tester35|tester36|tester37|tester38|tester39|tester4|tester40|tester400|tester401|tester402|tester403|tester404|tester405|tester406|tester407|tester408|tester409|tester410|tester411|tester412|tester413|tester414|tester415|tester417|tester418|tester419|tester42|tester420|tester421|tester422|tester423|tester425|tester426|tester427|tester428|tester429|tester431|tester432|tester433|tester434|tester435|tester436|tester437|tester439|tester440|tester441|tester442|tester445|tester449|tester45|tester450|tester451|tester453|tester46|tester5|tester51|tester52|tester54|tester6|tester7|tester8|tester800|tester801|tester802|tester803|tester804|tester805|tester806|tester807|tester808|tester809|tester810|tester812|tester813|tester814|tester815|tester816|tester817|tester818|tester819|tester820|tester821|tester822|tester823|tester824|tester830|tester833|tester835|tester837|tester839|tester840|tester846|tester847|tester851
111,157,UNDEF|tester0|tester1|tester11|tester1200|tester1201|tester1202|tester1203|tester1204|tester1205|tester1206|tester1208|tester1209|tester1210|tester1211|tester1212|tester1213|tester1214|tester1216|tester1217|tester1218|tester1219|tester1221|tester1222|tester1223|tester1224|tester1226|tester1227|tester1228|tester1229|tester1230|tester1231|tester1232|tester1233|tester1234|tester1238|tester1239|tester1240|tester1242|tester1244|tester1245|tester1246|tester1247|tester1249|tester13|tester14|tester15|tester16|tester18|tester19|tester2|tester20|tester21|tester22|tester23|tester25|tester26|tester29|tester3|tester30|tester31|tester32|tester34|tester35|tester36|tester37|tester38|tester39|tester4|tester40|tester400|tester401|tester402|tester403|tester404|tester405|tester406|tester407|tester408|tester409|tester410|tester411|tester412|tester413|tester414|tester415|tester417|tester418|tester419|tester42|tester420|tester421|tester422|tester423|tester425|tester426|tester427|tester428|tester429|tester431|tester432|tester433|tester434|tester435|tester436|tester437|tester439|tester440|tester441|tester442|tester445|tester449|tester45|tester450|tester451|tester453|tester46|tester5|tester51|tester52|tester54|tester6|tester7|tester8|tester800|tester801|tester802|tester803|tester804|tester805|tester806|tester807|tester808|tester809|tester810|tester812|tester813|tester814|tester815|tester816|tester817|tester818|tester819|tester820|tester821|tester822|tester823|tester824|tester830|tester833|tester835|tester837|tester839|tester840|tester846|tester847|tester851
112,158,UNDEF|tester0|tester1|tester11|tester1200|tester1201|tester1202|tester1203|tester1204|tester1205|tester1206|tester1208|tester1209|tester1210|tester1211|tester1212|tester1213|tester1214|tester1216|tester1217|tester1218|tester1219|tester1221|tester1222|tester1223|tester1224|tester1226|tester1227|tester1228|tester1229|tester1230|tester1231|tester1232|tester1233|tester1234|tester1238|tester1239|tester1240|tester1242|tester1244|tester1245|tester1246|tester1247|tester1248|tester1249|tester13|tester14|tester15|tester16|tester18|tester19|tester2|tester20|tester21|tester22|tester23|tester25|tester26|tester29|tester3|tester30|tester31|tester32|tester34|tester35|tester36|tester37|tester38|tester39|tester4|tester40|tester400|tester401|tester402|tester403|tester404|tester405|tester406|tester407|tester408|tester409|tester410|tester411|tester412|tester413|tester414|tester415|tester417|tester418|tester419|tester42|tester420|tester421|tester422|tester423|tester425|tester426|tester427|tester428|tester429|tester431|tester432|tester433|tester434|tester435|tester436|tester437|tester439|tester440|tester441|tester442|tester445|tester449|tester45|tester450|tester451|tester453|tester46|tester5|tester51|tester52|tester54|tester6|tester7|tester8|tester800|tester801|tester802|tester803|tester804|tester805|tester806|tester807|tester808|tester809|tester810|tester812|tester813|tester814|tester815|tester816|tester817|tester818|tester819|tester820|tester821|tester822|tester823|tester824|tester830|tester833|tester835|tester837|tester839|tester840|tester846|tester847|tester851
113,34,UNDEF|tester1226|tester1228|tester1240|tester1246|tester1247|tester1248|tester1249|tester20|tester434|tester437|tester439|tester449|tester450|tester451|tester46|tester52|tester54|tester800|tester801|tester803|tester812|tester818|tester821|tester824|tester830|tester833|tester835|tester837|tester839|tester840|tester846|tester847|tester851
114,35,UNDEF|tester1226|tester1228|tester1240|tester1246|tester1247|tester1248|tester1249|tester20|tester434|tester437|tester439|tester449|tester450|tester451|tester456|tester46|tester52|tester54|tester800|tester801|tester803|tester812|tester818|tester821|tester824|tester830|tester833|tester835|tester837|tester839|tester840|tester846|tester847|tester851
115,37,UNDEF|tester1226|tester1228|tester1240|tester1246|tester1247|tester1248|tester1249|tester20|tester434|tester437|tester439|tester449|tester450|tester451|tester456|tester46|tester52|tester53|tester54|tester800|tester801|tester803|tester812|tester818|tester821|tester824|tester830|tester833|tester835|tester837|tester839|tester840|tester846|tester847|tester851|tester855
116,39,UNDEF|tester1226|tester1228|tester1240|tester1246|tester1247|tester1248|tester1249|tester20|tester434|tester437|tester439|tester449|tester450|tester451|tester456|tester46|tester52|tester53|tester54|tester56|tester800|tester801|tester803|tester812|tester818|tester821|tester824|tester830|tester833|tester835|tester837|tester839|tester840|tester846|tester847|tester849|tester851|tester855
117,41,UNDEF|tester1226|tester1228|tester1240|tester1246|tester1247|tester1248|tester1249|tester1255|tester20|tester434|tester437|tester439|tester449|tester450|tester451|tester456|tester46|tester52|tester53|tester54|tester56|tester57|tester800|tester801|tester803|tester812|tester818|tester821|tester824|tester830|tester833|tester835|tester837|tester839|tester840|tester846|tester847|tester849|tester851|tester855
118,42,UNDEF|tester1226|tester1228|tester1240|tester1246|tester1247|tester1248|tester1249|tester1255|tester20|tester434|tester437|tester439|tester449|tester450|tester451|tester456|tester46|tester52|tester53|tester54|tester56|tester57|tester800|tester801|tester803|tester812|tester818|tester821|tester824|tester830|tester833|tester835|tester837|tester839|tester840|tester846|tester847|tester849|tester851|tester855|tester856
119,43,UNDEF|tester1226|tester1228|tester1240|tester1246|tester1247|tester1248|tester1249|tester1255|tester1259|tester20|tester434|tester437|tester439|tester449|tester450|tester451|tester456|tester46|tester52|tester53|tester54|tester56|tester57|tester800|tester801|tester803|tester812|tester818|tester821|tester824|tester830|tester833|tester835|tester837|tester839|tester840|tester846|tester847|tester849|tester851|tester855|tester856
120,43,UNDEF|tester1226|tester1228|tester1240|tester1246|tester1247|tester1248|tester1249|tester1255|tester1259|tester20|tester434|tester437|tester439|tester449|tester450|tester451|tester456|tester46|tester52|tester53|tester54|tester56|tester57|tester800|tester801|tester803|tester812|tester818|tester821|tester824|tester830|tester833|tester835|tester837|tester839|tester840|tester846|tester847|tester849|tester851|tester855|tester856
121,43,UNDEF|tester1226|tester1228|tester1240|tester1246|tester1247|tester1248|tester1249|tester1255|tester1259|tester20|tester434|tester437|tester439|tester449|tester450|tester451|tester456|tester46|tester52|tester53|tester54|tester56|tester57|tester800|tester801|tester803|tester812|tester818|tester821|tester824|tester830|tester833|tester835|tester837|tester839|tester840|tester846|tester847|tester849|tester851|tester855|tester856
122,43,UNDEF|tester1226|tester1228|tester1240|tester1246|tester1247|tester1248|tester1249|tester1255|tester1259|tester20|tester434|tester437|tester439|tester449|tester450|tester451|tester456|tester46|tester52|tester53|tester54|tester56|tester57|tester800|tester801|tester803|tester812|tester818|tester821|tester824|tester830|tester833|tester835|tester837|tester839|tester840|tester846|tester847|tester849|tester851|tester855|tester856
123,45,UNDEF|tester1226|tester1228|tester1240|tester1246|tester1247|tester1248|tester1249|tester1255|tester1259|tester1260|tester20|tester434|tester437|tester439|tester449|tester450|tester451|tester456|tester458|tester46|tester52|tester53|tester54|tester56|tester57|tester800|tester801|tester803|tester812|tester818|tester821|tester824|tester830|tester833|tester835|tester837|tester839|tester840|tester846|tester847|tester849|tester851|tester855|tester856
124,47,UNDEF|tester1226|tester1228|tester1240|tester1243|tester1246|tester1247|tester1248|tester1249|tester1255|tester1259|tester1260|tester20|tester434|tester437|tester439|tester449|tester450|tester451|tester456|tester457|tester458|tester46|tester52|tester53|tester54|tester56|tester57|tester800|tester801|tester803|tester812|tester818|tester821|tester824|tester830|tester833|tester835|tester837|tester839|tester840|tester846|tester847|tester849|tester851|tester855|tester856
125,48,UNDEF|tester1226|tester1228|tester1240|tester1243|tester1246|tester1247|tester1248|tester1249|tester1255|tester1259|tester1260|tester20|tester434|tester437|tester439|tester449|tester450|tester451|tester456|tester457|tester458|tester46|tester52|tester53|tester54|tester56|tester57|tester800|tester801|tester803|tester812|tester818|tester821|tester824|tester830|tester833|tester835|tester837|tester839|tester840|tester846|tester847|tester849|tester851|tester855|tester856|tester857
126,48,UNDEF|tester1226|tester1228|tester1240|tester1243|tester1246|tester1247|tester1248|tester1249|tester1255|tester1259|tester1260|tester20|tester434|tester437|tester439|tester449|tester450|tester451|tester456|tester457|tester458|tester46|tester52|tester53|tester54|tester56|tester57|tester800|tester801|tester803|tester812|tester818|tester821|tester824|tester830|tester833|tester835|tester837|tester839|tester840|tester846|tester847|tester849|tester851|tester855|tester856|tester857
127,49,UNDEF|tester1226|tester1228|tester1240|tester1243|tester1246|tester1247|tester1248|tester1249|tester1255|tester1259|tester1260|tester20|tester434|tester437|tester439|tester449|tester450|tester451|tester456|tester457|tester458|tester46|tester52|tester53|tester54|tester56|tester57|tester800|tester801|tester803|tester812|tester818|tester821|tester824|tester830|tester833|tester835|tester837|tester839|tester840|tester846|tester847|tester849|tester851|tester855|tester856|tester857|tester859
128,50,UNDEF|tester1226|tester1228|tester1240|tester1243|tester1246|tester1247|tester1248|tester1249|tester1255|tester1259|tester1260|tester20|tester434|tester437|tester439|tester449|tester450|tester451|tester456|tester457|tester458|tester46|tester463|tester52|tester53|tester54|tester56|tester57|tester800|tester801|tester803|tester812|tester818|tester821|tester824|tester830|tester833|tester835|tester837|tester839|tester840|tester846|tester847|tester849|tester851|tester855|tester856|tester857|tester859
129,51,UNDEF|tester1226|tester1228|tester1240|tester1243|tester1246|tester1247|tester1248|tester1249|tester1255|tester1259|tester1260|tester20|tester41|tester434|tester437|tester439|tester449|tester450|tester451|tester456|tester457|tester458|tester46|tester463|tester52|tester53|tester54|tester56|tester57|tester800|tester801|tester803|tester812|tester818|tester821|tester824|tester830|tester833|tester835|tester837|tester839|tester840|tester846|tester847|tester849|tester851|tester855|tester856|tester857|tester859
130,51,UNDEF|tester1226|tester1228|tester1240|tester1243|tester1246|tester1247|tester1248|tester1249|tester1255|tester1259|tester1260|tester20|tester41|tester434|tester437|tester439|tester449|tester450|tester451|tester456|tester457|tester458|tester46|tester463|tester52|tester53|tester54|tester56|tester57|tester800|tester801|tester803|tester812|tester818|tester821|tester824|tester830|tester833|tester835|tester837|tester839|tester840|tester846|tester847|tester849|tester851|tester855|tester856|tester857|tester859
131,53,UNDEF|tester1226|tester1228|tester1240|tester1243|tester1246|tester1247|tester1248|tester1249|tester1255|tester1259|tester1260|tester20|tester41|tester434|tester437|tester439|tester449|tester450|tester451|tester456|tester457|tester458|tester46|tester460|tester463|tester52|tester53|tester54|tester56|tester57|tester61|tester800|tester801|tester803|tester812|tester818|tester821|tester824|tester830|tester833|tester835|tester837|tester839|tester840|tester846|tester847|tester849|tester851|tester855|tester856|tester857|tester859
132,54,UNDEF|tester1226|tester1228|tester1240|tester1243|tester1246|tester1247|tester1248|tester1249|tester1255|tester1259|tester1260|tester1263|tester20|tester41|tester434|tester437|tester439|tester449|tester450|tester451|tester456|tester457|tester458|tester46|tester460|tester463|tester52|tester53|tester54|tester56|tester57|tester61|tester800|tester801|tester803|tester812|tester818|tester821|tester824|tester830|tester833|tester835|tester837|tester839|tester840|tester846|tester847|tester849|tester851|tester855|tester856|tester857|tester859
133,54,UNDEF|tester1226|tester1228|tester1240|tester1243|tester1246|tester1247|tester1248|tester1249|tester1255|tester1259|tester1260|tester1263|tester20|tester41|tester434|tester437|tester439|tester449|tester450|tester451|tester456|tester457|tester458|tester46|tester460|tester463|tester52|tester53|tester54|tester56|tester57|tester61|tester800|tester801|tester803|tester812|tester818|tester821|tester824|tester830|tester833|tester835|tester837|tester839|tester840|tester846|tester847|tester849|tester851|tester855|tester856|tester857|tester859
134,54,UNDEF|tester1226|tester1228|tester1240|tester1243|tester1246|tester1247|tester1248|tester1249|tester1255|tester1259|tester1260|tester1263|tester20|tester41|tester434|tester437|tester439|tester449|tester450|tester451|tester456|tester457|tester458|tester46|tester460|tester463|tester52|tester53|tester54|tester56|tester57|tester61|tester800|tester801|tester803|tester812|tester818|tester821|tester824|tester830|tester833|tester835|tester837|tester839|tester840|tester846|tester847|tester849|tester851|tester855|tester856|tester857|tester859
135,58,UNDEF|tester1226|tester1228|tester1240|tester1243|tester1246|tester1247|tester1248|tester1249|tester1255|tester1259|tester1260|tester1263|tester20|tester41|tester434|tester437|tester439|tester449|tester450|tester451|tester456|tester457|tester458|tester459|tester46|tester460|tester463|tester464|tester466|tester52|tester53|tester54|tester56|tester57|tester61|tester64|tester800|tester801|tester803|tester812|tester818|tester821|tester824|tester830|tester833|tester835|tester837|tester839|tester840|tester846|tester847|tester849|tester851|tester855|tester856|tester857|tester859
136,59,UNDEF|tester1226|tester1228|tester1240|tester1243|tester1246|tester1247|tester1248|tester1249|tester1255|tester1259|tester1260|tester1263|tester20|tester41|tester434|tester437|tester439|tester449|tester450|tester451|tester456|tester457|tester458|tester459|tester46|tester460|tester463|tester464|tester466|tester52|tester53|tester54|tester56|tester57|tester61|tester64|tester800|tester801|tester803|tester812|tester818|tester821|tester824|tester830|tester833|tester835|tester837|tester839|tester840|tester846|tester847|tester849|tester851|tester855|tester856|tester857|tester859|tester866
137,60,UNDEF|tester1226|tester1228|tester1240|tester1243|tester1246|tester1247|tester1248|tester1249|tester1255|tester1259|tester1260|tester1263|tester1266|tester20|tester41|tester434|tester437|tester439|tester449|tester450|tester451|tester456|tester457|tester458|tester459|tester46|tester460|tester463|tester464|tester466|tester52|tester53|tester54|tester56|tester57|tester61|tester64|tester800|tester801|tester803|tester812|tester818|tester821|tester824|tester830|tester833|tester835|tester837|tester839|tester840|tester846|tester847|tester849|tester851|tester855|tester856|tester857|tester859|tester866
138,60,UNDEF|tester1226|tester1228|tester1240|tester1243|tester1246|tester1247|tester1248|tester1249|tester1255|tester1259|tester1260|tester1263|tester1266|tester20|tester41|tester434|tester437|tester439|tester449|tester450|tester451|tester456|tester457|tester458|tester459|tester46|tester460|tester463|tester464|tester466|tester52|tester53|tester54|tester56|tester57|tester61|tester64|tester800|tester801|tester803|tester812|tester818|tester821|tester824|tester830|tester833|tester835|tester837|tester839|tester840|tester846|tester847|tester849|tester851|tester855|tester856|tester857|tester859|tester866
139,61,UNDEF|tester1226|tester1228|tester1240|tester1243|tester1246|tester1247|tester1248|tester1249|tester1255|tester1259|tester1260|tester1263|tester1266|tester20|tester41|tester434|tester437|tester439|tester449|tester450|tester451|tester456|tester457|tester458|tester459|tester46|tester460|tester463|tester464|tester465|tester466|tester52|tester53|tester54|tester56|tester57|tester61|tester64|tester800|tester801|tester803|tester812|tester818|tester821|tester824|tester830|tester833|tester835|tester837|tester839|tester840|tester846|tester847|tester849|tester851|tester855|tester856|tester857|tester859|tester866
140,64,UNDEF|tester1226|tester1228|tester1240|tester1243|tester1246|tester1247|tester1248|tester1249|tester1255|tester1256|tester1259|tester1260|tester1263|tester1266|tester20|tester41|tester434|tester437|tester439|tester449|tester450|tester451|tester456|tester457|tester458|tester459|tester46|tester460|tester463|tester464|tester465|tester466|tester52|tester53|tester54|tester56|tester57|tester61|tester64|tester800|tester801|tester803|tester812|tester818|tester821|tester824|tester830|tester833|tester835|tester837|tester839|tester840|tester846|tester847|tester849|tester851|tester855|tester856|tester857|tester859|tester866|tester868|tester869
141,65,UNDEF|tester1226|tester1228|tester1240|tester1243|tester1246|tester1247|tester1248|tester1249|tester1255|tester1256|tester1259|tester1260|tester1263|tester1266|tester20|tester41|tester434|tester437|tester439|tester449|tester450|tester451|tester456|tester457|tester458|tester459|tester46|tester460|tester463|tester464|tester465|tester466|tester467|tester52|tester53|tester54|tester56|tester57|tester61|tester64|tester800|tester801|tester803|tester812|tester818|tester821|tester824|tester830|tester833|tester835|tester837|tester839|tester840|tester846|tester847|tester849|tester851|tester855|tester856|tester857|tester859|tester866|tester868|tester869
142,67,UNDEF|tester1226|tester1228|tester1240|tester1243|tester1246|tester1247|tester1248|tester1249|tester1255|tester1256|tester1259|tester1260|tester1263|tester1266|tester20|tester41|tester434|tester437|tester439|tester449|tester450|tester451|tester456|tester457|tester458|tester459|tester46|tester460|tester463|tester464|tester465|tester466|tester467|tester52|tester53|tester54|tester56|tester57|tester61|tester62|tester64|tester800|tester801|tester803|tester812|tester818|tester821|tester824|tester830|tester833|tester835|tester837|tester839|tester840|tester846|tester847|tester849|tester851|tester855|tester856|tester857|tester859|tester866|tester867|tester868|tester869
143,67,UNDEF|tester1226|tester1228|tester1240|tester1243|tester1246|tester1247|tester1248|tester1249|tester1255|tester1256|tester1259|tester1260|tester1263|tester1266|tester20|tester41|tester434|tester437|tester439|tester449|tester450|tester451|tester456|tester457|tester458|tester459|tester46|tester460|tester463|tester464|tester465|tester466|tester467|tester52|tester53|tester54|tester56|tester57|tester61|tester62|tester64|tester800|tester801|tester803|tester812|tester818|tester821|tester824|tester830|tester833|tester835|tester837|tester839|tester840|tester846|tester847|tester849|tester851|tester855|tester856|tester857|tester859|tester866|tester867|tester868|tester869
144,67,UNDEF|tester1226|tester1228|tester1240|tester1243|tester1246|tester1247|tester1248|tester1249|tester1255|tester1256|tester1259|tester1260|tester1263|tester1266|tester20|tester41|tester434|tester437|tester439|tester449|tester450|tester451|tester456|tester457|tester458|tester459|tester46|tester460|tester463|tester464|tester465|tester466|tester467|tester52|tester53|tester54|tester56|tester57|tester61|tester62|tester64|tester800|tester801|tester803|tester812|tester818|tester821|tester824|tester830|tester833|tester835|tester837|tester839|tester840|tester846|tester847|tester849|tester851|tester855|tester856|tester857|tester859|tester866|tester867|tester868|tester869
145,68,UNDEF|tester1226|tester1228|tester1240|tester1243|tester1246|tester1247|tester1248|tester1249|tester1255|tester1256|tester1259|tester1260|tester1263|tester1266|tester20|tester41|tester434|tester437|tester439|tester449|tester450|tester451|tester456|tester457|tester458|tester459|tester46|tester460|tester463|tester464|tester465|tester466|tester467|tester52|tester53|tester54|tester56|tester57|tester61|tester62|tester64|tester72|tester800|tester801|tester803|tester812|tester818|tester821|tester824|tester830|tester833|tester835|tester837|tester839|tester840|tester846|tester847|tester849|tester851|tester855|tester856|tester857|tester859|tester866|tester867|tester868|tester869
146,68,UNDEF|tester1226|tester1228|tester1240|tester1243|tester1246|tester1247|tester1248|tester1249|tester1255|tester1256|tester1259|tester1260|tester1263|tester1266|tester20|tester41|tester434|tester437|tester439|tester449|tester450|tester451|tester456|tester457|tester458|tester459|tester46|tester460|tester463|tester464|tester465|tester466|tester467|tester52|tester53|tester54|tester56|tester57|tester61|tester62|tester64|tester72|tester800|tester801|tester803|tester812|tester818|tester821|tester824|tester830|tester833|tester835|tester837|tester839|tester840|tester846|tester847|tester849|tester851|tester855|tester856|tester857|tester859|tester866|tester867|tester868|tester869
147,68,UNDEF|tester1226|tester1228|tester1240|tester1243|tester1246|tester1247|tester1248|tester1249|tester1255|tester1256|tester1259|tester1260|tester1263|tester1266|tester20|tester41|tester434|tester437|tester439|tester449|tester450|tester451|tester456|tester457|tester458|tester459|tester46|tester460|tester463|tester464|tester465|tester466|tester467|tester52|tester53|tester54|tester56|tester57|tester61|tester62|tester64|tester72|tester800|tester801|tester803|tester812|tester818|tester821|tester824|tester830|tester833|tester835|tester837|tester839|tester840|tester846|tester847|tester849|tester851|tester855|tester856|tester857|tester859|tester866|tester867|tester868|tester869
148,68,UNDEF|tester1226|tester1228|tester1240|tester1243|tester1246|tester1247|tester1248|tester1249|tester1255|tester1256|tester1259|tester1260|tester1263|tester1266|tester20|tester41|tester434|tester437|tester439|tester449|tester450|tester451|tester456|tester457|tester458|tester459|tester46|tester460|tester463|tester464|tester465|tester466|tester467|tester52|tester53|tester54|tester56|tester57|tester61|tester62|tester64|tester72|tester800|tester801|tester803|tester812|tester818|tester821|tester824|tester830|tester833|tester835|tester837|tester839|tester840|tester846|tester847|tester849|tester851|tester855|tester856|tester857|tester859|tester866|tester867|tester868|tester869
149,70,UNDEF|tester1226|tester1228|tester1240|tester1243|tester1246|tester1247|tester1248|tester1249|tester1255|tester1256|tester1259|tester1260|tester1263|tester1266|tester20|tester41|tester434|tester437|tester439|tester449|tester450|tester451|tester456|tester457|tester458|tester459|tester46|tester460|tester463|tester464|tester465|tester466|tester467|tester52|tester53|tester54|tester56|tester57|tester58|tester61|tester62|tester64|tester66|tester72|tester800|tester801|tester803|tester812|tester818|tester821|tester824|tester830|tester833|tester835|tester837|tester839|tester840|tester846|tester847|tester849|tester851|tester855|tester856|tester857|tester859|tester866|tester867|tester868|tester869
150,71,UNDEF|tester1226|tester1228|tester1240|tester1243|tester1246|tester1247|tester1248|tester1249|tester1255|tester1256|tester1259|tester1260|tester1263|tester1264|tester1266|tester20|tester41|tester434|tester437|tester439|tester449|tester450|tester451|tester456|tester457|tester458|tester459|tester46|tester460|tester463|tester464|tester465|tester466|tester467|tester52|tester53|tester54|tester56|tester57|tester58|tester61|tester62|tester64|tester66|tester72|tester800|tester801|tester803|tester812|tester818|tester821|tester824|tester830|tester833|tester835|tester837|tester839|tester840|tester846|tester847|tester849|tester851|tester855|tester856|tester857|tester859|tester866|tester867|tester868|tester869
151,73,UNDEF|tester1226|tester1228|tester1240|tester1243|tester1246|tester1247|tester1248|tester1249|tester1255|tester1256|tester1259|tester1260|tester1263|tester1264|tester1266|tester20|tester41|tester434|tester437|tester439|tester449|tester450|tester451|tester456|tester457|tester458|tester459|tester46|tester460|tester463|tester464|tester465|tester466|tester467|tester468|tester470|tester52|tester53|tester54|tester56|tester57|tester58|tester61|tester62|tester64|tester66|tester72|tester800|tester801|tester803|tester812|tester818|tester821|tester824|tester830|tester833|tester835|tester837|tester839|tester840|tester846|tester847|tester849|tester851|tester855|tester856|tester857|tester859|tester866|tester867|tester868|tester869
152,74,UNDEF|tester1226|tester1228|tester1240|tester1243|tester1246|tester1247|tester1248|tester1249|tester1255|tester1256|tester1259|tester1260|tester1263|tester1264|tester1266|tester20|tester41|tester434|tester437|tester439|tester449|tester450|tester451|tester456|tester457|tester458|tester459|tester46|tester460|tester463|tester464|tester465|tester466|tester467|tester468|tester470|tester52|tester53|tester54|tester56|tester57|tester58|tester61|tester62|tester64|tester66|tester72|tester800|tester801|tester803|tester812|tester818|tester821|tester824|tester830|tester833|tester835|tester837|tester839|tester840|tester846|tester847|tester849|tester851|tester855|tester856|tester857|tester859|tester866|tester867|tester868|tester869|tester870
153,75,UNDEF|tester1226|tester1228|tester1240|tester1243|tester1246|tester1247|tester1248|tester1249|tester1255|tester1256|tester1259|tester1260|tester1263|tester1264|tester1266|tester1274|tester20|tester41|tester434|tester437|tester439|tester449|tester450|tester451|tester456|tester457|tester458|tester459|tester46|tester460|tester463|tester464|tester465|tester466|tester467|tester468|tester470|tester52|tester53|tester54|tester56|tester57|tester58|tester61|tester62|tester64|tester66|tester72|tester800|tester801|tester803|tester812|tester818|tester821|tester824|tester830|tester833|tester835|tester837|tester839|tester840|tester846|tester847|tester849|tester851|tester855|tester856|tester857|tester859|tester866|tester867|tester868|tester869|tester870
154,76,UNDEF|tester1226|tester1228|tester1240|tester1243|tester1246|tester1247|tester1248|tester1249|tester1255|tester1256|tester1259|tester1260|tester1263|tester1264|tester1266|tester1274|tester20|tester41|tester434|tester437|tester439|tester449|tester450|tester451|tester456|tester457|tester458|tester459|tester46|tester460|tester463|tester464|tester465|tester466|tester467|tester468|tester470|tester52|tester53|tester54|tester56|tester57|tester58|tester61|tester62|tester64|tester66|tester72|tester800|tester801|tester803|tester812|tester818|tester821|tester824|tester830|tester833|tester835|tester837|tester839|tester840|tester846|tester847|tester849|tester851|tester855|tester856|tester857|tester859|tester866|tester867|tester868|tester869|tester870|tester876
155,76,UNDEF|tester1226|tester1228|tester1240|tester1243|tester1246|tester1247|tester1248|tester1249|tester1255|tester1256|tester1259|tester1260|tester1263|tester1264|tester1266|tester1274|tester20|tester41|tester434|tester437|tester439|tester449|tester450|tester451|tester456|tester457|tester458|tester459|tester46|tester460|tester463|tester464|tester465|tester466|tester467|tester468|tester470|tester52|tester53|tester54|tester56|tester57|tester58|tester61|tester62|tester64|tester66|tester72|tester800|tester801|tester803|tester812|tester818|tester821|tester824|tester830|tester833|tester835|tester837|tester839|tester840|tester846|tester847|tester849|tester851|tester855|tester856|tester857|tester859|tester866|tester867|tester868|tester869|tester870|tester876
156,79,UNDEF|tester1226|tester1228|tester1240|tester1243|tester1246|tester1247|tester1248|tester1249|tester1255|tester1256|tester1259|tester1260|tester1261|tester1263|tester1264|tester1266|tester1274|tester20|tester41|tester434|tester437|tester439|tester449|tester450|tester451|tester456|tester457|tester458|tester459|tester46|tester460|tester461|tester463|tester464|tester465|tester466|tester467|tester468|tester470|tester52|tester53|tester54|tester56|tester57|tester58|tester61|tester62|tester64|tester66|tester72|tester75|tester800|tester801|tester803|tester812|tester818|tester821|tester824|tester830|tester833|tester835|tester837|tester839|tester840|tester846|tester847|tester849|tester851|tester855|tester856|tester857|tester859|tester866|tester867|tester868|tester869|tester870|tester876
157,80,UNDEF|tester1226|tester1228|tester1240|tester1243|tester1246|tester1247|tester1248|tester1249|tester1255|tester1256|tester1259|tester1260|tester1261|tester1263|tester1264|tester1266|tester1274|tester20|tester41|tester434|tester437|tester439|tester449|tester450|tester451|tester456|tester457|tester458|tester459|tester46|tester460|tester461|tester463|tester464|tester465|tester466|tester467|tester468|tester470|tester475|tester52|tester53|tester54|tester56|tester57|tester58|tester61|tester62|tester64|tester66|tester72|tester75|tester800|tester801|tester803|tester812|tester818|tester821|tester824|tester830|tester833|tester835|tester837|tester839|tester840|tester846|tester847|tester849|tester851|tester855|tester856|tester857|tester859|tester866|tester867|tester868|tester869|tester870|tester876
158,82,UNDEF|tester1226|tester1228|tester1240|tester1243|tester1246|tester1247|tester1248|tester1249|tester1255|tester1256|tester1259|tester1260|tester1261|tester1263|tester1264|tester1266|tester1274|tester20|tester41|tester434|tester437|tester439|tester449|tester450|tester451|tester456|tester457|tester458|tester459|tester46|tester460|tester461|tester463|tester464|tester465|tester466|tester467|tester468|tester470|tester475|tester52|tester53|tester54|tester56|tester57|tester58|tester61|tester62|tester64|tester66|tester72|tester75|tester800|tester801|tester803|tester812|tester818|tester821|tester824|tester830|tester833|tester835|tester837|tester839|tester840|tester846|tester847|tester849|tester851|tester855|tester856|tester857|tester859|tester863|tester866|tester867|tester868|tester869|tester870|tester876|tester877
159,83,UNDEF|tester1226|tester1228|tester1240|tester1243|tester1246|tester1247|tester1248|tester1249|tester1255|tester1256|tester1259|tester1260|tester1261|tester1263|tester1264|tester1266|tester1274|tester1276|tester20|tester41|tester434|tester437|tester439|tester449|tester450|tester451|tester456|tester457|tester458|tester459|tester46|tester460|tester461|tester463|tester464|tester465|tester466|tester467|tester468|tester470|tester475|tester52|tester53|tester54|tester56|tester57|tester58|tester61|tester62|tester64|tester66|tester72|tester75|tester800|tester801|tester803|tester812|tester818|tester821|tester824|tester830|tester833|tester835|tester837|tester839|tester840|tester846|tester847|tester849|tester851|tester855|tester856|tester857|tester859|tester863|tester866|tester867|tester868|tester869|tester870|tester876|tester877
160,86,UNDEF|tester1226|tester1228|tester1240|tester1243|tester1246|tester1247|tester1248|tester1249|tester1255|tester1256|tester1259|tester1260|tester1261|tester1263|tester1264|tester1266|tester1274|tester1276|tester20|tester41|tester434|tester437|tester439|tester449|tester450|tester451|tester456|tester457|tester458|tester459|tester46|tester460|tester461|tester463|tester464|tester465|tester466|tester467|tester468|tester470|tester475|tester52|tester53|tester54|tester56|tester57|tester58|tester61|tester62|tester64|tester66|tester71|tester72|tester75|tester77|tester800|tester801|tester803|tester812|tester818|tester821|tester824|tester830|tester833|tester835|tester837|tester839|tester840|tester846|tester847|tester849|tester851|tester855|tester856|tester857|tester859|tester863|tester866|tester867|tester868|tester869|tester870|tester872|tester876|tester877
161,88,UNDEF|tester1226|tester1228|tester1240|tester1243|tester1246|tester1247|tester1248|tester1249|tester1255|tester1256|tester1259|tester1260|tester1261|tester1263|tester1264|tester1266|tester1274|tester1276|tester1278|tester20|tester41|tester434|tester437|tester439|tester449|tester450|tester451|tester456|tester457|tester458|tester459|tester46|tester460|tester461|tester463|tester464|tester465|tester466|tester467|tester468|tester470|tester475|tester477|tester52|tester53|tester54|tester56|tester57|tester58|tester61|tester62|tester64|tester66|tester71|tester72|tester75|tester77|tester800|tester801|tester803|tester812|tester818|tester821|tester824|tester830|tester833|tester835|tester837|tester839|tester840|tester846|tester847|tester849|tester851|tester855|tester856|tester857|tester859|tester863|tester866|tester867|tester868|tester869|tester870|tester872|tester876|tester877
162,89,UNDEF|tester1226|tester1228|tester1240|tester1243|tester1246|tester1247|tester1248|tester1249|tester1255|tester1256|tester1259|tester1260|tester1261|tester1263|tester1264|tester1266|tester1274|tester1276|tester1278|tester20|tester41|tester434|tester437|tester439|tester449|tester450|tester451|tester456|tester457|tester458|tester459|tester46|tester460|tester461|tester463|tester464|tester465|tester466|tester467|tester468|tester470|tester475|tester477|tester52|tester53|tester54|tester56|tester57|tester58|tester61|tester62|tester64|tester66|tester71|tester72|tester75|tester77|tester800|tester801|tester803|tester812|tester818|tester821|tester824|tester830|tester833|tester835|tester837|tester839|tester840|tester846|tester847|tester849|tester851|tester855|tester856|tester857|tester859|tester863|tester866|tester867|tester868|tester869|tester870|tester872|tester876|tester877|tester879
163,89,UNDEF|tester1226|tester1228|tester1240|tester1243|tester1246|tester1247|tester1248|tester1249|tester1255|tester1256|tester1259|tester1260|tester1261|tester1263|tester1264|tester1266|tester1274|tester1276|tester1278|tester20|tester41|tester434|tester437|tester439|tester449|tester450|tester451|tester456|tester457|tester458|tester459|tester46|tester460|tester461|tester463|tester464|tester465|tester466|tester467|tester468|tester470|tester475|tester477|tester52|tester53|tester54|tester56|tester57|tester58|tester61|tester62|tester64|tester66|tester71|tester72|tester75|tester77|tester800|tester801|tester803|tester812|tester818|tester821|tester824|tester830|tester833|tester835|tester837|tester839|tester840|tester846|tester847|tester849|tester851|tester855|tester856|tester857|tester859|tester863|tester866|tester867|tester868|tester869|tester870|tester872|tester876|tester877|tester879
164,89,UNDEF|tester1226|tester1228|tester1240|tester1243|tester1246|tester1247|tester1248|tester1249|tester1255|tester1256|tester1259|tester1260|tester1261|tester1263|tester1264|tester1266|tester1274|tester1276|tester1278|tester20|tester41|tester434|tester437|tester439|tester449|tester450|tester451|tester456|tester457|tester458|tester459|tester46|tester460|tester461|tester463|tester464|tester465|tester466|tester467|tester468|tester470|tester475|tester477|tester52|tester53|tester54|tester56|tester57|tester58|tester61|tester62|tester64|tester66|tester71|tester72|tester75|tester77|tester800|tester801|tester803|tester812|tester818|tester821|tester824|tester830|tester833|tester835|tester837|tester839|tester840|tester846|tester847|tester849|tester851|tester855|tester856|tester857|tester859|tester863|tester866|tester867|tester868|tester869|tester870|tester872|tester876|tester877|tester879
165,90,UNDEF|tester1226|tester1228|tester1240|tester1243|tester1246|tester1247|tester1248|tester1249|tester1255|tester1256|tester1259|tester1260|tester1261|tester1263|tester1264|tester1266|tester1274|tester1276|tester1278|tester1282|tester20|tester41|tester434|tester437|tester439|tester449|tester450|tester451|tester456|tester457|tester458|tester459|tester46|tester460|tester461|tester463|tester464|tester465|tester466|tester467|tester468|tester470|tester475|tester477|tester52|tester53|tester54|tester56|tester57|tester58|tester61|tester62|tester64|tester66|tester71|tester72|tester75|tester77|tester800|tester801|tester803|tester812|tester818|tester821|tester824|tester830|tester833|tester835|tester837|tester839|tester840|tester846|tester847|tester849|tester851|tester855|tester856|tester857|tester859|tester863|tester866|tester867|tester868|tester869|tester870|tester872|tester876|tester877|tester879
166,93,UNDEF|tester1226|tester1228|tester1240|tester1243|tester1246|tester1247|tester1248|tester1249|tester1255|tester1256|tester1259|tester1260|tester1261|tester1263|tester1264|tester1266|tester1272|tester1274|tester1276|tester1278|tester1282|tester20|tester41|tester434|tester437|tester439|tester449|tester450|tester451|tester456|tester457|tester458|tester459|tester46|tester460|tester461|tester463|tester464|tester465|tester466|tester467|tester468|tester470|tester475|tester477|tester52|tester53|tester54|tester56|tester57|tester58|tester61|tester62|tester64|tester66|tester71|tester72|tester75|tester77|tester79|tester800|tester801|tester803|tester812|tester818|tester821|tester824|tester830|tester833|tester835|tester837|tester839|tester840|tester846|tester847|tester849|tester851|tester855|tester856|tester857|tester859|tester863|tester866|tester867|tester868|tester869|tester870|tester872|tester876|tester877|tester879|tester882
167,93,UNDEF|tester1226|tester1228|tester1240|tester1243|tester1246|tester1247|tester1248|tester1249|tester1255|tester1256|tester1259|tester1260|tester1261|tester1263|tester1264|tester1266|tester1272|tester1274|tester1276|tester1278|tester1282|tester20|tester41|tester434|tester437|tester439|tester449|tester450|tester451|tester456|tester457|tester458|tester459|tester46|tester460|tester461|tester463|tester464|tester465|tester466|tester467|tester468|tester470|tester475|tester477|tester52|tester53|tester54|tester56|tester57|tester58|tester61|tester62|tester64|tester66|tester71|tester72|tester75|tester77|tester79|tester800|tester801|tester803|tester812|tester818|tester821|tester824|tester830|tester833|tester835|tester837|tester839|tester840|tester846|tester847|tester849|tester851|tester855|tester856|tester857|tester859|tester863|tester866|tester867|tester868|tester869|tester870|tester872|tester876|tester877|tester879|tester882
168,89,UNDEF|tester1240|tester1243|tester1246|tester1247|tester1248|tester1255|tester1256|tester1259|tester1260|tester1261|tester1263|tester1264|tester1266|tester1272|tester1274|tester1276|tester1278|tester1282|tester20|tester41|tester434|tester437|tester449|tester456|tester457|tester458|tester459|tester46|tester460|tester461|tester463|tester464|tester465|tester466|tester467|tester468|tester470|tester472|tester475|tester477|tester52|tester53|tester54|tester56|tester57|tester58|tester61|tester62|tester64|tester66|tester71|tester72|tester75|tester77|tester79|tester800|tester801|tester803|tester812|tester818|tester821|tester824|tester830|tester833|tester835|tester837|tester839|tester840|tester846|tester847|tester849|tester851|tester855|tester856|tester857|tester859|tester863|tester865|tester866|tester867|tester868|tester869|tester870|tester872|tester876|tester877|tester879|tester882
169,92,UNDEF|tester1240|tester1243|tester1246|tester1247|tester1248|tester1255|tester1256|tester1259|tester1260|tester1261|tester1263|tester1264|tester1266|tester1272|tester1274|tester1276|tester1278|tester1280|tester1282|tester20|tester41|tester434|tester437|tester449|tester456|tester457|tester458|tester459|tester46|tester460|tester461|tester463|tester464|tester465|tester466|tester467|tester468|tester470|tester472|tester475|tester477|tester482|tester52|tester53|tester54|tester56|tester57|tester58|tester61|tester62|tester64|tester66|tester69|tester71|tester72|tester75|tester77|tester79|tester800|tester801|tester803|tester812|tester818|tester821|tester824|tester830|tester833|tester835|tester837|tester839|tester840|tester846|tester847|tester849|tester851|tester855|tester856|tester857|tester859|tester863|tester865|tester866|tester867|tester868|tester869|tester870|tester872|tester876|tester877|tester879|tester882
170,93,UNDEF|tester1240|tester1243|tester1246|tester1247|tester1248|tester1255|tester1256|tester1259|tester1260|tester1261|tester1263|tester1264|tester1266|tester1272|tester1274|tester1276|tester1278|tester1280|tester1282|tester20|tester41|tester434|tester437|tester449|tester456|tester457|tester458|tester459|tester46|tester460|tester461|tester463|tester464|tester465|tester466|tester467|tester468|tester470|tester472|tester475|tester477|tester482|tester52|tester53|tester54|tester56|tester57|tester58|tester61|tester62|tester64|tester66|tester69|tester71|tester72|tester75|tester77|tester79|tester800|tester801|tester803|tester81|tester812|tester818|tester821|tester824|tester830|tester833|tester835|tester837|tester839|tester840|tester846|tester847|tester849|tester851|tester855|tester856|tester857|tester859|tester863|tester865|tester866|tester867|tester868|tester869|tester870|tester872|tester876|tester877|tester879|tester882
171,95,UNDEF|tester1240|tester1243|tester1246|tester1247|tester1248|tester1255|tester1256|tester1259|tester1260|tester1261|tester1263|tester1264|tester1266|tester1269|tester1272|tester1274|tester1276|tester1278|tester1280|tester1282|tester1283|tester20|tester41|tester434|tester437|tester449|tester456|tester457|tester458|tester459|tester46|tester460|tester461|tester463|tester464|tester465|tester466|tester467|tester468|tester470|tester472|tester475|tester477|tester482|tester52|tester53|tester54|tester56|tester57|tester58|tester61|tester62|tester64|tester66|tester69|tester71|tester72|tester75|tester77|tester79|tester800|tester801|tester803|tester81|tester812|tester818|tester821|tester824|tester830|tester833|tester835|tester837|tester839|tester840|tester846|tester847|tester849|tester851|tester855|tester856|tester857|tester859|tester863|tester865|tester866|tester867|tester868|tester869|tester870|tester872|tester876|tester877|tester879|tester882
172,97,UNDEF|tester1240|tester1243|tester1246|tester1247|tester1248|tester1255|tester1256|tester1259|tester1260|tester1261|tester1263|tester1264|tester1266|tester1269|tester1271|tester1272|tester1274|tester1276|tester1278|tester1280|tester1282|tester1283|tester20|tester41|tester434|tester437|tester449|tester456|tester457|tester458|tester459|tester46|tester460|tester461|tester463|tester464|tester465|tester466|tester467|tester468|tester470|tester472|tester475|tester477|tester482|tester52|tester53|tester54|tester56|tester57|tester58|tester61|tester62|tester63|tester64|tester66|tester69|tester71|tester72|tester75|tester77|tester79|tester800|tester801|tester803|tester81|tester812|tester818|tester821|tester824|tester830|tester833|tester835|tester837|tester839|tester840|tester846|tester847|tester849|tester851|tester855|tester856|tester857|tester859|tester863|tester865|tester866|tester867|tester868|tester869|tester870|tester872|tester876|tester877|tester879|tester882
173,98,UNDEF|tester1240|tester1243|tester1246|tester1247|tester1248|tester1255|tester1256|tester1259|tester1260|tester1261|tester1263|tester1264|tester1266|tester1269|tester1271|tester1272|tester1274|tester1276|tester1278|tester1280|tester1282|tester1283|tester1285|tester20|tester41|tester434|tester437|tester449|tester456|tester457|tester458|tester459|tester46|tester460|tester461|tester463|tester464|tester465|tester466|tester467|tester468|tester470|tester472|tester475|tester477|tester482|tester52|tester53|tester54|tester56|tester57|tester58|tester61|tester62|tester63|tester64|tester66|tester69|tester71|tester72|tester75|tester77|tester79|tester800|tester801|tester803|tester81|tester812|tester818|tester821|tester824|tester830|tester833|tester835|tester837|tester839|tester840|tester846|tester847|tester849|tester851|tester855|tester856|tester857|tester859|tester863|tester865|tester866|tester867|tester868|tester869|tester870|tester872|tester876|tester877|tester879|tester882
174,99,UNDEF|tester1240|tester1243|tester1246|tester1247|tester1248|tester1255|tester1256|tester1259|tester1260|tester1261|tester1263|tester1264|tester1266|tester1269|tester1271|tester1272|tester1274|tester1276|tester1278|tester1280|tester1282|tester1283|tester1285|tester20|tester41|tester434|tester437|tester449|tester456|tester457|tester458|tester459|tester46|tester460|tester461|tester463|tester464|tester465|tester466|tester467|tester468|tester470|tester472|tester475|tester477|tester482|tester486|tester52|tester53|tester54|tester56|tester57|tester58|tester61|tester62|tester63|tester64|tester66|tester69|tester71|tester72|tester75|tester77|tester79|tester800|tester801|tester803|tester81|tester812|tester818|tester821|tester824|tester830|tester833|tester835|tester837|tester839|tester840|tester846|tester847|tester849|tester851|tester855|tester856|tester857|tester859|tester863|tester865|tester866|tester867|tester868|tester869|tester870|tester872|tester876|tester877|tester879|tester882
175,99,UNDEF|tester1240|tester1243|tester1246|tester1247|tester1248|tester1255|tester1256|tester1259|tester1260|tester1261|tester1263|tester1264|tester1266|tester1269|tester1271|tester1272|tester1274|tester1276|tester1278|tester1280|tester1282|tester1283|tester1285|tester20|tester41|tester434|tester437|tester449|tester456|tester457|tester458|tester459|tester46|tester460|tester461|tester463|tester464|tester465|tester466|tester467|tester468|tester470|tester472|tester475|tester477|tester482|tester486|tester52|tester53|tester54|tester56|tester57|tester58|tester61|tester62|tester63|tester64|tester66|tester69|tester71|tester72|tester75|tester77|tester79|tester800|tester801|tester803|tester81|tester812|tester818|tester821|tester824|tester830|tester833|tester835|tester837|tester839|tester840|tester846|tester847|tester849|tester851|tester855|tester856|tester857|tester859|tester863|tester865|tester866|tester867|tester868|tester869|tester870|tester872|tester876|tester877|tester879|tester882
176,99,UNDEF|tester1240|tester1243|tester1246|tester1247|tester1248|tester1255|tester1256|tester1259|tester1260|tester1261|tester1263|tester1264|tester1266|tester1269|tester1271|tester1272|tester1274|tester1276|tester1278|tester1280|tester1282|tester1283|tester1285|tester20|tester41|tester434|tester437|tester449|tester456|tester457|tester458|tester459|tester46|tester460|tester461|tester463|tester464|tester465|tester466|tester467|tester468|tester470|tester472|tester475|tester477|tester482|tester486|tester52|tester53|tester54|tester56|tester57|tester58|tester61|tester62|tester63|tester64|tester66|tester69|tester71|tester72|tester75|tester77|tester79|tester800|tester801|tester803|tester81|tester812|tester818|tester821|tester824|tester830|tester833|tester835|tester837|tester839|tester840|tester846|tester847|tester849|tester851|tester855|tester856|tester857|tester859|tester863|tester865|tester866|tester867|tester868|tester869|tester870|tester872|tester876|tester877|tester879|tester882
177,99,UNDEF|tester1240|tester1243|tester1246|tester1247|tester1248|tester1255|tester1256|tester1259|tester1260|tester1261|tester1263|tester1264|tester1266|tester1269|tester1271|tester1272|tester1274|tester1276|tester1278|tester1280|tester1282|tester1283|tester1285|tester20|tester41|tester434|tester437|tester449|tester456|tester457|tester458|tester459|tester46|tester460|tester461|tester463|tester464|tester465|tester466|tester467|tester468|tester470|tester472|tester475|tester477|tester482|tester486|tester52|tester53|tester54|tester56|tester57|tester58|tester61|tester62|tester63|tester64|tester66|tester69|tester71|tester72|tester75|tester77|tester79|tester800|tester801|tester803|tester81|tester812|tester818|tester821|tester824|tester830|tester833|tester835|tester837|tester839|tester840|tester846|tester847|tester849|tester851|tester855|tester856|tester857|tester859|tester863|tester865|tester866|tester867|tester868|tester869|tester870|tester872|tester876|tester877|tester879|tester882
178,102,UNDEF|tester1240|tester1243|tester1246|tester1247|tester1248|tester1255|tester1256|tester1259|tester1260|tester1261|tester1262|tester1263|tester1264|tester1266|tester1269|tester1271|tester1272|tester1274|tester1276|tester1278|tester1280|tester1282|tester1283|tester1285|tester1288|tester20|tester41|tester434|tester437|tester449|tester456|tester457|tester458|tester459|tester46|tester460|tester461|tester463|tester464|tester465|tester466|tester467|tester468|tester470|tester472|tester475|tester477|tester482|tester486|tester52|tester53|tester54|tester56|tester57|tester58|tester61|tester62|tester63|tester64|tester66|tester69|tester71|tester72|tester75|tester77|tester79|tester800|tester801|tester803|tester81|tester812|tester818|tester821|tester824|tester830|tester833|tester835|tester837|tester839|tester840|tester846|tester847|tester849|tester851|tester855|tester856|tester857|tester859|tester863|tester865|tester866|tester867|tester868|tester869|tester870|tester872|tester876|tester877|tester879|tester882|tester887
179,104,UNDEF|tester1240|tester1243|tester1246|tester1247|tester1248|tester1255|tester1256|tester1259|tester1260|tester1261|tester1262|tester1263|tester1264|tester1266|tester1269|tester1271|tester1272|tester1274|tester1276|tester1278|tester1280|tester1282|tester1283|tester1285|tester1287|tester1288|tester20|tester41|tester434|tester437|tester449|tester456|tester457|tester458|tester459|tester46|tester460|tester461|tester463|tester464|tester465|tester466|tester467|tester468|tester470|tester472|tester475|tester477|tester482|tester486|tester52|tester53|tester54|tester56|tester57|tester58|tester61|tester62|tester63|tester64|tester66|tester69|tester71|tester72|tester75|tester77|tester79|tester800|tester801|tester803|tester81|tester812|tester818|tester821|tester824|tester830|tester833|tester835|tester837|tester839|tester840|tester846|tester847|tester849|tester851|tester855|tester856|tester857|tester859|tester863|tester865|tester866|tester867|tester868|tester869|tester870|tester872|tester876|tester877|tester879|tester881|tester882|tester887
180,106,UNDEF|tester1240|tester1243|tester1246|tester1247|tester1248|tester1255|tester1256|tester1259|tester1260|tester1261|tester1262|tester1263|tester1264|tester1266|tester1269|tester1271|tester1272|tester1274|tester1276|tester1278|tester1280|tester1281|tester1282|tester1283|tester1285|tester1287|tester1288|tester20|tester41|tester434|tester437|tester449|tester456|tester457|tester458|tester459|tester46|tester460|tester461|tester463|tester464|tester465|tester466|tester467|tester468|tester470|tester472|tester475|tester477|tester482|tester486|tester52|tester53|tester54|tester56|tester57|tester58|tester61|tester62|tester63|tester64|tester66|tester69|tester71|tester72|tester75|tester77|tester79|tester800|tester801|tester803|tester81|tester812|tester818|tester821|tester824|tester830|tester833|tester835|tester837|tester839|tester840|tester846|tester847|tester849|tester851|tester855|tester856|tester857|tester859|tester863|tester865|tester866|tester867|tester868|tester869|tester870|tester872|tester876|tester877|tester879|tester88|tester881|tester882|tester887
181,108,UNDEF|tester1240|tester1243|tester1246|tester1247|tester1248|tester1255|tester1256|tester1259|tester1260|tester1261|tester1262|tester1263|tester1264|tester1266|tester1268|tester1269|tester1271|tester1272|tester1274|tester1276|tester1278|tester1280|tester1281|tester1282|tester1283|tester1285|tester1287|tester1288|tester20|tester41|tester434|tester437|tester449|tester456|tester457|tester458|tester459|tester46|tester460|tester461|tester463|tester464|tester465|tester466|tester467|tester468|tester470|tester472|tester475|tester477|tester482|tester486|tester52|tester53|tester54|tester56|tester57|tester58|tester61|tester62|tester63|tester64|tester66|tester69|tester71|tester72|tester75|tester77|tester79|tester800|tester801|tester803|tester81|tester812|tester818|tester821|tester824|tester830|tester833|tester835|tester837|tester839|tester840|tester846|tester847|tester849|tester851|tester855|tester856|tester857|tester859|tester863|tester865|tester866|tester867|tester868|tester869|tester870|tester872|tester876|tester877|tester879|tester88|tester881|tester882|tester884|tester887
182,109,UNDEF|tester1240|tester1243|tester1246|tester1247|tester1248|tester1255|tester1256|tester1259|tester1260|tester1261|tester1262|tester1263|tester1264|tester1266|tester1268|tester1269|tester1271|tester1272|tester1274|tester1276|tester1278|tester1280|tester1281|tester1282|tester1283|tester1285|tester1287|tester1288|tester20|tester41|tester434|tester437|tester449|tester456|tester457|tester458|tester459|tester46|tester460|tester461|tester463|tester464|tester465|tester466|tester467|tester468|tester470|tester472|tester475|tester477|tester482|tester486|tester52|tester53|tester54|tester56|tester57|tester58|tester61|tester62|tester63|tester64|tester66|tester69|tester71|tester72|tester75|tester77|tester79|tester800|tester801|tester803|tester81|tester812|tester818|tester821|tester824|tester830|tester833|tester835|tester837|tester839|tester840|tester846|tester847|tester849|tester851|tester855|tester856|tester857|tester859|tester863|tester865|tester866|tester867|tester868|tester869|tester870|tester872|tester876|tester877|tester879|tester88|tester881|tester882|tester884|tester887|tester89
183,110,UNDEF|tester1240|tester1243|tester1246|tester1247|tester1248|tester1255|tester1256|tester1259|tester1260|tester1261|tester1262|tester1263|tester1264|tester1266|tester1268|tester1269|tester1271|tester1272|tester1274|tester1276|tester1278|tester1280|tester1281|tester1282|tester1283|tester1285|tester1287|tester1288|tester20|tester41|tester434|tester437|tester449|tester456|tester457|tester458|tester459|tester46|tester460|tester461|tester463|tester464|tester465|tester466|tester467|tester468|tester470|tester472|tester475|tester477|tester482|tester486|tester489|tester52|tester53|tester54|tester56|tester57|tester58|tester61|tester62|tester63|tester64|tester66|tester69|tester71|tester72|tester75|tester77|tester79|tester800|tester801|tester803|tester81|tester812|tester818|tester821|tester824|tester830|tester833|tester835|tester837|tester839|tester840|tester846|tester847|tester849|tester851|tester855|tester856|tester857|tester859|tester863|tester865|tester866|tester867|tester868|tester869|tester870|tester872|tester876|tester877|tester879|tester88|tester881|tester882|tester884|tester887|tester89
184,113,UNDEF|tester1240|tester1243|tester1246|tester1247|tester1248|tester1255|tester1256|tester1259|tester1260|tester1261|tester1262|tester1263|tester1264|tester1266|tester1268|tester1269|tester1271|tester1272|tester1274|tester1276|tester1278|tester1280|tester1281|tester1282|tester1283|tester1285|tester1287|tester1288|tester20|tester41|tester434|tester437|tester449|tester456|tester457|tester458|tester459|tester46|tester460|tester461|tester463|tester464|tester465|tester466|tester467|tester468|tester470|tester472|tester475|tester477|tester482|tester486|tester489|tester52|tester53|tester54|tester56|tester57|tester58|tester61|tester62|tester63|tester64|tester66|tester69|tester71|tester72|tester75|tester77|tester79|tester800|tester801|tester803|tester81|tester812|tester818|tester82|tester821|tester824|tester830|tester833|tester835|tester837|tester839|tester840|tester846|tester847|tester849|tester851|tester855|tester856|tester857|tester859|tester863|tester865|tester866|tester867|tester868|tester869|tester870|tester872|tester876|tester877|tester879|tester88|tester881|tester882|tester884|tester887|tester888|tester89|tester90
185,113,UNDEF|tester1240|tester1243|tester1246|tester1247|tester1248|tester1255|tester1256|tester1259|tester1260|tester1261|tester1262|tester1263|tester1264|tester1266|tester1268|tester1269|tester1271|tester1272|tester1274|tester1276|tester1278|tester1280|tester1281|tester1282|tester1283|tester1285|tester1287|tester1288|tester20|tester41|tester434|tester437|tester449|tester456|tester457|tester458|tester459|tester46|tester460|tester461|tester463|tester464|tester465|tester466|tester467|tester468|tester470|tester472|tester475|tester477|tester482|tester486|tester489|tester52|tester53|tester54|tester56|tester57|tester58|tester61|tester62|tester63|tester64|tester66|tester69|tester71|tester72|tester75|tester77|tester79|tester800|tester801|tester803|tester81|tester812|tester818|tester82|tester821|tester824|tester830|tester833|tester835|tester837|tester839|tester840|tester846|tester847|tester849|tester851|tester855|tester856|tester857|tester859|tester863|tester865|tester866|tester867|tester868|tester869|tester870|tester872|tester876|tester877|tester879|tester88|tester881|tester882|tester884|tester887|tester888|tester89|tester90
186,115,UNDEF|tester1240|tester1243|tester1246|tester1247|tester1248|tester1255|tester1256|tester1259|tester1260|tester1261|tester1262|tester1263|tester1264|tester1266|tester1268|tester1269|tester1271|tester1272|tester1274|tester1276|tester1278|tester1280|tester1281|tester1282|tester1283|tester1285|tester1287|tester1288|tester20|tester41|tester434|tester437|tester449|tester456|tester457|tester458|tester459|tester46|tester460|tester461|tester463|tester464|tester465|tester466|tester467|tester468|tester470|tester472|tester475|tester477|tester482|tester486|tester487|tester489|tester52|tester53|tester54|tester56|tester57|tester58|tester61|tester62|tester63|tester64|tester66|tester69|tester71|tester72|tester74|tester75|tester77|tester79|tester800|tester801|tester803|tester81|tester812|tester818|tester82|tester821|tester824|tester830|tester833|tester835|tester837|tester839|tester840|tester846|tester847|tester849|tester851|tester855|tester856|tester857|tester859|tester863|tester865|tester866|tester867|tester868|tester869|tester870|tester872|tester876|tester877|tester879|tester88|tester881|tester882|tester884|tester887|tester888|tester89|tester90
187,112,UNDEF|tester1243|tester1246|tester1247|tester1255|tester1256|tester1259|tester1260|tester1261|tester1262|tester1263|tester1264|tester1266|tester1268|tester1269|tester1271|tester1272|tester1274|tester1276|tester1278|tester1280|tester1281|tester1282|tester1283|tester1285|tester1287|tester1288|tester1289|tester20|tester41|tester434|tester456|tester457|tester458|tester459|tester46|tester460|tester461|tester463|tester464|tester465|tester466|tester467|tester468|tester470|tester472|tester475|tester477|tester482|tester486|tester487|tester489|tester52|tester53|tester54|tester56|tester57|tester58|tester61|tester62|tester63|tester64|tester66|tester69|tester71|tester72|tester74|tester75|tester77|tester79|tester800|tester801|tester803|tester81|tester812|tester818|tester82|tester824|tester830|tester833|tester835|tester837|tester839|tester840|tester846|tester847|tester849|tester851|tester855|tester856|tester857|tester859|tester86|tester863|tester865|tester866|tester867|tester868|tester869|tester870|tester872|tester876|tester877|tester879|tester88|tester881|tester882|tester884|tester887|tester888|tester89|tester90
188,115,UNDEF|tester1243|tester1246|tester1247|tester1255|tester1256|tester1259|tester1260|tester1261|tester1262|tester1263|tester1264|tester1266|tester1268|tester1269|tester1271|tester1272|tester1274|tester1276|tester1278|tester1280|tester1281|tester1282|tester1283|tester1285|tester1287|tester1288|tester1289|tester20|tester41|tester434|tester456|tester457|tester458|tester459|tester46|tester460|tester461|tester463|tester464|tester465|tester466|tester467|tester468|tester470|tester472|tester475|tester477|tester482|tester486|tester487|tester489|tester52|tester53|tester54|tester56|tester57|tester58|tester61|tester62|tester63|tester64|tester66|tester69|tester71|tester72|tester74|tester75|tester77|tester79|tester80|tester800|tester801|tester803|tester81|tester812|tester818|tester82|tester824|tester830|tester833|tester835|tester837|tester839|tester840|tester846|tester847|tester849|tester851|tester855|tester856|tester857|tester859|tester86|tester863|tester865|tester866|tester867|tester868|tester869|tester870|tester872|tester876|tester877|tester879|tester88|tester881|tester882|tester884|tester886|tester887|tester888|tester89|tester892|tester90
189,118,UNDEF|tester1243|tester1246|tester1247|tester1255|tester1256|tester1259|tester1260|tester1261|tester1262|tester1263|tester1264|tester1266|tester1268|tester1269|tester1271|tester1272|tester1274|tester1276|tester1278|tester1280|tester1281|tester1282|tester1283|tester1285|tester1287|tester1288|tester1289|tester1294|tester20|tester41|tester434|tester456|tester457|tester458|tester459|tester46|tester460|tester461|tester463|tester464|tester465|tester466|tester467|tester468|tester470|tester472|tester475|tester477|tester482|tester486|tester487|tester488|tester489|tester491|tester52|tester53|tester54|tester56|tester57|tester58|tester61|tester62|tester63|tester64|tester66|tester69|tester71|tester72|tester74|tester75|tester77|tester79|tester80|tester800|tester801|tester803|tester81|tester812|tester818|tester82|tester824|tester830|tester833|tester835|tester837|tester839|tester840|tester846|tester847|tester849|tester851|tester855|tester856|tester857|tester859|tester86|tester863|tester865|tester866|tester867|tester868|tester869|tester870|tester872|tester876|tester877|tester879|tester88|tester881|tester882|tester884|tester886|tester887|tester888|tester89|tester892|tester90
190,121,UNDEF|tester1243|tester1246|tester1247|tester1255|tester1256|tester1259|tester1260|tester1261|tester1262|tester1263|tester1264|tester1266|tester1268|tester1269|tester1271|tester1272|tester1274|tester1276|tester1278|tester1280|tester1281|tester1282|tester1283|tester1285|tester1287|tester1288|tester1289|tester1294|tester20|tester41|tester434|tester456|tester457|tester458|tester459|tester46|tester460|tester461|tester463|tester464|tester465|tester466|tester467|tester468|tester470|tester472|tester475|tester477|tester482|tester486|tester487|tester488|tester489|tester491|tester52|tester53|tester54|tester56|tester57|tester58|tester61|tester62|tester63|tester64|tester66|tester69|tester71|tester72|tester74|tester75|tester77|tester79|tester80|tester800|tester801|tester803|tester81|tester812|tester818|tester82|tester824|tester830|tester833|tester835|tester837|tester839|tester840|tester846|tester847|tester849|tester851|tester855|tester856|tester857|tester859|tester86|tester863|tester865|tester866|tester867|tester868|tester869|tester870|tester872|tester876|tester877|tester879|tester88|tester881|tester882|tester883|tester884|tester886|tester887|tester888|tester89|tester892|tester893|tester894|tester90
191,123,UNDEF|tester1243|tester1246|tester1247|tester1255|tester1256|tester1259|tester1260|tester1261|tester1262|tester1263|tester1264|tester1266|tester1268|tester1269|tester1271|tester1272|tester1274|tester1276|tester1277|tester1278|tester1280|tester1281|tester1282|tester1283|tester1285|tester1287|tester1288|tester1289|tester1294|tester20|tester41|tester434|tester456|tester457|tester458|tester459|tester46|tester460|tester461|tester463|tester464|tester465|tester466|tester467|tester468|tester470|tester472|tester475|tester477|tester482|tester485|tester486|tester487|tester488|tester489|tester491|tester52|tester53|tester54|tester56|tester57|tester58|tester61|tester62|tester63|tester64|tester66|tester69|tester71|tester72|tester74|tester75|tester77|tester79|tester80|tester800|tester801|tester803|tester81|tester812|tester818|tester82|tester824|tester830|tester833|tester835|tester837|tester839|tester840|tester846|tester847|tester849|tester851|tester855|tester856|tester857|tester859|tester86|tester863|tester865|tester866|tester867|tester868|tester869|tester870|tester872|tester876|tester877|tester879|tester88|tester881|tester882|tester883|tester884|tester886|tester887|tester888|tester89|tester892|tester893|tester894|tester90
192,125,UNDEF|tester1243|tester1246|tester1247|tester1255|tester1256|tester1259|tester1260|tester1261|tester1262|tester1263|tester1264|tester1266|tester1268|tester1269|tester1271|tester1272|tester1274|tester1276|tester1277|tester1278|tester1280|tester1281|tester1282|tester1283|tester1285|tester1287|tester1288|tester1289|tester1294|tester20|tester41|tester434|tester456|tester457|tester458|tester459|tester46|tester460|tester461|tester463|tester464|tester465|tester466|tester467|tester468|tester470|tester472|tester475|tester477|tester482|tester485|tester486|tester487|tester488|tester489|tester491|tester52|tester53|tester54|tester56|tester57|tester58|tester61|tester62|tester63|tester64|tester66|tester69|tester71|tester72|tester74|tester75|tester77|tester79|tester80|tester800|tester801|tester803|tester81|tester812|tester818|tester82|tester824|tester830|tester833|tester835|tester837|tester839|tester840|tester846|tester847|tester849|tester851|tester855|tester856|tester857|tester859|tester86|tester863|tester865|tester866|tester867|tester868|tester869|tester870|tester872|tester876|tester877|tester879|tester88|tester880|tester881|tester882|tester883|tester884|tester886|tester887|tester888|tester889|tester89|tester892|tester893|tester894|tester90
193,128,UNDEF|tester1243|tester1246|tester1247|tester1255|tester1256|tester1259|tester1260|tester1261|tester1262|tester1263|tester1264|tester1266|tester1268|tester1269|tester1271|tester1272|tester1274|tester1276|tester1277|tester1278|tester1280|tester1281|tester1282|tester1283|tester1285|tester1287|tester1288|tester1289|tester1294|tester1296|tester20|tester41|tester434|tester456|tester457|tester458|tester459|tester46|tester460|tester461|tester463|tester464|tester465|tester466|tester467|tester468|tester470|tester472|tester475|tester477|tester482|tester485|tester486|tester487|tester488|tester489|tester491|tester52|tester53|tester54|tester56|tester57|tester58|tester61|tester62|tester63|tester64|tester66|tester69|tester71|tester72|tester74|tester75|tester77|tester79|tester80|tester800|tester801|tester803|tester81|tester812|tester818|tester82|tester824|tester830|tester833|tester835|tester837|tester839|tester840|tester846|tester847|tester849|tester851|tester855|tester856|tester857|tester859|tester86|tester863|tester865|tester866|tester867|tester868|tester869|tester870|tester872|tester876|tester877|tester879|tester88|tester880|tester881|tester882|tester883|tester884|tester886|tester887|tester888|tester889|tester89|tester891|tester892|tester893|tester894|tester90|tester92
194,130,UNDEF|tester1243|tester1246|tester1247|tester1255|tester1256|tester1259|tester1260|tester1261|tester1262|tester1263|tester1264|tester1266|tester1268|tester1269|tester1271|tester1272|tester1274|tester1276|tester1277|tester1278|tester1280|tester1281|tester1282|tester1283|tester1285|tester1287|tester1288|tester1289|tester1294|tester1296|tester20|tester41|tester434|tester456|tester457|tester458|tester459|tester46|tester460|tester461|tester463|tester464|tester465|tester466|tester467|tester468|tester470|tester472|tester475|tester477|tester482|tester485|tester486|tester487|tester488|tester489|tester491|tester52|tester53|tester54|tester56|tester57|tester58|tester61|tester62|tester63|tester64|tester66|tester69|tester71|tester72|tester74|tester75|tester77|tester79|tester80|tester800|tester801|tester803|tester81|tester812|tester818|tester82|tester824|tester830|tester833|tester835|tester837|tester839|tester840|tester846|tester847|tester849|tester851|tester855|tester856|tester857|tester859|tester86|tester863|tester865|tester866|tester867|tester868|tester869|tester870|tester872|tester876|tester877|tester879|tester88|tester880|tester881|tester882|tester883|tester884|tester886|tester887|tester888|tester889|tester89|tester890|tester891|tester892|tester893|tester894|tester90|tester92|tester93
195,127,UNDEF|tester1243|tester1246|tester1255|tester1256|tester1259|tester1260|tester1261|tester1262|tester1263|tester1264|tester1266|tester1268|tester1269|tester1271|tester1272|tester1274|tester1276|tester1277|tester1278|tester1280|tester1281|tester1282|tester1283|tester1285|tester1287|tester1288|tester1289|tester1294|tester1296|tester1297|tester41|tester456|tester457|tester458|tester459|tester46|tester460|tester461|tester463|tester464|tester465|tester466|tester467|tester468|tester470|tester472|tester475|tester477|tester482|tester485|tester486|tester487|tester488|tester489|tester491|tester494|tester52|tester54|tester56|tester57|tester58|tester61|tester62|tester63|tester64|tester66|tester69|tester71|tester72|tester74|tester75|tester77|tester79|tester80|tester800|tester801|tester803|tester81|tester812|tester818|tester82|tester824|tester830|tester833|tester835|tester837|tester839|tester840|tester846|tester847|tester849|tester851|tester856|tester857|tester859|tester86|tester863|tester865|tester866|tester867|tester868|tester869|tester870|tester872|tester876|tester877|tester879|tester88|tester880|tester881|tester882|tester883|tester884|tester886|tester887|tester888|tester889|tester89|tester890|tester891|tester892|tester893|tester894|tester90|tester92|tester93
196,129,UNDEF|tester1243|tester1246|tester1255|tester1256|tester1259|tester1260|tester1261|tester1262|tester1263|tester1264|tester1266|tester1268|tester1269|tester1271|tester1272|tester1274|tester1276|tester1277|tester1278|tester1280|tester1281|tester1282|tester1283|tester1285|tester1287|tester1288|tester1289|tester1290|tester1294|tester1296|tester1297|tester41|tester456|tester457|tester458|tester459|tester46|tester460|tester461|tester463|tester464|tester465|tester466|tester467|tester468|tester470|tester472|tester475|tester477|tester482|tester485|tester486|tester487|tester488|tester489|tester491|tester494|tester52|tester54|tester56|tester57|tester58|tester61|tester62|tester63|tester64|tester66|tester69|tester71|tester72|tester74|tester75|tester77|tester79|tester80|tester800|tester801|tester803|tester81|tester812|tester818|tester82|tester824|tester830|tester833|tester835|tester837|tester839|tester840|tester846|tester847|tester849|tester851|tester856|tester857|tester859|tester86|tester863|tester865|tester866|tester867|tester868|tester869|tester870|tester872|tester876|tester877|tester879|tester88|tester880|tester881|tester882|tester883|tester884|tester886|tester887|tester888|tester889|tester89|tester890|tester891|tester892|tester893|tester894|tester90|tester91|tester92|tester93
197,130,UNDEF|tester1243|tester1246|tester1255|tester1256|tester1259|tester1260|tester1261|tester1262|tester1263|tester1264|tester1266|tester1268|tester1269|tester1271|tester1272|tester1274|tester1276|tester1277|tester1278|tester1280|tester1281|tester1282|tester1283|tester1285|tester1287|tester1288|tester1289|tester1290|tester1293|tester1294|tester1296|tester1297|tester41|tester456|tester457|tester458|tester459|tester46|tester460|tester461|tester463|tester464|tester465|tester466|tester467|tester468|tester470|tester472|tester475|tester477|tester482|tester485|tester486|tester487|tester488|tester489|tester491|tester494|tester52|tester54|tester56|tester57|tester58|tester61|tester62|tester63|tester64|tester66|tester69|tester71|tester72|tester74|tester75|tester77|tester79|tester80|tester800|tester801|tester803|tester81|tester812|tester818|tester82|tester824|tester830|tester833|tester835|tester837|tester839|tester840|tester846|tester847|tester849|tester851|tester856|tester857|tester859|tester86|tester863|tester865|tester866|tester867|tester868|tester869|tester870|tester872|tester876|tester877|tester879|tester88|tester880|tester881|tester882|tester883|tester884|tester886|tester887|tester888|tester889|tester89|tester890|tester891|tester892|tester893|tester894|tester90|tester91|tester92|tester93
198,132,UNDEF|tester1243|tester1246|tester1255|tester1256|tester1259|tester1260|tester1261|tester1262|tester1263|tester1264|tester1266|tester1268|tester1269|tester1271|tester1272|tester1274|tester1276|tester1277|tester1278|tester1280|tester1281|tester1282|tester1283|tester1285|tester1287|tester1288|tester1289|tester1290|tester1291|tester1293|tester1294|tester1295|tester1296|tester1297|tester41|tester456|tester457|tester458|tester459|tester46|tester460|tester461|tester463|tester464|tester465|tester466|tester467|tester468|tester470|tester472|tester475|tester477|tester482|tester485|tester486|tester487|tester488|tester489|tester491|tester494|tester52|tester54|tester56|tester57|tester58|tester61|tester62|tester63|tester64|tester66|tester69|tester71|tester72|tester74|tester75|tester77|tester79|tester80|tester800|tester801|tester803|tester81|tester812|tester818|tester82|tester824|tester830|tester833|tester835|tester837|tester839|tester840|tester846|tester847|tester849|tester851|tester856|tester857|tester859|tester86|tester863|tester865|tester866|tester867|tester868|tester869|tester870|tester872|tester876|tester877|tester879|tester88|tester880|tester881|tester882|tester883|tester884|tester886|tester887|tester888|tester889|tester89|tester890|tester891|tester892|tester893|tester894|tester90|tester91|tester92|tester93
199,133,UNDEF|tester1243|tester1246|tester1255|tester1256|tester1259|tester1260|tester1261|tester1262|tester1263|tester1264|tester1266|tester1268|tester1269|tester1271|tester1272|tester1274|tester1276|tester1277|tester1278|tester1280|tester1281|tester1282|tester1283|tester1285|tester1287|tester1288|tester1289|tester1290|tester1291|tester1293|tester1294|tester1295|tester1296|tester1297|tester41|tester456|tester457|tester458|tester459|tester46|tester460|tester461|tester463|tester464|tester465|tester466|tester467|tester468|tester470|tester472|tester475|tester477|tester482|tester484|tester485|tester486|tester487|tester488|tester489|tester491|tester494|tester52|tester54|tester56|tester57|tester58|tester61|tester62|tester63|tester64|tester66|tester69|tester71|tester72|tester74|tester75|tester77|tester79|tester80|tester800|tester801|tester803|tester81|tester812|tester818|tester82|tester824|tester830|tester833|tester835|tester837|tester839|tester840|tester846|tester847|tester849|tester851|tester856|tester857|tester859|tester86|tester863|tester865|tester866|tester867|tester868|tester869|tester870|tester872|tester876|tester877|tester879|tester88|tester880|tester881|tester882|tester883|tester884|tester886|tester887|tester888|tester889|tester89|tester890|tester891|tester892|tester893|tester894|tester90|tester91|tester92|tester93
200,135,UNDEF|tester1243|tester1246|tester1255|tester1256|tester1259|tester1260|tester1261|tester1262|tester1263|tester1264|tester1266|tester1268|tester1269|tester1271|tester1272|tester1274|tester1276|tester1277|tester1278|tester1280|tester1281|tester1282|tester1283|tester1285|tester1287|tester1288|tester1289|tester1290|tester1291|tester1293|tester1294|tester1295|tester1296|tester1297|tester41|tester456|tester457|tester458|tester459|tester46|tester460|tester461|tester463|tester464|tester465|tester466|tester467|tester468|tester470|tester472|tester475|tester477|tester482|tester484|tester485|tester486|tester487|tester488|tester489|tester491|tester494|tester499|tester52|tester54|tester56|tester57|tester58|tester61|tester62|tester63|tester64|tester66|tester69|tester71|tester72|tester74|tester75|tester77|tester79|tester80|tester800|tester801|tester803|tester81|tester812|tester818|tester82|tester824|tester830|tester833|tester835|tester837|tester839|tester840|tester846|tester847|tester849|tester851|tester856|tester857|tester859|tester86|tester863|tester865|tester866|tester867|tester868|tester869|tester870|tester872|tester876|tester877|tester879|tester88|tester880|tester881|tester882|tester883|tester884|tester886|tester887|tester888|tester889|tester89|tester890|tester891|tester892|tester893|tester894|tester90|tester91|tester92|tester93|tester99
201,138,UNDEF|tester1243|tester1246|tester1255|tester1256|tester1259|tester1260|tester1261|tester1262|tester1263|tester1264|tester1266|tester1268|tester1269|tester1271|tester1272|tester1274|tester1276|tester1277|tester1278|tester1280|tester1281|tester1282|tester1283|tester1285|tester1287|tester1288|tester1289|tester1290|tester1291|tester1293|tester1294|tester1295|tester1296|tester1297|tester1300|tester41|tester456|tester457|tester458|tester459|tester46|tester460|tester461|tester463|tester464|tester465|tester466|tester467|tester468|tester470|tester472|tester475|tester477|tester482|tester484|tester485|tester486|tester487|tester488|tester489|tester491|tester494|tester496|tester499|tester500|tester52|tester54|tester56|tester57|tester58|tester61|tester62|tester63|tester64|tester66|tester69|tester71|tester72|tester74|tester75|tester77|tester79|tester80|tester800|tester801|tester803|tester81|tester812|tester818|tester82|tester824|tester830|tester833|tester835|tester837|tester839|tester840|tester846|tester847|tester849|tester851|tester856|tester857|tester859|tester86|tester863|tester865|tester866|tester867|tester868|tester869|tester870|tester872|tester876|tester877|tester879|tester88|tester880|tester881|tester882|tester883|tester884|tester886|tester887|tester888|tester889|tester89|tester890|tester891|tester892|tester893|tester894|tester90|tester91|tester92|tester93|tester99
202,141,UNDEF|tester1243|tester1246|tester1255|tester1256|tester1259|tester1260|tester1261|tester1262|tester1263|tester1264|tester1266|tester1268|tester1269|tester1271|tester1272|tester1274|tester1276|tester1277|tester1278|tester1280|tester1281|tester1282|tester1283|tester1285|tester1287|tester1288|tester1289|tester1290|tester1291|tester1293|tester1294|tester1295|tester1296|tester1297|tester1300|tester41|tester456|tester457|tester458|tester459|tester46|tester460|tester461|tester463|tester464|tester465|tester466|tester467|tester468|tester470|tester472|tester475|tester477|tester482|tester484|tester485|tester486|tester487|tester488|tester489|tester491|tester493|tester494|tester496|tester499|tester500|tester52|tester54|tester56|tester57|tester58|tester61|tester62|tester63|tester64|tester66|tester69|tester71|tester72|tester74|tester75|tester77|tester79|tester80|tester800|tester801|tester803|tester81|tester812|tester818|tester82|tester824|tester830|tester833|tester835|tester837|tester839|tester840|tester846|tester847|tester849|tester851|tester856|tester857|tester859|tester86|tester863|tester865|tester866|tester867|tester868|tester869|tester870|tester872|tester876|tester877|tester879|tester88|tester880|tester881|tester882|tester883|tester884|tester886|tester887|tester888|tester889|tester89|tester890|tester891|tester892|tester893|tester894|tester90|tester900|tester91|tester92|tester93|tester97|tester99
203,144,UNDEF|tester1243|tester1246|tester1255|tester1256|tester1259|tester1260|tester1261|tester1262|tester1263|tester1264|tester1266|tester1268|tester1269|tester1271|tester1272|tester1274|tester1276|tester1277|tester1278|tester1280|tester1281|tester1282|tester1283|tester1285|tester1287|tester1288|tester1289|tester1290|tester1291|tester1293|tester1294|tester1295|tester1296|tester1297|tester1300|tester1301|tester41|tester456|tester457|tester458|tester459|tester46|tester460|tester461|tester463|tester464|tester465|tester466|tester467|tester468|tester470|tester472|tester475|tester477|tester482|tester484|tester485|tester486|tester487|tester488|tester489|tester491|tester493|tester494|tester496|tester498|tester499|tester500|tester52|tester54|tester56|tester57|tester58|tester61|tester62|tester63|tester64|tester66|tester69|tester71|tester72|tester74|tester75|tester77|tester79|tester80|tester800|tester801|tester803|tester81|tester812|tester818|tester82|tester824|tester830|tester833|tester835|tester837|tester839|tester840|tester846|tester847|tester849|tester851|tester856|tester857|tester859|tester86|tester863|tester865|tester866|tester867|tester868|tester869|tester870|tester872|tester876|tester877|tester879|tester88|tester880|tester881|tester882|tester883|tester884|tester886|tester887|tester888|tester889|tester89|tester890|tester891|tester892|tester893|tester894|tester90|tester900|tester91|tester92|tester93|tester95|tester97|tester99
204,146,UNDEF|tester1243|tester1246|tester1255|tester1256|tester1259|tester1260|tester1261|tester1262|tester1263|tester1264|tester1266|tester1268|tester1269|tester1271|tester1272|tester1274|tester1276|tester1277|tester1278|tester1280|tester1281|tester1282|tester1283|tester1285|tester1287|tester1288|tester1289|tester1290|tester1291|tester1292|tester1293|tester1294|tester1295|tester1296|tester1297|tester1300|tester1301|tester41|tester456|tester457|tester458|tester459|tester46|tester460|tester461|tester463|tester464|tester465|tester466|tester467|tester468|tester470|tester472|tester475|tester477|tester482|tester484|tester485|tester486|tester487|tester488|tester489|tester491|tester493|tester494|tester496|tester498|tester499|tester500|tester52|tester54|tester56|tester57|tester58|tester61|tester62|tester63|tester64|tester66|tester69|tester71|tester72|tester74|tester75|tester77|tester79|tester80|tester800|tester801|tester803|tester81|tester812|tester818|tester82|tester824|tester830|tester833|tester835|tester837|tester839|tester840|tester846|tester847|tester849|tester851|tester856|tester857|tester859|tester86|tester863|tester865|tester866|tester867|tester868|tester869|tester870|tester872|tester876|tester877|tester879|tester88|tester880|tester881|tester882|tester883|tester884|tester886|tester887|tester888|tester889|tester89|tester890|tester891|tester892|tester893|tester894|tester897|tester90|tester900|tester91|tester92|tester93|tester95|tester97|tester99
205,147,UNDEF|tester1243|tester1246|tester1255|tester1256|tester1259|tester1260|tester1261|tester1262|tester1263|tester1264|tester1266|tester1268|tester1269|tester1271|tester1272|tester1274|tester1276|tester1277|tester1278|tester1280|tester1281|tester1282|tester1283|tester1285|tester1287|tester1288|tester1289|tester1290|tester1291|tester1292|tester1293|tester1294|tester1295|tester1296|tester1297|tester1300|tester1301|tester41|tester456|tester457|tester458|tester459|tester46|tester460|tester461|tester463|tester464|tester465|tester466|tester467|tester468|tester470|tester472|tester475|tester477|tester482|tester484|tester485|tester486|tester487|tester488|tester489|tester491|tester493|tester494|tester496|tester498|tester499|tester500|tester52|tester54|tester56|tester57|tester58|tester61|tester62|tester63|tester64|tester66|tester69|tester71|tester72|tester74|tester75|tester77|tester79|tester80|tester800|tester801|tester803|tester81|tester812|tester818|tester82|tester824|tester830|tester833|tester835|tester837|tester839|tester840|tester846|tester847|tester849|tester851|tester856|tester857|tester859|tester86|tester863|tester865|tester866|tester867|tester868|tester869|tester870|tester872|tester876|tester877|tester879|tester88|tester880|tester881|tester882|tester883|tester884|tester886|tester887|tester888|tester889|tester89|tester890|tester891|tester892|tester893|tester894|tester897|tester90|tester900|tester91|tester92|tester93|tester95|tester97|tester98|tester99
206,148,UNDEF|tester102|tester1243|tester1246|tester1255|tester1256|tester1259|tester1260|tester1261|tester1262|tester1263|tester1264|tester1266|tester1268|tester1269|tester1271|tester1272|tester1274|tester1276|tester1277|tester1278|tester1280|tester1281|tester1282|tester1283|tester1285|tester1287|tester1288|tester1289|tester1290|tester1291|tester1292|tester1293|tester1294|tester1295|tester1296|tester1297|tester1300|tester1301|tester41|tester456|tester457|tester458|tester459|tester46|tester460|tester461|tester463|tester464|tester465|tester466|tester467|tester468|tester470|tester472|tester475|tester477|tester482|tester484|tester485|tester486|tester487|tester488|tester489|tester491|tester493|tester494|tester496|tester498|tester499|tester500|tester52|tester54|tester56|tester57|tester58|tester61|tester62|tester63|tester64|tester66|tester69|tester71|tester72|tester74|tester75|tester77|tester79|tester80|tester800|tester801|tester803|tester81|tester812|tester818|tester82|tester824|tester830|tester833|tester835|tester837|tester839|tester840|tester846|tester847|tester849|tester851|tester856|tester857|tester859|tester86|tester863|tester865|tester866|tester867|tester868|tester869|tester870|tester872|tester876|tester877|tester879|tester88|tester880|tester881|tester882|tester883|tester884|tester886|tester887|tester888|tester889|tester89|tester890|tester891|tester892|tester893|tester894|tester897|tester90|tester900|tester91|tester92|tester93|tester95|tester97|tester98|tester99
207,149,UNDEF|tester102|tester1243|tester1246|tester1255|tester1256|tester1259|tester1260|tester1261|tester1262|tester1263|tester1264|tester1266|tester1268|tester1269|tester1271|tester1272|tester1274|tester1276|tester1277|tester1278|tester1280|tester1281|tester1282|tester1283|tester1285|tester1287|tester1288|tester1289|tester1290|tester1291|tester1292|tester1293|tester1294|tester1295|tester1296|tester1297|tester1300|tester1301|tester41|tester456|tester457|tester458|tester459|tester46|tester460|tester461|tester463|tester464|tester465|tester466|tester467|tester468|tester470|tester472|tester475|tester477|tester482|tester484|tester485|tester486|tester487|tester488|tester489|tester491|tester493|tester494|tester496|tester498|tester499|tester500|tester52|tester54|tester56|tester57|tester58|tester61|tester62|tester63|tester64|tester66|tester69|tester71|tester72|tester74|tester75|tester77|tester79|tester80|tester800|tester801|tester803|tester81|tester812|tester818|tester82|tester824|tester830|tester833|tester835|tester837|tester839|tester840|tester846|tester847|tester849|tester851|tester856|tester857|tester859|tester86|tester863|tester865|tester866|tester867|tester868|tester869|tester87|tester870|tester872|tester876|tester877|tester879|tester88|tester880|tester881|tester882|tester883|tester884|tester886|tester887|tester888|tester889|tester89|tester890|tester891|tester892|tester893|tester894|tester897|tester90|tester900|tester91|tester92|tester93|tester95|tester97|tester98|tester99
208,149,UNDEF|tester102|tester1243|tester1246|tester1255|tester1256|tester1259|tester1260|tester1261|tester1262|tester1263|tester1264|tester1266|tester1268|tester1269|tester1271|tester1272|tester1274|tester1276|tester1277|tester1278|tester1280|tester1281|tester1282|tester1283|tester1285|tester1287|tester1288|tester1289|tester1290|tester1291|tester1292|tester1293|tester1294|tester1295|tester1296|tester1297|tester1300|tester1301|tester41|tester456|tester457|tester458|tester459|tester46|tester460|tester461|tester463|tester464|tester465|tester466|tester467|tester468|tester470|tester472|tester475|tester477|tester482|tester484|tester485|tester486|tester487|tester488|tester489|tester491|tester493|tester494|tester496|tester498|tester499|tester500|tester52|tester54|tester56|tester57|tester58|tester61|tester62|tester63|tester64|tester66|tester69|tester71|tester72|tester74|tester75|tester77|tester79|tester80|tester800|tester801|tester803|tester81|tester812|tester818|tester82|tester824|tester830|tester833|tester835|tester837|tester839|tester840|tester846|tester847|tester849|tester851|tester856|tester857|tester859|tester86|tester863|tester865|tester866|tester867|tester868|tester869|tester87|tester870|tester872|tester876|tester877|tester879|tester88|tester880|tester881|tester882|tester883|tester884|tester886|tester887|tester888|tester889|tester89|tester890|tester891|tester892|tester893|tester894|tester897|tester90|tester900|tester91|tester92|tester93|tester95|tester97|tester98|tester99
209,150,UNDEF|tester102|tester1246|tester1255|tester1256|tester1259|tester1260|tester1261|tester1262|tester1263|tester1264|tester1266|tester1268|tester1269|tester1271|tester1272|tester1274|tester1276|tester1277|tester1278|tester1280|tester1281|tester1282|tester1283|tester1285|tester1287|tester1288|tester1289|tester1290|tester1291|tester1292|tester1293|tester1294|tester1295|tester1296|tester1297|tester1300|tester1301|tester1304|tester41|tester456|tester457|tester458|tester459|tester46|tester460|tester461|tester463|tester464|tester465|tester466|tester467|tester468|tester470|tester472|tester475|tester477|tester482|tester484|tester485|tester486|tester487|tester488|tester489|tester491|tester493|tester494|tester496|tester497|tester498|tester499|tester500|tester52|tester54|tester56|tester57|tester58|tester61|tester62|tester63|tester64|tester66|tester69|tester71|tester72|tester74|tester75|tester77|tester79|tester80|tester800|tester801|tester803|tester81|tester812|tester818|tester82|tester824|tester830|tester833|tester835|tester837|tester839|tester840|tester846|tester847|tester849|tester851|tester856|tester857|tester859|tester86|tester863|tester865|tester866|tester867|tester868|tester869|tester87|tester870|tester872|tester876|tester877|tester879|tester88|tester880|tester881|tester882|tester883|tester884|tester886|tester887|tester888|tester889|tester89|tester890|tester891|tester892|tester893|tester894|tester897|tester90|tester900|tester91|tester92|tester93|tester95|tester97|tester98|tester99
210,153,UNDEF|tester102|tester1246|tester1255|tester1256|tester1259|tester1260|tester1261|tester1262|tester1263|tester1264|tester1266|tester1268|tester1269|tester1271|tester1272|tester1274|tester1276|tester1277|tester1278|tester1280|tester1281|tester1282|tester1283|tester1285|tester1287|tester1288|tester1289|tester1290|tester1291|tester1292|tester1293|tester1294|tester1295|tester1296|tester1297|tester1300|tester1301|tester1304|tester41|tester456|tester457|tester458|tester459|tester46|tester460|tester461|tester463|tester464|tester465|tester466|tester467|tester468|tester470|tester472|tester475|tester477|tester482|tester484|tester485|tester486|tester487|tester488|tester489|tester491|tester493|tester494|tester496|tester497|tester498|tester499|tester500|tester501|tester503|tester52|tester54|tester56|tester57|tester58|tester61|tester62|tester63|tester64|tester66|tester69|tester71|tester72|tester74|tester75|tester77|tester79|tester80|tester800|tester801|tester803|tester81|tester812|tester818|tester82|tester824|tester830|tester833|tester835|tester837|tester839|tester840|tester846|tester847|tester849|tester851|tester856|tester857|tester859|tester86|tester863|tester865|tester866|tester867|tester868|tester869|tester87|tester870|tester872|tester876|tester877|tester879|tester88|tester880|tester881|tester882|tester883|tester884|tester886|tester887|tester888|tester889|tester89|tester890|tester891|tester892|tester893|tester894|tester897|tester90|tester900|tester904|tester91|tester92|tester93|tester95|tester97|tester98|tester99
211,154,UNDEF|tester102|tester1246|tester1255|tester1256|tester1259|tester1260|tester1261|tester1262|tester1263|tester1264|tester1266|tester1268|tester1269|tester1271|tester1272|tester1274|tester1276|tester1277|tester1278|tester1280|tester1281|tester1282|tester1283|tester1285|tester1287|tester1288|tester1289|tester1290|tester1291|tester1292|tester1293|tester1294|tester1295|tester1296|tester1297|tester1300|tester1301|tester1304|tester41|tester456|tester457|tester458|tester459|tester46|tester460|tester461|tester463|tester464|tester465|tester466|tester467|tester468|tester470|tester472|tester475|tester477|tester482|tester484|tester485|tester486|tester487|tester488|tester489|tester491|tester493|tester494|tester496|tester497|tester498|tester499|tester500|tester501|tester503|tester52|tester54|tester56|tester57|tester58|tester61|tester62|tester63|tester64|tester66|tester69|tester71|tester72|tester74|tester75|tester77|tester79|tester80|tester800|tester801|tester803|tester81|tester812|tester818|tester82|tester824|tester830|tester833|tester835|tester837|tester839|tester840|tester846|tester847|tester849|tester851|tester856|tester857|tester859|tester86|tester863|tester865|tester866|tester867|tester868|tester869|tester87|tester870|tester872|tester876|tester877|tester879|tester88|tester880|tester881|tester882|tester883|tester884|tester886|tester887|tester888|tester889|tester89|tester890|tester891|tester892|tester893|tester894|tester896|tester897|tester90|tester900|tester904|tester91|tester92|tester93|tester95|tester97|tester98|tester99
212,155,UNDEF|tester102|tester1246|tester1255|tester1256|tester1259|tester1260|tester1261|tester1262|tester1263|tester1264|tester1266|tester1268|tester1269|tester1271|tester1272|tester1274|tester1276|tester1277|tester1278|tester1280|tester1281|tester1282|tester1283|tester1285|tester1287|tester1288|tester1289|tester1290|tester1291|tester1292|tester1293|tester1294|tester1295|tester1296|tester1297|tester1300|tester1301|tester1302|tester1304|tester41|tester456|tester457|tester458|tester459|tester46|tester460|tester461|tester463|tester464|tester465|tester466|tester467|tester468|tester470|tester472|tester475|tester477|tester482|tester484|tester485|tester486|tester487|tester488|tester489|tester491|tester493|tester494|tester496|tester497|tester498|tester499|tester500|tester501|tester503|tester52|tester54|tester56|tester57|tester58|tester61|tester62|tester63|tester64|tester66|tester69|tester71|tester72|tester74|tester75|tester77|tester79|tester80|tester800|tester801|tester803|tester81|tester812|tester818|tester82|tester824|tester830|tester833|tester835|tester837|tester839|tester840|tester846|tester847|tester849|tester851|tester856|tester857|tester859|tester86|tester863|tester865|tester866|tester867|tester868|tester869|tester87|tester870|tester872|tester876|tester877|tester879|tester88|tester880|tester881|tester882|tester883|tester884|tester886|tester887|tester888|tester889|tester89|tester890|tester891|tester892|tester893|tester894|tester896|tester897|tester90|tester900|tester904|tester91|tester92|tester93|tester95|tester97|tester98|tester99
213,158,UNDEF|tester102|tester1246|tester1255|tester1256|tester1259|tester1260|tester1261|tester1262|tester1263|tester1264|tester1266|tester1268|tester1269|tester1271|tester1272|tester1274|tester1276|tester1277|tester1278|tester1280|tester1281|tester1282|tester1283|tester1285|tester1287|tester1288|tester1289|tester1290|tester1291|tester1292|tester1293|tester1294|tester1295|tester1296|tester1297|tester1300|tester1301|tester1302|tester1303|tester1304|tester41|tester456|tester457|tester458|tester459|tester46|tester460|tester461|tester463|tester464|tester465|tester466|tester467|tester468|tester470|tester472|tester475|tester477|tester482|tester484|tester485|tester486|tester487|tester488|tester489|tester490|tester491|tester493|tester494|tester496|tester497|tester498|tester499|tester500|tester501|tester503|tester52|tester54|tester56|tester57|tester58|tester61|tester62|tester63|tester64|tester66|tester69|tester71|tester72|tester74|tester75|tester77|tester79|tester80|tester800|tester801|tester803|tester81|tester812|tester818|tester82|tester824|tester830|tester833|tester835|tester837|tester839|tester840|tester846|tester847|tester849|tester851|tester856|tester857|tester859|tester86|tester863|tester865|tester866|tester867|tester868|tester869|tester87|tester870|tester872|tester876|tester877|tester879|tester88|tester880|tester881|tester882|tester883|tester884|tester886|tester887|tester888|tester889|tester89|tester890|tester891|tester892|tester893|tester894|tester896|tester897|tester899|tester90|tester900|tester904|tester91|tester92|tester93|tester95|tester97|tester98|tester99
214,110,UNDEF|tester102|tester1262|tester1268|tester1269|tester1271|tester1277|tester1281|tester1282|tester1283|tester1285|tester1287|tester1288|tester1289|tester1290|tester1291|tester1292|tester1293|tester1294|tester1295|tester1296|tester1297|tester1300|tester1301|tester1302|tester1303|tester1304|tester41|tester482|tester484|tester485|tester486|tester487|tester488|tester489|tester490|tester491|tester493|tester494|tester496|tester497|tester498|tester499|tester500|tester501|tester503|tester504|tester505|tester506|tester62|tester63|tester64|tester66|tester69|tester71|tester72|tester74|tester75|tester79|tester80|tester800|tester803|tester81|tester82|tester830|tester833|tester839|tester840|tester846|tester857|tester86|tester865|tester866|tester868|tester869|tester87|tester870|tester872|tester876|tester877|tester88|tester880|tester881|tester882|tester883|tester884|tester886|tester887|tester888|tester889|tester89|tester890|tester891|tester892|tester893|tester894|tester896|tester897|tester899|tester90|tester900|tester904|tester905|tester91|tester92|tester93|tester95|tester97|tester98|tester99
215,89,UNDEF|tester102|tester1262|tester1268|tester1269|tester1271|tester1277|tester1281|tester1282|tester1287|tester1288|tester1289|tester1290|tester1291|tester1292|tester1293|tester1294|tester1295|tester1296|tester1297|tester1300|tester1301|tester1302|tester1303|tester1304|tester484|tester485|tester487|tester488|tester489|tester490|tester491|tester493|tester494|tester496|tester497|tester498|tester499|tester500|tester501|tester503|tester504|tester505|tester506|tester507|tester74|tester80|tester803|tester82|tester830|tester833|tester840|tester846|tester86|tester866|tester868|tester869|tester87|tester872|tester877|tester88|tester880|tester881|tester883|tester884|tester886|tester887|tester888|tester889|tester89|tester890|tester891|tester892|tester893|tester894|tester896|tester897|tester899|tester90|tester900|tester904|tester905|tester91|tester92|tester93|tester95|tester97|tester98|tester99
216,91,UNDEF|tester102|tester1262|tester1268|tester1269|tester1271|tester1277|tester1281|tester1282|tester1287|tester1288|tester1289|tester1290|tester1291|tester1292|tester1293|tester1294|tester1295|tester1296|tester1297|tester1300|tester1301|tester1302|tester1303|tester1304|tester484|tester485|tester487|tester488|tester489|tester490|tester491|tester493|tester494|tester496|tester497|tester498|tester499|tester500|tester501|tester503|tester504|tester505|tester506|tester507|tester74|tester80|tester803|tester82|tester830|tester833|tester840|tester846|tester86|tester866|tester868|tester869|tester87|tester872|tester877|tester88|tester880|tester881|tester883|tester884|tester886|tester887|tester888|tester889|tester89|tester890|tester891|tester892|tester893|tester894|tester896|tester897|tester899|tester90|tester900|tester904|tester905|tester906|tester907|tester91|tester92|tester93|tester95|tester97|tester98|tester99
217,93,UNDEF|tester102|tester1262|tester1268|tester1269|tester1271|tester1277|tester1281|tester1282|tester1287|tester1288|tester1289|tester1290|tester1291|tester1292|tester1293|tester1294|tester1295|tester1296|tester1297|tester1300|tester1301|tester1302|tester1303|tester1304|tester1307|tester484|tester485|tester487|tester488|tester489|tester490|tester491|tester493|tester494|tester496|tester497|tester498|tester499|tester500|tester501|tester503|tester504|tester505|tester506|tester507|tester74|tester80|tester803|tester82|tester830|tester833|tester840|tester846|tester86|tester866|tester868|tester869|tester87|tester872|tester877|tester88|tester880|tester881|tester883|tester884|tester886|tester887|tester888|tester889|tester89|tester890|tester891|tester892|tester893|tester894|tester896|tester897|tester898|tester899|tester90|tester900|tester904|tester905|tester906|tester907|tester91|tester92|tester93|tester95|tester97|tester98|tester99
218,93,UNDEF|tester102|tester1262|tester1268|tester1269|tester1271|tester1277|tester1281|tester1282|tester1288|tester1289|tester1290|tester1291|tester1292|tester1293|tester1294|tester1295|tester1296|tester1297|tester1300|tester1301|tester1302|tester1303|tester1304|tester1305|tester1307|tester484|tester485|tester487|tester488|tester489|tester490|tester491|tester493|tester494|tester496|tester497|tester498|tester499|tester500|tester501|tester503|tester504|tester505|tester506|tester507|tester74|tester80|tester803|tester82|tester830|tester833|tester840|tester846|tester86|tester866|tester868|tester869|tester87|tester872|tester88|tester880|tester881|tester883|tester884|tester886|tester887|tester888|tester889|tester89|tester890|tester891|tester892|tester893|tester894|tester896|tester897|tester898|tester899|tester90|tester900|tester901|tester904|tester905|tester906|tester907|tester91|tester92|tester93|tester95|tester97|tester98|tester99
219,94,UNDEF|tester102|tester104|tester1262|tester1268|tester1269|tester1271|tester1277|tester1281|tester1282|tester1288|tester1289|tester1290|tester1291|tester1292|tester1293|tester1294|tester1295|tester1296|tester1297|tester1300|tester1301|tester1302|tester1303|tester1304|tester1305|tester1307|tester484|tester485|tester487|tester488|tester489|tester490|tester491|tester493|tester494|tester496|tester497|tester498|tester499|tester500|tester501|tester503|tester504|tester505|tester506|tester507|tester74|tester80|tester803|tester82|tester830|tester833|tester840|tester846|tester86|tester866|tester868|tester869|tester87|tester872|tester88|tester880|tester881|tester883|tester884|tester886|tester887|tester888|tester889|tester89|tester890|tester891|tester892|tester893|tester894|tester896|tester897|tester898|tester899|tester90|tester900|tester901|tester904|tester905|tester906|tester907|tester91|tester92|tester93|tester95|tester97|tester98|tester99
220,95,UNDEF|tester102|tester103|tester104|tester1262|tester1268|tester1269|tester1271|tester1277|tester1281|tester1282|tester1288|tester1289|tester1290|tester1291|tester1292|tester1293|tester1294|tester1295|tester1296|tester1297|tester1300|tester1301|tester1302|tester1303|tester1304|tester1305|tester1307|tester484|tester485|tester487|tester488|tester489|tester490|tester491|tester493|tester494|tester496|tester497|tester498|tester499|tester500|tester501|tester503|tester504|tester505|tester506|tester507|tester74|tester80|tester803|tester82|tester830|tester833|tester840|tester846|tester86|tester866|tester868|tester869|tester87|tester872|tester88|tester880|tester881|tester883|tester884|tester886|tester887|tester888|tester889|tester89|tester890|tester891|tester892|tester893|tester894|tester896|tester897|tester898|tester899|tester90|tester900|tester901|tester904|tester905|tester906|tester907|tester91|tester92|tester93|tester95|tester97|tester98|tester99
221,97,UNDEF|tester102|tester103|tester104|tester105|tester1262|tester1268|tester1269|tester1271|tester1277|tester1281|tester1282|tester1288|tester1289|tester1290|tester1291|tester1292|tester1293|tester1294|tester1295|tester1296|tester1297|tester1300|tester1301|tester1302|tester1303|tester1304|tester1305|tester1307|tester1309|tester484|tester485|tester487|tester488|tester489|tester490|tester491|tester493|tester494|tester496|tester497|tester498|tester499|tester500|tester501|tester503|tester504|tester505|tester506|tester507|tester74|tester80|tester803|tester82|tester830|tester833|tester840|tester846|tester86|tester866|tester868|tester869|tester87|tester872|tester88|tester880|tester881|tester883|tester884|tester886|tester887|tester888|tester889|tester89|tester890|tester891|tester892|tester893|tester894|tester896|tester897|tester898|tester899|tester90|tester900|tester901|tester904|tester905|tester906|tester907|tester91|tester92|tester93|tester95|tester97|tester98|tester99
222,43,UNDEF|tester103|tester104|tester105|tester1292|tester1301|tester1302|tester1303|tester1304|tester1305|tester1307|tester1309|tester484|tester490|tester497|tester501|tester503|tester504|tester505|tester506|tester507|tester508|tester833|tester846|tester866|tester880|tester881|tester884|tester887|tester889|tester891|tester893|tester894|tester896|tester897|tester898|tester899|tester900|tester904|tester905|tester906|tester907|tester98
223,43,UNDEF|tester103|tester104|tester105|tester1292|tester1301|tester1302|tester1303|tester1304|tester1305|tester1307|tester1309|tester484|tester490|tester497|tester501|tester503|tester504|tester505|tester506|tester507|tester508|tester833|tester846|tester866|tester880|tester881|tester884|tester887|tester889|tester891|tester893|tester894|tester896|tester897|tester898|tester899|tester900|tester904|tester905|tester906|tester907|tester98
224,43,UNDEF|tester103|tester104|tester105|tester1292|tester1301|tester1302|tester1303|tester1304|tester1305|tester1307|tester1309|tester484|tester490|tester497|tester501|tester503|tester504|tester505|tester506|tester507|tester508|tester833|tester846|tester866|tester880|tester881|tester884|tester887|tester889|tester891|tester893|tester894|tester896|tester897|tester898|tester899|tester900|tester904|tester905|tester906|tester907|tester98
225,43,UNDEF|tester103|tester104|tester105|tester1292|tester1301|tester1302|tester1303|tester1304|tester1305|tester1307|tester1309|tester484|tester490|tester497|tester501|tester503|tester504|tester505|tester506|tester507|tester508|tester833|tester846|tester866|tester880|tester881|tester884|tester887|tester889|tester891|tester893|tester894|tester896|tester897|tester898|tester899|tester900|tester904|tester905|tester906|tester907|tester98
226,44,UNDEF|tester103|tester104|tester105|tester1292|tester1301|tester1302|tester1303|tester1304|tester1305|tester1307|tester1309|tester1311|tester484|tester490|tester497|tester501|tester503|tester504|tester505|tester506|tester507|tester508|tester833|tester846|tester866|tester880|tester881|tester884|tester887|tester889|tester891|tester893|tester894|tester896|tester897|tester898|tester899|tester900|tester904|tester905|tester906|tester907|tester98
227,45,UNDEF|tester103|tester104|tester105|tester113|tester1292|tester1301|tester1302|tester1303|tester1304|tester1305|tester1307|tester1309|tester1311|tester484|tester490|tester497|tester501|tester503|tester504|tester505|tester506|tester507|tester508|tester833|tester846|tester866|tester880|tester881|tester884|tester887|tester889|tester891|tester893|tester894|tester896|tester897|tester898|tester899|tester900|tester904|tester905|tester906|tester907|tester98
228,45,UNDEF|tester103|tester104|tester105|tester113|tester1292|tester1301|tester1302|tester1303|tester1304|tester1305|tester1307|tester1309|tester1311|tester484|tester490|tester497|tester501|tester503|tester504|tester505|tester506|tester507|tester508|tester833|tester846|tester866|tester880|tester881|tester884|tester887|tester889|tester891|tester893|tester894|tester896|tester897|tester898|tester899|tester900|tester904|tester905|tester906|tester907|tester98
229,46,UNDEF|tester103|tester104|tester105|tester113|tester1292|tester1301|tester1302|tester1303|tester1304|tester1305|tester1307|tester1309|tester1311|tester484|tester490|tester497|tester501|tester503|tester504|tester505|tester506|tester507|tester508|tester513|tester833|tester846|tester866|tester880|tester881|tester884|tester887|tester889|tester891|tester893|tester894|tester896|tester897|tester898|tester899|tester900|tester904|tester905|tester906|tester907|tester98
230,44,UNDEF|tester103|tester104|tester105|tester113|tester1301|tester1302|tester1303|tester1304|tester1305|tester1307|tester1309|tester1311|tester490|tester497|tester501|tester503|tester504|tester505|tester506|tester507|tester508|tester513|tester833|tester846|tester866|tester880|tester881|tester884|tester887|tester889|tester891|tester893|tester894|tester896|tester897|tester898|tester899|tester900|tester904|tester905|tester906|tester907|tester98
231,46,UNDEF|tester103|tester104|tester105|tester113|tester1301|tester1302|tester1303|tester1304|tester1305|tester1307|tester1309|tester1311|tester1314|tester490|tester497|tester501|tester503|tester504|tester505|tester506|tester507|tester508|tester513|tester833|tester846|tester866|tester880|tester881|tester884|tester887|tester889|tester891|tester893|tester894|tester896|tester897|tester898|tester899|tester900|tester904|tester905|tester906|tester907|tester910|tester98
232,47,UNDEF|tester103|tester104|tester105|tester113|tester1301|tester1302|tester1303|tester1304|tester1305|tester1307|tester1309|tester1311|tester1314|tester490|tester497|tester501|tester503|tester504|tester505|tester506|tester507|tester508|tester513|tester833|tester846|tester866|tester880|tester881|tester884|tester887|tester889|tester891|tester893|tester894|tester896|tester897|tester898|tester899|tester900|tester904|tester905|tester906|tester907|tester910|tester913|tester98
233,47,UNDEF|tester103|tester104|tester105|tester113|tester1301|tester1303|tester1304|tester1305|tester1307|tester1309|tester1311|tester1314|tester490|tester497|tester501|tester504|tester505|tester506|tester507|tester508|tester513|tester833|tester846|tester866|tester880|tester881|tester884|tester887|tester889|tester891|tester893|tester894|tester896|tester897|tester898|tester899|tester900|tester904|tester905|tester906|tester907|tester910|tester911|tester913|tester914|tester98
234,45,UNDEF|tester103|tester104|tester105|tester113|tester116|tester1299|tester1301|tester1305|tester1307|tester1309|tester1311|tester1314|tester490|tester501|tester504|tester505|tester506|tester507|tester508|tester513|tester515|tester833|tester846|tester866|tester881|tester884|tester887|tester889|tester891|tester893|tester894|tester896|tester897|tester898|tester899|tester900|tester904|tester905|tester906|tester907|tester910|tester911|tester913|tester914
235,47,UNDEF|tester103|tester104|tester105|tester109|tester113|tester116|tester1299|tester1301|tester1305|tester1307|tester1309|tester1311|tester1314|tester490|tester501|tester504|tester505|tester506|tester507|tester508|tester513|tester515|tester833|tester846|tester866|tester881|tester884|tester887|tester889|tester891|tester893|tester894|tester896|tester897|tester898|tester899|tester900|tester904|tester905|tester906|tester907|tester910|tester911|tester912|tester913|tester914
236,36,UNDEF|tester104|tester109|tester113|tester115|tester116|tester1299|tester1301|tester1305|tester1307|tester1309|tester1311|tester1314|tester490|tester513|tester515|tester846|tester866|tester884|tester887|tester889|tester891|tester893|tester894|tester896|tester897|tester898|tester899|tester904|tester905|tester906|tester910|tester911|tester912|tester913|tester914
237,38,UNDEF|tester104|tester109|tester113|tester115|tester116|tester118|tester1299|tester1301|tester1305|tester1307|tester1309|tester1311|tester1314|tester490|tester513|tester515|tester846|tester866|tester884|tester887|tester889|tester891|tester893|tester894|tester896|tester897|tester898|tester899|tester904|tester905|tester906|tester909|tester910|tester911|tester912|tester913|tester914
238,40,UNDEF|tester104|tester109|tester113|tester115|tester116|tester118|tester1299|tester1301|tester1305|tester1307|tester1309|tester1311|tester1314|tester1317|tester490|tester513|tester514|tester515|tester846|tester866|tester884|tester887|tester889|tester891|tester893|tester894|tester896|tester897|tester898|tester899|tester904|tester905|tester906|tester909|tester910|tester911|tester912|tester913|tester914
239,40,UNDEF|tester104|tester109|tester113|tester115|tester116|tester118|tester1299|tester1301|tester1305|tester1307|tester1309|tester1311|tester1314|tester1317|tester490|tester513|tester514|tester515|tester846|tester866|tester884|tester887|tester889|tester891|tester893|tester894|tester896|tester897|tester898|tester899|tester904|tester905|tester906|tester909|tester910|tester911|tester912|tester913|tester914
240,42,UNDEF|tester104|tester109|tester113|tester115|tester116|tester118|tester119|tester1299|tester1301|tester1305|tester1307|tester1309|tester1311|tester1314|tester1317|tester490|tester513|tester514|tester515|tester846|tester866|tester884|tester887|tester889|tester891|tester893|tester894|tester896|tester897|tester898|tester899|tester904|tester905|tester906|tester909|tester910|tester911|tester912|tester913|tester914|tester919
241,38,UNDEF|tester104|tester109|tester113|tester115|tester116|tester118|tester119|tester120|tester1299|tester1301|tester1311|tester1314|tester1317|tester1320|tester514|tester515|tester846|tester866|tester884|tester887|tester889|tester891|tester893|tester894|tester896|tester897|tester898|tester899|tester904|tester905|tester906|tester909|tester910|tester911|tester913|tester914|tester919
242,39,UNDEF|tester104|tester109|tester113|tester115|tester116|tester118|tester119|tester120|tester1299|tester1301|tester1311|tester1314|tester1317|tester1320|tester511|tester514|tester515|tester846|tester866|tester884|tester887|tester889|tester891|tester893|tester894|tester896|tester897|tester898|tester899|tester904|tester905|tester906|tester909|tester910|tester911|tester913|tester914|tester919
243,40,UNDEF|tester104|tester109|tester113|tester115|tester116|tester118|tester119|tester120|tester1299|tester1301|tester1310|tester1311|tester1314|tester1317|tester1320|tester511|tester514|tester515|tester846|tester866|tester884|tester887|tester889|tester891|tester893|tester894|tester896|tester897|tester898|tester899|tester904|tester905|tester906|tester909|tester910|tester911|tester913|tester914|tester919
244,40,UNDEF|tester104|tester109|tester113|tester115|tester116|tester118|tester119|tester120|tester1299|tester1301|tester1310|tester1311|tester1314|tester1317|tester1320|tester511|tester514|tester515|tester846|tester866|tester884|tester887|tester889|tester891|tester893|tester894|tester896|tester897|tester898|tester899|tester904|tester905|tester906|tester909|tester910|tester911|tester913|tester914|tester919
245,43,UNDEF|tester104|tester109|tester113|tester115|tester116|tester118|tester119|tester120|tester1299|tester1301|tester1310|tester1311|tester1314|tester1317|tester1320|tester511|tester514|tester515|tester516|tester522|tester846|tester866|tester884|tester887|tester889|tester891|tester893|tester894|tester896|tester897|tester898|tester899|tester904|tester905|tester906|tester909|tester910|tester911|tester913|tester914|tester917|tester919
246,32,UNDEF|tester118|tester1299|tester1310|tester1315|tester1317|tester1320|tester1321|tester511|tester514|tester515|tester516|tester522|tester846|tester866|tester884|tester887|tester891|tester893|tester894|tester896|tester897|tester899|tester904|tester905|tester906|tester909|tester910|tester911|tester914|tester917|tester919
247,33,UNDEF|tester118|tester1299|tester1310|tester1315|tester1317|tester1320|tester1321|tester511|tester514|tester515|tester516|tester522|tester846|tester866|tester884|tester887|tester891|tester893|tester894|tester896|tester897|tester899|tester904|tester905|tester906|tester909|tester910|tester911|tester914|tester917|tester919|tester921
248,34,UNDEF|tester118|tester1299|tester1310|tester1315|tester1317|tester1320|tester1321|tester1323|tester511|tester514|tester515|tester516|tester522|tester846|tester866|tester884|tester887|tester891|tester893|tester894|tester896|tester897|tester899|tester904|tester905|tester906|tester909|tester910|tester911|tester914|tester917|tester919|tester921
249,35,UNDEF|tester118|tester1299|tester1306|tester1310|tester1315|tester1317|tester1320|tester1321|tester1323|tester511|tester514|tester515|tester516|tester522|tester846|tester866|tester884|tester887|tester891|tester893|tester894|tester896|tester897|tester899|tester904|tester905|tester906|tester909|tester910|tester911|tester914|tester917|tester919|tester921
250,35,UNDEF|tester118|tester1299|tester1306|tester1310|tester1315|tester1317|tester1320|tester1321|tester1323|tester511|tester514|tester515|tester516|tester522|tester846|tester866|tester884|tester887|tester891|tester893|tester894|tester896|tester897|tester899|tester904|tester905|tester906|tester909|tester910|tester911|tester914|tester917|tester919|tester921
251,38,UNDEF|tester118|tester122|tester124|tester1299|tester1306|tester1310|tester1315|tester1317|tester1320|tester1321|tester1323|tester1325|tester511|tester514|tester515|tester516|tester522|tester846|tester866|tester884|tester887|tester891|tester893|tester894|tester896|tester897|tester899|tester904|tester905|tester906|tester909|tester910|tester911|tester914|tester917|tester919|tester921
252,30,UNDEF|tester122|tester124|tester1306|tester1322|tester1323|tester1325|tester511|tester514|tester515|tester516|tester522|tester846|tester866|tester887|tester891|tester893|tester894|tester896|tester897|tester899|tester904|tester905|tester906|tester909|tester910|tester911|tester917|tester919|tester921
253,32,UNDEF|tester108|tester122|tester124|tester1306|tester1322|tester1323|tester1325|tester511|tester514|tester515|tester521|tester522|tester846|tester866|tester887|tester891|tester893|tester894|tester896|tester897|tester899|tester904|tester905|tester906|tester909|tester910|tester911|tester917|tester919|tester920|tester921
254,32,UNDEF|tester108|tester122|tester124|tester1306|tester1322|tester1323|tester1325|tester511|tester514|tester515|tester521|tester522|tester846|tester866|tester887|tester891|tester893|tester894|tester896|tester897|tester899|tester904|tester905|tester906|tester909|tester910|tester911|tester917|tester919|tester920|tester921
255,29,UNDEF|tester108|tester124|tester125|tester1306|tester1322|tester1323|tester1325|tester511|tester515|tester521|tester522|tester526|tester846|tester866|tester887|tester891|tester893|tester894|tester897|tester899|tester906|tester909|tester910|tester911|tester917|tester919|tester920|tester921
256,30,UNDEF|tester108|tester124|tester125|tester1306|tester1322|tester1323|tester1325|tester1326|tester511|tester515|tester521|tester522|tester526|tester846|tester866|tester887|tester891|tester893|tester894|tester897|tester899|tester906|tester909|tester910|tester911|tester917|tester919|tester920|tester921
257,30,UNDEF|tester108|tester124|tester125|tester1306|tester1322|tester1323|tester1325|tester1326|tester511|tester515|tester521|tester522|tester526|tester846|tester866|tester887|tester891|tester893|tester894|tester897|tester899|tester906|tester909|tester910|tester911|tester917|tester919|tester920|tester921
258,30,UNDEF|tester108|tester124|tester125|tester1306|tester1322|tester1323|tester1325|tester1326|tester511|tester515|tester521|tester522|tester526|tester846|tester866|tester887|tester891|tester893|tester894|tester897|tester899|tester906|tester909|tester910|tester911|tester917|tester919|tester920|tester921
259,30,UNDEF|tester108|tester124|tester125|tester1306|tester1322|tester1323|tester1325|tester1326|tester511|tester515|tester521|tester522|tester526|tester846|tester866|tester887|tester891|tester893|tester894|tester897|tester899|tester906|tester909|tester910|tester911|tester917|tester919|tester920|tester921
260,31,UNDEF|tester108|tester124|tester125|tester1306|tester1322|tester1323|tester1325|tester1326|tester1329|tester511|tester515|tester521|tester522|tester526|tester846|tester866|tester887|tester891|tester893|tester894|tester897|tester899|tester906|tester909|tester910|tester911|tester917|tester919|tester920|tester921
261,23,UNDEF|tester124|tester125|tester1326|tester1329|tester511|tester521|tester522|tester526|tester846|tester866|tester887|tester893|tester894|tester897|tester899|tester906|tester909|tester911|tester917|tester919|tester920|tester921
262,26,UNDEF|tester124|tester125|tester127|tester130|tester1326|tester1328|tester1329|tester511|tester521|tester522|tester526|tester846|tester866|tester887|tester893|tester894|tester897|tester899|tester906|tester909|tester911|tester917|tester919|tester920|tester921
263,29,UNDEF|tester125|tester127|tester130|tester1326|tester1328|tester1329|tester1331|tester511|tester521|tester522|tester526|tester527|tester846|tester866|tester887|tester893|tester894|tester897|tester899|tester906|tester909|tester911|tester917|tester919|tester920|tester921|tester927|tester930
264,29,UNDEF|tester125|tester127|tester130|tester1328|tester1329|tester1331|tester511|tester521|tester522|tester526|tester527|tester528|tester846|tester866|tester887|tester893|tester894|tester897|tester899|tester906|tester909|tester911|tester917|tester919|tester920|tester921|tester927|tester930
265,29,UNDEF|tester125|tester127|tester130|tester1328|tester1329|tester1331|tester511|tester521|tester522|tester526|tester527|tester528|tester846|tester866|tester887|tester893|tester894|tester897|tester899|tester906|tester909|tester911|tester917|tester919|tester920|tester921|tester927|tester930
266,30,UNDEF|tester125|tester127|tester130|tester1328|tester1329|tester1331|tester511|tester521|tester522|tester526|tester527|tester528|tester531|tester846|tester866|tester887|tester893|tester894|tester897|tester899|tester906|tester909|tester911|tester917|tester919|tester920|tester921|tester927|tester930
267,33,UNDEF|tester125|tester127|tester130|tester1328|tester1329|tester133|tester1331|tester511|tester521|tester522|tester526|tester527|tester528|tester531|tester846|tester866|tester887|tester893|tester894|tester897|tester899|tester906|tester909|tester911|tester917|tester919|tester920|tester921|tester924|tester927|tester929|tester930
268,37,UNDEF|tester125|tester130|tester1328|tester1329|tester133|tester1330|tester1331|tester511|tester521|tester522|tester526|tester527|tester528|tester531|tester532|tester533|tester846|tester866|tester887|tester893|tester894|tester897|tester899|tester906|tester909|tester911|tester917|tester919|tester920|tester921|tester924|tester927|tester929|tester930|tester931|tester932
269,37,UNDEF|tester125|tester130|tester1328|tester1329|tester133|tester1330|tester1331|tester511|tester521|tester522|tester526|tester527|tester528|tester531|tester532|tester533|tester846|tester866|tester887|tester893|tester894|tester897|tester899|tester906|tester909|tester911|tester917|tester919|tester920|tester921|tester924|tester927|tester929|tester930|tester931|tester932
270,36,UNDEF|tester125|tester130|tester1328|tester1329|tester133|tester1330|tester511|tester521|tester522|tester526|tester527|tester528|tester531|tester532|tester533|tester846|tester866|tester887|tester893|tester894|tester897|tester899|tester906|tester909|tester911|tester917|tester919|tester920|tester921|tester924|tester927|tester929|tester930|tester931|tester932
271,36,UNDEF|tester125|tester130|tester1329|tester133|tester1330|tester1333|tester1335|tester511|tester521|tester522|tester526|tester527|tester528|tester531|tester533|tester846|tester866|tester887|tester893|tester894|tester897|tester899|tester906|tester909|tester911|tester917|tester919|tester920|tester921|tester924|tester927|tester929|tester930|tester931|tester932
272,36,UNDEF|tester125|tester130|tester1329|tester133|tester1330|tester1333|tester1335|tester511|tester521|tester522|tester526|tester527|tester528|tester531|tester533|tester846|tester866|tester887|tester893|tester894|tester897|tester899|tester906|tester909|tester911|tester917|tester919|tester920|tester921|tester924|tester927|tester929|tester930|tester931|tester932
273,36,UNDEF|tester125|tester130|tester1329|tester133|tester1330|tester1333|tester1335|tester511|tester521|tester522|tester526|tester527|tester528|tester531|tester533|tester846|tester866|tester887|tester893|tester894|tester897|tester899|tester906|tester909|tester911|tester917|tester919|tester920|tester921|tester924|tester927|tester929|tester930|tester931|tester932
274,37,UNDEF|tester125|tester130|tester1329|tester133|tester1330|tester1333|tester1335|tester511|tester521|tester522|tester526|tester527|tester528|tester531|tester533|tester535|tester846|tester866|tester887|tester893|tester894|tester897|tester899|tester906|tester909|tester911|tester917|tester919|tester920|tester921|tester924|tester927|tester929|tester930|tester931|tester932
275,37,UNDEF|tester125|tester130|tester1329|tester133|tester1330|tester1333|tester1335|tester511|tester521|tester522|tester526|tester527|tester528|tester531|tester533|tester535|tester846|tester866|tester887|tester893|tester894|tester897|tester899|tester906|tester909|tester911|tester917|tester919|tester920|tester921|tester924|tester927|tester929|tester930|tester931|tester932
276,40,UNDEF|tester125|tester128|tester130|tester1329|tester133|tester1330|tester1333|tester1335|tester1336|tester134|tester511|tester521|tester522|tester526|tester527|tester528|tester531|tester533|tester535|tester846|tester866|tester887|tester893|tester894|tester897|tester899|tester906|tester909|tester911|tester917|tester919|tester920|tester921|tester924|tester927|tester929|tester930|tester931|tester932
277,41,UNDEF|tester125|tester128|tester130|tester132|tester1329|tester133|tester1330|tester1333|tester1335|tester1336|tester134|tester511|tester521|tester522|tester526|tester527|tester528|tester531|tester533|tester535|tester846|tester866|tester887|tester893|tester894|tester897|tester899|tester906|tester909|tester911|tester917|tester919|tester920|tester921|tester924|tester927|tester929|tester930|tester931|tester932
278,37,UNDEF|tester128|tester130|tester132|tester1333|tester1335|tester1336|tester134|tester511|tester521|tester522|tester526|tester527|tester528|tester531|tester533|tester535|tester536|tester846|tester866|tester887|tester893|tester894|tester897|tester899|tester909|tester911|tester917|tester918|tester919|tester924|tester927|tester929|tester930|tester931|tester932|tester938
279,37,UNDEF|tester128|tester130|tester132|tester1333|tester1335|tester1336|tester1339|tester134|tester511|tester521|tester522|tester526|tester527|tester528|tester531|tester533|tester535|tester536|tester846|tester887|tester893|tester894|tester897|tester899|tester909|tester911|tester917|tester918|tester919|tester924|tester927|tester929|tester930|tester931|tester932|tester938
280,37,UNDEF|tester128|tester132|tester1333|tester1335|tester1336|tester1339|tester134|tester138|tester511|tester521|tester522|tester526|tester527|tester528|tester531|tester533|tester535|tester536|tester538|tester846|tester887|tester893|tester894|tester897|tester899|tester911|tester917|tester918|tester919|tester924|tester927|tester929|tester930|tester931|tester932|tester938
281,37,UNDEF|tester128|tester132|tester1333|tester1335|tester1336|tester1339|tester134|tester138|tester511|tester521|tester522|tester526|tester527|tester528|tester531|tester533|tester535|tester536|tester538|tester846|tester887|tester893|tester894|tester897|tester899|tester911|tester917|tester918|tester919|tester924|tester927|tester929|tester930|tester931|tester932|tester938
282,37,UNDEF|tester128|tester132|tester1333|tester1335|tester1336|tester1339|tester134|tester138|tester511|tester521|tester522|tester526|tester527|tester528|tester531|tester533|tester535|tester536|tester538|tester846|tester887|tester893|tester894|tester897|tester899|tester911|tester917|tester918|tester919|tester924|tester927|tester929|tester930|tester931|tester932|tester938
283,39,UNDEF|tester128|tester132|tester1333|tester1335|tester1336|tester1339|tester134|tester138|tester511|tester521|tester522|tester526|tester527|tester528|tester531|tester533|tester535|tester536|tester538|tester846|tester887|tester893|tester894|tester897|tester899|tester911|tester917|tester918|tester919|tester924|tester927|tester929|tester930|tester931|tester932|tester934|tester936|tester938
284,40,UNDEF|tester128|tester132|tester1333|tester1335|tester1339|tester134|tester138|tester139|tester140|tester511|tester521|tester522|tester526|tester527|tester528|tester531|tester533|tester535|tester538|tester540|tester846|tester887|tester893|tester897|tester899|tester911|tester917|tester918|tester919|tester924|tester927|tester929|tester930|tester931|tester932|tester934|tester936|tester938|tester940
285,40,UNDEF|tester128|tester132|tester1333|tester1335|tester1339|tester134|tester138|tester139|tester140|tester511|tester521|tester522|tester526|tester527|tester528|tester531|tester533|tester535|tester538|tester540|tester846|tester887|tester893|tester897|tester899|tester911|tester917|tester918|tester919|tester924|tester927|tester929|tester930|tester931|tester932|tester934|tester936|tester938|tester940
286,40,UNDEF|tester128|tester132|tester1333|tester1335|tester1339|tester134|tester138|tester139|tester140|tester511|tester521|tester522|tester526|tester527|tester528|tester531|tester533|tester535|tester538|tester540|tester846|tester887|tester893|tester897|tester899|tester911|tester917|tester918|tester919|tester924|tester927|tester929|tester930|tester931|tester932|tester934|tester936|tester938|tester940
287,37,UNDEF|tester128|tester132|tester1339|tester134|tester1343|tester138|tester139|tester140|tester511|tester521|tester522|tester526|tester527|tester528|tester531|tester533|tester535|tester538|tester539|tester540|tester846|tester893|tester897|tester911|tester918|tester919|tester924|tester927|tester929|tester930|tester932|tester934|tester936|tester938|tester939|tester940
288,39,UNDEF|tester128|tester132|tester134|tester1343|tester138|tester139|tester140|tester511|tester521|tester522|tester526|tester527|tester528|tester531|tester533|tester535|tester538|tester539|tester540|tester541|tester542|tester543|tester846|tester893|tester897|tester911|tester918|tester919|tester924|tester927|tester929|tester930|tester932|tester934|tester936|tester938|tester939|tester940
289,41,UNDEF|tester128|tester132|tester134|tester1343|tester138|tester139|tester140|tester143|tester511|tester521|tester522|tester526|tester527|tester528|tester531|tester533|tester535|tester538|tester539|tester540|tester541|tester542|tester543|tester846|tester893|tester897|tester911|tester918|tester919|tester924|tester927|tester929|tester930|tester932|tester934|tester936|tester938|tester939|tester940|tester942
290,40,UNDEF|tester128|tester132|tester134|tester1343|tester138|tester139|tester140|tester143|tester511|tester521|tester522|tester526|tester527|tester528|tester531|tester533|tester535|tester538|tester539|tester540|tester541|tester542|tester543|tester846|tester893|tester897|tester911|tester918|tester919|tester924|tester927|tester929|tester932|tester934|tester936|tester938|tester939|tester940|tester942
291,38,UNDEF|tester128|tester132|tester134|tester1343|tester138|tester139|tester140|tester143|tester511|tester521|tester522|tester526|tester527|tester528|tester531|tester533|tester535|tester538|tester539|tester540|tester541|tester542|tester543|tester846|tester893|tester897|tester911|tester918|tester919|tester927|tester929|tester934|tester936|tester938|tester939|tester940|tester942
292,36,UNDEF|tester128|tester132|tester134|tester1343|tester138|tester139|tester140|tester143|tester511|tester521|tester522|tester526|tester527|tester528|tester531|tester533|tester535|tester538|tester539|tester540|tester541|tester542|tester543|tester846|tester911|tester918|tester919|tester927|tester929|tester934|tester936|tester938|tester939|tester940|tester942
293,28,UNDEF|tester128|tester132|tester1343|tester139|tester140|tester143|tester511|tester521|tester522|tester526|tester527|tester528|tester531|tester533|tester535|tester538|tester539|tester540|tester541|tester542|tester543|tester911|tester929|tester934|tester938|tester939|tester940
294,25,UNDEF|tester1343|tester143|tester511|tester521|tester522|tester526|tester527|tester528|tester531|tester533|tester535|tester538|tester539|tester540|tester541|tester542|tester543|tester546|tester911|tester929|tester934|tester938|tester939|tester940
295,22,UNDEF|tester1343|tester1347|tester143|tester511|tester521|tester522|tester526|tester527|tester528|tester531|tester533|tester535|tester538|tester539|tester540|tester541|tester542|tester543|tester546|tester911|tester938
296,22,UNDEF|tester1347|tester511|tester521|tester522|tester526|tester527|tester528|tester531|tester533|tester535|tester538|tester539|tester540|tester541|tester542|tester543|tester546|tester911|tester938|tester944|tester946
297,22,UNDEF|tester1347|tester145|tester511|tester521|tester522|tester526|tester527|tester528|tester531|tester533|tester535|tester538|tester539|tester540|tester541|tester542|tester543|tester546|tester938|tester944|tester946
298,23,UNDEF|tester1347|tester145|tester511|tester521|tester522|tester526|tester527|tester528|tester531|tester533|tester535|tester538|tester539|tester540|tester541|tester542|tester543|tester546|tester548|tester938|tester944|tester946
299,25,UNDEF|tester1347|tester1349|tester145|tester511|tester521|tester522|tester526|tester527|tester528|tester531|tester533|tester535|tester538|tester539|tester540|tester541|tester542|tester543|tester546|tester547|tester548|tester938|tester944|tester946
300,26,UNDEF|tester1347|tester1349|tester145|tester146|tester511|tester521|tester522|tester526|tester527|tester528|tester531|tester533|tester535|tester538|tester539|tester540|tester541|tester542|tester543|tester546|tester547|tester548|tester938|tester944|tester946
301,27,UNDEF|tester1347|tester1349|tester145|tester146|tester511|tester521|tester522|tester526|tester527|tester528|tester531|tester533|tester535|tester538|tester539|tester540|tester541|tester542|tester543|tester546|tester547|tester548|tester938|tester944|tester946|tester950
302,31,UNDEF|tester1347|tester1349|tester145|tester146|tester147|tester511|tester521|tester522|tester526|tester527|tester528|tester531|tester533|tester535|tester538|tester539|tester540|tester541|tester542|tester543|tester546|tester547|tester548|tester938|tester944|tester946|tester947|tester948|tester949|tester950
303,32,UNDEF|tester1347|tester1349|tester145|tester146|tester147|tester511|tester521|tester522|tester526|tester527|tester528|tester531|tester533|tester535|tester538|tester539|tester540|tester541|tester542|tester543|tester546|tester547|tester548|tester550|tester938|tester944|tester946|tester947|tester948|tester949|tester950
304,32,UNDEF|tester1349|tester1350|tester145|tester146|tester147|tester511|tester521|tester522|tester526|tester527|tester528|tester531|tester533|tester535|tester538|tester539|tester540|tester541|tester542|tester543|tester546|tester547|tester548|tester550|tester944|tester946|tester947|tester948|tester949|tester950|tester951
305,33,UNDEF|tester1349|tester1350|tester145|tester146|tester147|tester148|tester511|tester521|tester522|tester526|tester527|tester528|tester531|tester533|tester535|tester538|tester539|tester540|tester541|tester542|tester543|tester546|tester547|tester548|tester550|tester944|tester946|tester947|tester948|tester949|tester950|tester951
306,34,UNDEF|tester1349|tester1350|tester145|tester146|tester147|tester148|tester511|tester521|tester522|tester526|tester527|tester528|tester531|tester533|tester535|tester538|tester539|tester540|tester541|tester542|tester543|tester546|tester547|tester548|tester550|tester944|tester946|tester947|tester948|tester949|tester950|tester951|tester952
307,34,UNDEF|tester1344|tester1349|tester1350|tester145|tester147|tester148|tester511|tester521|tester522|tester526|tester527|tester528|tester531|tester533|tester535|tester538|tester539|tester540|tester541|tester542|tester543|tester546|tester547|tester548|tester550|tester944|tester946|tester947|tester948|tester949|tester950|tester951|tester952
308,33,UNDEF|tester1344|tester1349|tester1350|tester145|tester147|tester148|tester511|tester521|tester522|tester526|tester527|tester528|tester531|tester533|tester535|tester538|tester539|tester540|tester541|tester542|tester543|tester546|tester547|tester548|tester550|tester946|tester947|tester948|tester949|tester950|tester951|tester952
309,28,UNDEF|tester1344|tester147|tester148|tester511|tester521|tester522|tester526|tester527|tester528|tester531|tester533|tester535|tester538|tester539|tester540|tester541|tester542|tester543|tester546|tester547|tester548|tester550|tester946|tester947|tester949|tester951|tester952
310,31,UNDEF|tester1344|tester147|tester148|tester151|tester153|tester511|tester521|tester522|tester526|tester527|tester528|tester531|tester533|tester535|tester538|tester539|tester540|tester541|tester542|tester543|tester546|tester547|tester548|tester550|tester946|tester947|tester949|tester951|tester952|tester953
311,32,UNDEF|tester1344|tester1355|tester147|tester148|tester151|tester153|tester511|tester521|tester522|tester526|tester527|tester528|tester531|tester533|tester535|tester538|tester539|tester540|tester541|tester542|tester543|tester546|tester547|tester548|tester550|tester946|tester947|tester949|tester951|tester952|tester953
312,33,UNDEF|tester1346|tester1355|tester147|tester148|tester151|tester153|tester154|tester511|tester521|tester522|tester526|tester527|tester528|tester531|tester533|tester535|tester538|tester539|tester540|tester541|tester542|tester543|tester546|tester547|tester548|tester550|tester946|tester947|tester949|tester951|tester952|tester953
313,34,UNDEF|tester1346|tester1355|tester147|tester148|tester151|tester153|tester154|tester511|tester521|tester522|tester526|tester527|tester528|tester531|tester533|tester535|tester538|tester539|tester540|tester541|tester542|tester543|tester546|tester547|tester548|tester550|tester555|tester946|tester947|tester949|tester951|tester952|tester953
314,34,UNDEF|tester1346|tester1355|tester147|tester148|tester151|tester153|tester154|tester511|tester521|tester522|tester526|tester527|tester528|tester531|tester533|tester535|tester538|tester539|tester540|tester541|tester542|tester543|tester546|tester547|tester548|tester550|tester555|tester946|tester947|tester949|tester951|tester952|tester953
315,32,UNDEF|tester1346|tester1355|tester148|tester151|tester153|tester154|tester511|tester521|tester522|tester526|tester527|tester528|tester531|tester533|tester535|tester538|tester539|tester540|tester541|tester542|tester543|tester546|tester547|tester548|tester550|tester555|tester946|tester947|tester949|tester952|tester953
316,34,UNDEF|tester1346|tester1355|tester148|tester151|tester153|tester154|tester156|tester511|tester521|tester522|tester526|tester527|tester528|tester531|tester533|tester535|tester538|tester539|tester540|tester541|tester542|tester543|tester546|tester547|tester548|tester550|tester555|tester946|tester947|tester949|tester952|tester953|tester955
317,34,UNDEF|tester1346|tester1355|tester148|tester151|tester153|tester154|tester156|tester511|tester521|tester522|tester526|tester527|tester528|tester531|tester533|tester535|tester538|tester539|tester540|tester541|tester542|tester543|tester546|tester547|tester548|tester550|tester555|tester946|tester947|tester949|tester952|tester953|tester955
318,35,UNDEF|tester1346|tester1355|tester1357|tester148|tester154|tester156|tester511|tester521|tester522|tester526|tester527|tester528|tester531|tester533|tester535|tester538|tester539|tester540|tester541|tester542|tester543|tester546|tester547|tester548|tester550|tester555|tester943|tester946|tester947|tester949|tester952|tester953|tester955|tester956
319,36,UNDEF|tester1346|tester1355|tester1357|tester148|tester154|tester156|tester511|tester521|tester522|tester526|tester527|tester528|tester531|tester533|tester535|tester538|tester539|tester540|tester541|tester542|tester543|tester546|tester547|tester548|tester550|tester551|tester555|tester943|tester946|tester947|tester949|tester952|tester953|tester955|tester956
320,39,UNDEF|tester1346|tester1355|tester1357|tester1358|tester148|tester154|tester156|tester511|tester521|tester522|tester526|tester527|tester528|tester531|tester533|tester535|tester538|tester539|tester540|tester541|tester542|tester543|tester546|tester547|tester548|tester550|tester551|tester555|tester556|tester943|tester946|tester947|tester949|tester952|tester953|tester955|tester956|tester958
321,37,UNDEF|tester1354|tester1357|tester1358|tester148|tester156|tester160|tester511|tester521|tester522|tester526|tester527|tester528|tester531|tester533|tester535|tester538|tester539|tester540|tester541|tester542|tester543|tester546|tester547|tester548|tester550|tester551|tester555|tester556|tester943|tester946|tester949|tester952|tester953|tester955|tester956|tester958
322,38,UNDEF|tester1354|tester1357|tester1358|tester148|tester156|tester160|tester511|tester521|tester522|tester526|tester527|tester528|tester531|tester533|tester535|tester538|tester539|tester540|tester541|tester542|tester543|tester546|tester547|tester548|tester550|tester551|tester555|tester556|tester943|tester946|tester949|tester952|tester953|tester955|tester956|tester957|tester958
323,39,UNDEF|tester1354|tester1357|tester1358|tester148|tester156|tester160|tester161|tester511|tester521|tester522|tester526|tester527|tester528|tester531|tester533|tester535|tester538|tester539|tester540|tester541|tester542|tester543|tester546|tester547|tester548|tester550|tester551|tester555|tester556|tester943|tester946|tester949|tester952|tester953|tester955|tester956|tester957|tester958
324,40,UNDEF|tester1354|tester1357|tester1358|tester148|tester156|tester160|tester161|tester511|tester521|tester522|tester526|tester527|tester528|tester531|tester533|tester535|tester538|tester539|tester540|tester541|tester542|tester543|tester546|tester547|tester548|tester550|tester551|tester555|tester556|tester560|tester943|tester946|tester949|tester952|tester953|tester955|tester956|tester957|tester958
325,40,UNDEF|tester1354|tester1357|tester1358|tester148|tester160|tester161|tester162|tester511|tester521|tester522|tester526|tester527|tester528|tester531|tester533|tester535|tester538|tester539|tester540|tester541|tester542|tester543|tester546|tester547|tester548|tester550|tester551|tester555|tester556|tester560|tester943|tester946|tester949|tester952|tester953|tester955|tester956|tester957|tester958
326,39,UNDEF|tester1354|tester1357|tester1358|tester148|tester160|tester161|tester162|tester511|tester521|tester522|tester526|tester527|tester528|tester531|tester533|tester535|tester538|tester539|tester540|tester541|tester542|tester543|tester546|tester547|tester548|tester550|tester551|tester555|tester556|tester560|tester943|tester946|tester949|tester952|tester953|tester955|tester956|tester958
327,41,UNDEF|tester1354|tester1357|tester1358|tester148|tester160|tester161|tester162|tester163|tester511|tester521|tester522|tester526|tester527|tester528|tester531|tester533|tester535|tester538|tester539|tester540|tester541|tester542|tester543|tester546|tester547|tester548|tester550|tester551|tester555|tester556|tester560|tester943|tester946|tester949|tester952|tester953|tester955|tester956|tester958|tester961
328,40,UNDEF|tester1354|tester1358|tester1360|tester1363|tester148|tester160|tester161|tester162|tester163|tester511|tester521|tester522|tester526|tester527|tester528|tester531|tester533|tester535|tester538|tester539|tester540|tester541|tester542|tester543|tester546|tester547|tester548|tester550|tester551|tester555|tester556|tester560|tester943|tester946|tester952|tester955|tester956|tester958|tester961
329,41,UNDEF|tester1354|tester1358|tester1360|tester1363|tester148|tester160|tester161|tester162|tester163|tester511|tester521|tester522|tester526|tester527|tester528|tester531|tester533|tester535|tester538|tester539|tester540|tester541|tester542|tester543|tester546|tester547|tester548|tester550|tester551|tester555|tester556|tester560|tester563|tester943|tester946|tester952|tester955|tester956|tester958|tester961
330,41,UNDEF|tester1360|tester1361|tester1362|tester1363|tester1364|tester148|tester161|tester162|tester163|tester511|tester521|tester522|tester526|tester527|tester528|tester531|tester533|tester535|tester538|tester539|tester540|tester541|tester542|tester543|tester546|tester547|tester548|tester550|tester551|tester555|tester556|tester560|tester561|tester563|tester943|tester946|tester952|tester956|tester961|tester964
331,38,UNDEF|tester1360|tester1361|tester1362|tester1363|tester1364|tester161|tester162|tester163|tester511|tester521|tester522|tester526|tester527|tester528|tester531|tester533|tester535|tester538|tester539|tester540|tester541|tester542|tester543|tester546|tester547|tester548|tester550|tester551|tester555|tester556|tester560|tester561|tester563|tester943|tester946|tester961|tester964
332,38,UNDEF|tester1360|tester1361|tester1362|tester1363|tester1364|tester161|tester162|tester163|tester511|tester521|tester522|tester526|tester527|tester528|tester531|tester533|tester535|tester538|tester539|tester540|tester541|tester542|tester543|tester546|tester547|tester548|tester550|tester551|tester555|tester556|tester560|tester561|tester563|tester943|tester946|tester961|tester964
333,39,UNDEF|tester1360|tester1361|tester1362|tester1363|tester1364|tester161|tester162|tester163|tester511|tester521|tester522|tester526|tester527|tester528|tester531|tester533|tester535|tester538|tester539|tester540|tester541|tester542|tester543|tester546|tester547|tester548|tester550|tester551|tester555|tester556|tester560|tester561|tester563|tester943|tester946|tester961|tester964|tester966
334,40,UNDEF|tester1360|tester1361|tester1362|tester1363|tester1364|tester161|tester162|tester163|tester511|tester521|tester522|tester526|tester527|tester528|tester531|tester533|tester535|tester538|tester539|tester540|tester541|tester542|tester543|tester546|tester547|tester548|tester550|tester551|tester555|tester556|tester560|tester561|tester563|tester943|tester946|tester961|tester964|tester965|tester966
335,39,UNDEF|tester1360|tester1361|tester1362|tester1363|tester1364|tester162|tester163|tester511|tester521|tester522|tester526|tester527|tester528|tester531|tester533|tester535|tester538|tester539|tester540|tester541|tester542|tester543|tester546|tester547|tester548|tester550|tester551|tester555|tester556|tester560|tester561|tester563|tester943|tester946|tester961|tester964|tester965|tester966
336,40,UNDEF|tester1360|tester1361|tester1362|tester1363|tester1364|tester163|tester511|tester521|tester522|tester526|tester527|tester528|tester531|tester533|tester535|tester538|tester539|tester540|tester541|tester542|tester543|tester546|tester547|tester548|tester550|tester551|tester555|tester556|tester560|tester561|tester562|tester563|tester565|tester943|tester946|tester961|tester964|tester965|tester966
337,40,UNDEF|tester1360|tester1361|tester1362|tester1363|tester1364|tester163|tester511|tester521|tester522|tester526|tester527|tester528|tester531|tester533|tester535|tester538|tester539|tester540|tester541|tester542|tester543|tester546|tester547|tester548|tester550|tester551|tester555|tester556|tester560|tester561|tester562|tester563|tester565|tester943|tester946|tester961|tester964|tester965|tester966
338,40,UNDEF|tester1360|tester1362|tester1363|tester1364|tester163|tester164|tester167|tester511|tester521|tester522|tester526|tester527|tester528|tester531|tester533|tester535|tester538|tester539|tester540|tester541|tester542|tester543|tester546|tester547|tester548|tester550|tester551|tester555|tester556|tester560|tester561|tester562|tester563|tester564|tester565|tester943|tester961|tester965|tester966
339,38,UNDEF|tester1363|tester1364|tester163|tester164|tester167|tester168|tester511|tester521|tester522|tester526|tester527|tester528|tester531|tester533|tester535|tester538|tester539|tester540|tester541|tester542|tester543|tester546|tester547|tester548|tester550|tester551|tester555|tester556|tester560|tester561|tester562|tester563|tester564|tester565|tester566|tester961|tester965
340,38,UNDEF|tester1363|tester1364|tester163|tester164|tester167|tester168|tester511|tester521|tester522|tester526|tester527|tester528|tester531|tester533|tester535|tester538|tester539|tester540|tester541|tester542|tester543|tester546|tester547|tester548|tester550|tester551|tester555|tester556|tester560|tester561|tester562|tester563|tester564|tester565|tester566|tester961|tester965
341,39,UNDEF|tester1363|tester1364|tester1365|tester163|tester164|tester167|tester168|tester511|tester521|tester522|tester526|tester527|tester528|tester531|tester533|tester535|tester538|tester539|tester540|tester541|tester542|tester543|tester546|tester547|tester548|tester550|tester551|tester555|tester556|tester560|tester561|tester562|tester563|tester564|tester565|tester566|tester961|tester965
342,40,UNDEF|tester1363|tester1364|tester1365|tester1366|tester163|tester164|tester167|tester168|tester511|tester521|tester522|tester526|tester527|tester528|tester531|tester533|tester535|tester538|tester539|tester540|tester541|tester542|tester543|tester546|tester547|tester548|tester550|tester551|tester555|tester556|tester560|tester561|tester562|tester563|tester564|tester565|tester566|tester961|tester965
343,40,UNDEF|tester1363|tester1364|tester1365|tester1366|tester164|tester165|tester167|tester168|tester511|tester521|tester522|tester526|tester527|tester528|tester531|tester533|tester535|tester538|tester539|tester540|tester541|tester542|tester543|tester546|tester547|tester548|tester550|tester551|tester555|tester556|tester560|tester561|tester562|tester563|tester564|tester565|tester566|tester961|tester965
344,40,UNDEF|tester1365|tester1366|tester164|tester165|tester167|tester168|tester170|tester511|tester521|tester522|tester526|tester527|tester528|tester531|tester533|tester535|tester538|tester539|tester540|tester541|tester542|tester543|tester546|tester547|tester548|tester550|tester551|tester555|tester556|tester560|tester561|tester562|tester563|tester564|tester565|tester566|tester567|tester961|tester965
345,41,UNDEF|tester1365|tester1366|tester164|tester165|tester167|tester168|tester170|tester171|tester511|tester521|tester522|tester526|tester527|tester528|tester531|tester533|tester535|tester538|tester539|tester540|tester541|tester542|tester543|tester546|tester547|tester548|tester550|tester551|tester555|tester556|tester560|tester561|tester562|tester563|tester564|tester565|tester566|tester567|tester961|tester965
346,40,UNDEF|tester1365|tester1366|tester165|tester167|tester168|tester170|tester171|tester511|tester521|tester522|tester526|tester527|tester528|tester531|tester533|tester535|tester538|tester539|tester540|tester541|tester542|tester543|tester546|tester547|tester548|tester550|tester551|tester555|tester556|tester560|tester561|tester562|tester563|tester564|tester565|tester566|tester567|tester961|tester965
347,40,UNDEF|tester1365|tester1366|tester165|tester167|tester168|tester170|tester171|tester511|tester521|tester522|tester526|tester527|tester528|tester531|tester533|tester535|tester538|tester539|tester540|tester541|tester542|tester543|tester546|tester547|tester548|tester550|tester551|tester555|tester556|tester560|tester561|tester562|tester563|tester564|tester565|tester566|tester567|tester961|tester965
348,38,UNDEF|tester1365|tester1366|tester165|tester170|tester171|tester511|tester521|tester522|tester526|tester527|tester528|tester531|tester533|tester535|tester538|tester539|tester540|tester541|tester542|tester543|tester546|tester547|tester548|tester550|tester551|tester555|tester556|tester560|tester561|tester562|tester563|tester564|tester565|tester566|tester567|tester961|tester965
349,37,UNDEF|tester1366|tester165|tester171|tester511|tester521|tester522|tester526|tester527|tester528|tester531|tester533|tester535|tester538|tester539|tester540|tester541|tester542|tester543|tester546|tester547|tester548|tester550|tester551|tester555|tester556|tester560|tester561|tester562|tester563|tester564|tester565|tester566|tester567|tester571|tester961|tester965
350,38,UNDEF|tester1366|tester165|tester171|tester511|tester521|tester522|tester526|tester527|tester528|tester531|tester533|tester535|tester538|tester539|tester540|tester541|tester542|tester543|tester546|tester547|tester548|tester550|tester551|tester555|tester556|tester560|tester561|tester562|tester563|tester564|tester565|tester566|tester567|tester569|tester571|tester961|tester965
351,39,UNDEF|tester1366|tester165|tester171|tester511|tester521|tester522|tester526|tester527|tester528|tester531|tester533|tester535|tester538|tester539|tester540|tester541|tester542|tester543|tester546|tester547|tester548|tester550|tester551|tester555|tester556|tester560|tester561|tester562|tester563|tester564|tester565|tester566|tester567|tester569|tester571|tester572|tester961|tester965
352,44,UNDEF|tester1366|tester1372|tester165|tester171|tester511|tester521|tester522|tester526|tester527|tester528|tester531|tester533|tester535|tester538|tester539|tester540|tester541|tester542|tester543|tester546|tester547|tester548|tester550|tester551|tester555|tester556|tester560|tester561|tester562|tester563|tester564|tester565|tester566|tester567|tester568|tester569|tester571|tester572|tester573|tester574|tester961|tester965|tester971
353,45,UNDEF|tester1372|tester1374|tester165|tester171|tester176|tester511|tester521|tester522|tester526|tester527|tester528|tester531|tester533|tester535|tester538|tester539|tester540|tester541|tester542|tester543|tester546|tester547|tester548|tester550|tester551|tester555|tester556|tester560|tester561|tester562|tester563|tester564|tester565|tester566|tester567|tester568|tester569|tester571|tester572|tester573|tester574|tester961|tester965|tester971
354,47,UNDEF|tester1372|tester1374|tester1375|tester165|tester171|tester176|tester511|tester521|tester522|tester526|tester527|tester528|tester531|tester533|tester535|tester538|tester539|tester540|tester541|tester542|tester543|tester546|tester547|tester548|tester550|tester551|tester555|tester556|tester560|tester561|tester562|tester563|tester564|tester565|tester566|tester567|tester568|tester569|tester571|tester572|tester573|tester574|tester575|tester961|tester965|tester971
355,47,UNDEF|tester1372|tester1374|tester1375|tester165|tester171|tester176|tester511|tester521|tester522|tester526|tester527|tester528|tester531|tester533|tester535|tester538|tester539|tester540|tester541|tester542|tester543|tester546|tester547|tester548|tester550|tester551|tester555|tester556|tester560|tester561|tester562|tester563|tester564|tester565|tester566|tester567|tester568|tester569|tester571|tester572|tester573|tester574|tester575|tester961|tester965|tester971
356,45,UNDEF|tester1372|tester1374|tester1375|tester165|tester171|tester175|tester176|tester177|tester511|tester521|tester522|tester526|tester527|tester528|tester531|tester533|tester538|tester539|tester541|tester542|tester543|tester546|tester547|tester548|tester550|tester555|tester556|tester560|tester561|tester563|tester565|tester566|tester567|tester568|tester569|tester571|tester572|tester573|tester574|tester575|tester961|tester965|tester971|tester976
357,42,UNDEF|tester1372|tester1373|tester1374|tester1375|tester165|tester171|tester175|tester176|tester177|tester511|tester521|tester522|tester526|tester527|tester528|tester533|tester538|tester539|tester541|tester542|tester543|tester546|tester548|tester550|tester555|tester556|tester560|tester561|tester563|tester565|tester566|tester567|tester568|tester571|tester572|tester573|tester574|tester575|tester965|tester971|tester976
358,39,UNDEF|tester1372|tester1373|tester1374|tester1375|tester165|tester171|tester175|tester176|tester177|tester511|tester521|tester522|tester527|tester528|tester533|tester539|tester542|tester543|tester546|tester548|tester550|tester555|tester556|tester560|tester561|tester563|tester565|tester566|tester567|tester568|tester571|tester572|tester573|tester574|tester575|tester576|tester971|tester976
359,34,UNDEF|tester1373|tester1374|tester1375|tester165|tester171|tester175|tester176|tester177|tester521|tester522|tester527|tester528|tester533|tester539|tester542|tester543|tester546|tester548|tester550|tester555|tester560|tester561|tester563|tester566|tester567|tester568|tester571|tester572|tester573|tester574|tester575|tester576|tester976
360,34,UNDEF|tester1373|tester1374|tester1375|tester1378|tester165|tester171|tester175|tester176|tester177|tester521|tester522|tester527|tester528|tester533|tester539|tester542|tester543|tester546|tester548|tester550|tester555|tester563|tester566|tester567|tester568|tester571|tester573|tester574|tester575|tester576|tester579|tester976|tester978
361,31,UNDEF|tester1373|tester1375|tester1378|tester165|tester171|tester175|tester176|tester177|tester522|tester527|tester528|tester539|tester542|tester543|tester546|tester548|tester550|tester563|tester566|tester567|tester568|tester571|tester573|tester574|tester575|tester576|tester578|tester579|tester976|tester978
362,31,UNDEF|tester1373|tester1375|tester1378|tester165|tester171|tester175|tester176|tester177|tester522|tester527|tester528|tester539|tester542|tester543|tester546|tester548|tester563|tester567|tester568|tester571|tester573|tester574|tester575|tester576|tester578|tester579|tester976|tester977|tester978|tester980
363,29,UNDEF|tester1373|tester1375|tester1378|tester165|tester171|tester175|tester176|tester177|tester522|tester527|tester528|tester539|tester542|tester543|tester548|tester563|tester568|tester573|tester574|tester575|tester576|tester578|tester579|tester581|tester976|tester977|tester978|tester980
364,30,UNDEF|tester1373|tester1375|tester1378|tester1379|tester165|tester171|tester175|tester177|tester180|tester522|tester528|tester539|tester542|tester543|tester548|tester568|tester573|tester575|tester576|tester577|tester578|tester579|tester580|tester581|tester977|tester978|tester979|tester980|tester981
365,26,UNDEF|tester1373|tester1375|tester1378|tester1379|tester165|tester171|tester175|tester177|tester180|tester528|tester539|tester542|tester573|tester575|tester576|tester577|tester578|tester579|tester580|tester581|tester977|tester978|tester979|tester980|tester981
366,22,UNDEF|tester1378|tester1379|tester1380|tester1381|tester175|tester177|tester179|tester180|tester528|tester542|tester573|tester575|tester577|tester579|tester580|tester581|tester977|tester978|tester979|tester980|tester981
367,17,UNDEF|tester1378|tester1379|tester1380|tester1381|tester175|tester179|tester180|tester577|tester579|tester580|tester581|tester977|tester978|tester979|tester980|tester981
368,19,UNDEF|tester1378|tester1379|tester1380|tester1381|tester1382|tester179|tester180|tester577|tester579|tester580|tester581|tester582|tester977|tester978|tester979|tester980|tester981|tester982
369,21,UNDEF|tester1378|tester1379|tester1380|tester1381|tester1382|tester1383|tester179|tester180|tester577|tester579|tester580|tester581|tester582|tester977|tester978|tester979|tester980|tester981|tester982|tester983
370,21,UNDEF|tester1378|tester1379|tester1380|tester1381|tester1382|tester1383|tester179|tester180|tester577|tester579|tester580|tester581|tester582|tester977|tester978|tester979|tester980|tester981|tester982|tester983
371,21,UNDEF|tester1378|tester1379|tester1380|tester1381|tester1382|tester1383|tester179|tester180|tester577|tester579|tester580|tester581|tester582|tester977|tester978|tester979|tester980|tester981|tester982|tester983
372,22,UNDEF|tester1378|tester1379|tester1380|tester1381|tester1382|tester1383|tester1384|tester179|tester180|tester577|tester579|tester580|tester581|tester582|tester977|tester978|tester979|tester980|tester981|tester982|tester983
373,23,UNDEF|tester1378|tester1380|tester1381|tester1382|tester1383|tester1384|tester179|tester180|tester183|tester185|tester186|tester577|tester579|tester580|tester581|tester582|tester977|tester978|tester979|tester981|tester982|tester983
374,23,UNDEF|tester1378|tester1380|tester1382|tester1383|tester1384|tester180|tester183|tester185|tester186|tester577|tester579|tester580|tester581|tester582|tester583|tester585|tester977|tester978|tester979|tester981|tester982|tester983
375,22,UNDEF|tester1378|tester1380|tester1382|tester1383|tester1384|tester183|tester185|tester186|tester577|tester579|tester580|tester581|tester582|tester583|tester585|tester977|tester978|tester979|tester981|tester982|tester983
376,23,UNDEF|tester1378|tester1380|tester1382|tester1383|tester1384|tester183|tester185|tester186|tester577|tester579|tester580|tester581|tester582|tester583|tester585|tester586|tester977|tester978|tester979|tester981|tester982|tester983
377,21,UNDEF|tester1382|tester1383|tester1384|tester183|tester185|tester186|tester577|tester579|tester580|tester581|tester582|tester583|tester585|tester586|tester977|tester978|tester979|tester981|tester982|tester985
378,21,UNDEF|tester1382|tester1383|tester1384|tester183|tester185|tester186|tester577|tester579|tester580|tester581|tester582|tester583|tester585|tester586|tester977|tester979|tester981|tester982|tester985|tester987
379,22,UNDEF|tester1382|tester1383|tester1384|tester183|tester185|tester186|tester577|tester579|tester580|tester581|tester582|tester583|tester585|tester586|tester977|tester979|tester981|tester982|tester985|tester986|tester987
380,21,UNDEF|tester1382|tester1383|tester183|tester185|tester186|tester188|tester577|tester579|tester580|tester581|tester582|tester583|tester585|tester586|tester979|tester981|tester982|tester985|tester986|tester987
381,22,UNDEF|tester1382|tester1383|tester183|tester185|tester186|tester188|tester577|tester579|tester580|tester581|tester582|tester583|tester585|tester586|tester588|tester979|tester981|tester982|tester985|tester986|tester987
382,21,UNDEF|tester1382|tester1383|tester183|tester185|tester188|tester577|tester579|tester580|tester581|tester582|tester583|tester585|tester586|tester588|tester979|tester981|tester982|tester985|tester986|tester987
383,21,UNDEF|tester1383|tester183|tester185|tester188|tester577|tester579|tester580|tester581|tester582|tester583|tester585|tester586|tester588|tester589|tester979|tester981|tester982|tester985|tester986|tester987
384,26,UNDEF|tester1383|tester1388|tester183|tester185|tester188|tester190|tester191|tester577|tester579|tester580|tester581|tester582|tester583|tester585|tester586|tester587|tester588|tester589|tester979|tester981|tester982|tester985|tester986|tester987|tester988
385,27,UNDEF|tester1388|tester1390|tester183|tester185|tester188|tester190|tester191|tester577|tester579|tester580|tester581|tester582|tester583|tester585|tester586|tester587|tester588|tester589|tester979|tester981|tester982|tester985|tester986|tester987|tester988|tester990
386,26,UNDEF|tester1388|tester1390|tester183|tester185|tester188|tester190|tester191|tester577|tester579|tester580|tester581|tester582|tester583|tester585|tester586|tester587|tester588|tester589|tester981|tester982|tester985|tester986|tester987|tester988|tester990
387,28,UNDEF|tester1388|tester1389|tester1390|tester1391|tester183|tester185|tester188|tester190|tester191|tester577|tester579|tester580|tester581|tester582|tester583|tester585|tester586|tester587|tester588|tester589|tester981|tester982|tester985|tester986|tester987|tester988|tester990
388,27,UNDEF|tester1388|tester1389|tester1390|tester1391|tester1392|tester183|tester185|tester190|tester191|tester577|tester579|tester580|tester581|tester582|tester583|tester585|tester586|tester587|tester588|tester589|tester981|tester982|tester985|tester987|tester988|tester990
389,26,UNDEF|tester1388|tester1389|tester1390|tester1391|tester1392|tester183|tester185|tester190|tester191|tester577|tester579|tester580|tester581|tester582|tester583|tester585|tester586|tester587|tester588|tester589|tester981|tester982|tester985|tester988|tester990
390,26,UNDEF|tester1388|tester1389|tester1390|tester1391|tester1392|tester183|tester185|tester190|tester191|tester577|tester579|tester580|tester581|tester582|tester583|tester585|tester586|tester587|tester588|tester589|tester981|tester982|tester985|tester988|tester990
391,25,UNDEF|tester1388|tester1389|tester1391|tester1392|tester1393|tester183|tester185|tester190|tester191|tester577|tester579|tester580|tester581|tester582|tester583|tester585|tester586|tester587|tester588|tester589|tester981|tester985|tester990|tester992
392,24,UNDEF|tester1388|tester1389|tester1391|tester1392|tester1393|tester183|tester185|tester190|tester191|tester577|tester579|tester580|tester581|tester582|tester583|tester585|tester586|tester587|tester588|tester589|tester981|tester985|tester992
393,26,UNDEF|tester1388|tester1389|tester1391|tester1392|tester1393|tester183|tester185|tester187|tester190|tester191|tester577|tester579|tester580|tester581|tester582|tester583|tester585|tester586|tester587|tester588|tester589|tester594|tester981|tester985|tester992
394,28,UNDEF|tester1389|tester1392|tester1393|tester1394|tester183|tester185|tester187|tester190|tester191|tester196|tester577|tester579|tester580|tester581|tester582|tester583|tester585|tester586|tester587|tester588|tester589|tester594|tester981|tester985|tester992|tester993|tester995
395,30,UNDEF|tester1389|tester1392|tester1393|tester1394|tester183|tester185|tester187|tester190|tester191|tester193|tester196|tester577|tester579|tester580|tester581|tester582|tester583|tester585|tester586|tester587|tester588|tester589|tester591|tester594|tester981|tester985|tester992|tester993|tester995
396,32,UNDEF|tester1389|tester1392|tester1393|tester1394|tester183|tester185|tester187|tester190|tester191|tester193|tester195|tester196|tester197|tester577|tester579|tester580|tester581|tester582|tester583|tester585|tester586|tester587|tester588|tester589|tester591|tester594|tester981|tester985|tester992|tester993|tester995
397,31,UNDEF|tester1389|tester1393|tester1394|tester1395|tester183|tester187|tester190|tester191|tester193|tester195|tester196|tester197|tester577|tester579|tester580|tester581|tester582|tester583|tester585|tester586|tester587|tester588|tester589|tester591|tester594|tester981|tester985|tester992|tester993|tester995
398,30,UNDEF|tester1389|tester1393|tester1394|tester1395|tester1397|tester187|tester193|tester195|tester196|tester197|tester577|tester579|tester580|tester581|tester582|tester583|tester585|tester586|tester587|tester588|tester589|tester591|tester594|tester595|tester981|tester985|tester992|tester993|tester995
399,30,UNDEF|tester1389|tester1393|tester1394|tester1395|tester1397|tester187|tester193|tester195|tester196|tester197|tester577|tester579|tester580|tester581|tester582|tester583|tester585|tester586|tester587|tester588|tester589|tester591|tester594|tester595|tester981|tester985|tester992|tester993|tester995
400,30,UNDEF|tester1393|tester1394|tester1395|tester1396|tester1397|tester187|tester193|tester195|tester196|tester197|tester577|tester579|tester580|tester581|tester582|tester583|tester585|tester586|tester587|tester588|tester589|tester591|tester594|tester595|tester981|tester985|tester992|tester993|tester995
401,31,UNDEF|tester1394|tester1395|tester1396|tester1397|tester187|tester193|tester195|tester196|tester197|tester577|tester579|tester580|tester581|tester582|tester583|tester585|tester586|tester587|tester588|tester589|tester591|tester594|tester595|tester596|tester981|tester985|tester992|tester993|tester995|tester998
402,27,UNDEF|tester1395|tester1396|tester1397|tester187|tester193|tester195|tester196|tester197|tester577|tester579|tester580|tester581|tester582|tester583|tester585|tester586|tester587|tester588|tester589|tester591|tester594|tester595|tester596|tester985|tester992|tester998
403,23,UNDEF|tester1395|tester1396|tester1397|tester187|tester193|tester196|tester577|tester579|tester580|tester581|tester582|tester583|tester585|tester586|tester587|tester588|tester589|tester591|tester594|tester595|tester596|tester998
404,24,UNDEF|tester1396|tester1397|tester187|tester193|tester196|tester577|tester579|tester580|tester581|tester582|tester583|tester585|tester586|tester587|tester588|tester589|tester591|tester594|tester595|tester596|tester597|tester998|tester999
405,25,UNDEF|tester1396|tester1397|tester187|tester193|tester196|tester577|tester579|tester580|tester581|tester582|tester583|tester585|tester586|tester587|tester588|tester589|tester591|tester594|tester595|tester596|tester597|tester598|tester998|tester999
406,27,UNDEF|tester1396|tester1397|tester1401|tester187|tester193|tester196|tester577|tester579|tester580|tester581|tester582|tester583|tester585|tester586|tester587|tester588|tester589|tester591|tester594|tester595|tester596|tester597|tester598|tester994|tester998|tester999
407,30,UNDEF|tester1396|tester1397|tester1399|tester1401|tester187|tester193|tester196|tester577|tester579|tester580|tester581|tester582|tester583|tester585|tester586|tester587|tester588|tester589|tester591|tester594|tester595|tester596|tester597|tester598|tester599|tester600|tester994|tester998|tester999
408,30,UNDEF|tester1398|tester1399|tester1401|tester187|tester193|tester196|tester577|tester579|tester580|tester581|tester582|tester583|tester585|tester586|tester587|tester588|tester589|tester591|tester594|tester595|tester596|tester597|tester598|tester599|tester600|tester601|tester994|tester998|tester999
409,30,UNDEF|tester1398|tester1399|tester1401|tester187|tester193|tester196|tester577|tester579|tester580|tester581|tester582|tester583|tester585|tester586|tester587|tester588|tester589|tester591|tester594|tester595|tester596|tester597|tester598|tester599|tester600|tester601|tester994|tester998|tester999
410,30,tester1398|tester1399|tester1401|tester187|tester193|tester196|tester202|tester577|tester579|tester580|tester581|tester582|tester583|tester585|tester586|tester587|tester588|tester589|tester591|tester594|tester595|tester596|tester597|tester598|tester599|tester600|tester601|tester994|tester998|tester999
411,32,UNDEF|tester1398|tester1399|tester1401|tester1403|tester187|tester193|tester196|tester202|tester577|tester579|tester580|tester581|tester582|tester583|tester585|tester586|tester587|tester588|tester589|tester591|tester594|tester595|tester596|tester597|tester598|tester599|tester600|tester601|tester994|tester998|tester999
412,31,UNDEF|tester1398|tester1399|tester1401|tester1403|tester187|tester202|tester577|tester579|tester580|tester581|tester582|tester583|tester585|tester586|tester587|tester588|tester589|tester591|tester594|tester595|tester596|tester597|tester598|tester599|tester600|tester601|tester604|tester994|tester998|tester999
413,33,UNDEF|tester1398|tester1399|tester1401|tester1402|tester1403|tester187|tester202|tester577|tester579|tester580|tester581|tester582|tester583|tester585|tester586|tester587|tester588|tester589|tester591|tester594|tester595|tester596|tester597|tester598|tester599|tester600|tester601|tester603|tester604|tester994|tester998|tester999
414,33,UNDEF|tester1004|tester1398|tester1399|tester1401|tester1402|tester1403|tester202|tester577|tester579|tester580|tester581|tester582|tester583|tester585|tester586|tester587|tester588|tester589|tester591|tester594|tester595|tester596|tester597|tester598|tester599|tester600|tester601|tester603|tester604|tester994|tester998|tester999
415,34,UNDEF|tester1004|tester1399|tester1401|tester1402|tester1403|tester202|tester203|tester577|tester579|tester580|tester581|tester582|tester583|tester585|tester586|tester587|tester588|tester589|tester591|tester594|tester595|tester596|tester597|tester598|tester599|tester600|tester601|tester602|tester603|tester604|tester994|tester998|tester999
416,36,UNDEF|tester1004|tester1399|tester1401|tester1402|tester1403|tester202|tester203|tester206|tester577|tester579|tester580|tester581|tester582|tester583|tester585|tester586|tester587|tester588|tester589|tester591|tester594|tester595|tester596|tester597|tester598|tester599|tester600|tester601|tester602|tester603|tester604|tester605|tester994|tester998|tester999
417,37,UNDEF|tester1004|tester1399|tester1401|tester1402|tester1403|tester202|tester203|tester204|tester206|tester577|tester579|tester580|tester581|tester582|tester583|tester585|tester586|tester587|tester588|tester589|tester591|tester594|tester595|tester596|tester597|tester598|tester599|tester600|tester601|tester602|tester603|tester604|tester605|tester994|tester998|tester999
418,37,UNDEF|tester1004|tester1399|tester1401|tester1402|tester1403|tester1404|tester202|tester203|tester204|tester206|tester577|tester579|tester580|tester581|tester582|tester583|tester585|tester586|tester587|tester588|tester589|tester591|tester594|tester595|tester596|tester597|tester598|tester599|tester600|tester601|tester602|tester603|tester604|tester605|tester998|tester999
419,35,UNDEF|tester1004|tester1399|tester1401|tester1402|tester1403|tester1404|tester203|tester204|tester206|tester577|tester579|tester580|tester581|tester582|tester583|tester585|tester586|tester587|tester588|tester589|tester591|tester594|tester595|tester596|tester597|tester598|tester599|tester600|tester601|tester602|tester603|tester604|tester605|tester998
420,36,UNDEF|tester1004|tester1399|tester1401|tester1402|tester1403|tester1404|tester203|tester204|tester205|tester206|tester577|tester579|tester580|tester581|tester582|tester583|tester585|tester586|tester587|tester588|tester589|tester591|tester594|tester595|tester596|tester597|tester598|tester599|tester600|tester601|tester602|tester603|tester604|tester605|tester998
421,37,UNDEF|tester1004|tester1399|tester1401|tester1402|tester1403|tester1404|tester203|tester204|tester205|tester206|tester208|tester577|tester579|tester580|tester581|tester582|tester583|tester585|tester586|tester587|tester588|tester589|tester591|tester594|tester595|tester596|tester597|tester598|tester599|tester600|tester601|tester602|tester603|tester604|tester605|tester998
422,35,UNDEF|tester1004|tester1399|tester1401|tester1402|tester1403|tester1404|tester204|tester205|tester208|tester577|tester579|tester580|tester581|tester582|tester583|tester585|tester586|tester587|tester588|tester589|tester591|tester594|tester595|tester596|tester597|tester598|tester599|tester600|tester601|tester602|tester603|tester604|tester605|tester998
423,35,UNDEF|tester1004|tester1399|tester1401|tester1403|tester1404|tester204|tester205|tester208|tester209|tester577|tester579|tester580|tester581|tester582|tester583|tester585|tester586|tester587|tester588|tester589|tester591|tester594|tester595|tester596|tester597|tester598|tester599|tester600|tester601|tester602|tester603|tester604|tester605|tester998
424,36,UNDEF|tester1004|tester1007|tester1399|tester1401|tester1403|tester1404|tester204|tester205|tester208|tester209|tester577|tester579|tester580|tester581|tester582|tester583|tester585|tester586|tester587|tester588|tester589|tester591|tester594|tester595|tester596|tester597|tester598|tester599|tester600|tester601|tester603|tester604|tester605|tester609|tester998
425,36,UNDEF|tester1007|tester1008|tester1399|tester1401|tester1403|tester1404|tester204|tester205|tester208|tester209|tester577|tester579|tester580|tester581|tester582|tester583|tester585|tester586|tester587|tester588|tester589|tester591|tester594|tester595|tester596|tester597|tester598|tester599|tester600|tester601|tester603|tester604|tester605|tester609|tester998
426,37,UNDEF|tester1007|tester1008|tester1399|tester1401|tester1403|tester1404|tester1407|tester204|tester205|tester208|tester209|tester577|tester579|tester580|tester581|tester582|tester583|tester585|tester586|tester587|tester588|tester589|tester591|tester594|tester595|tester596|tester597|tester598|tester599|tester600|tester601|tester603|tester604|tester605|tester609|tester998
427,38,UNDEF|tester1007|tester1008|tester1399|tester1401|tester1403|tester1404|tester1407|tester204|tester205|tester208|tester209|tester577|tester579|tester580|tester581|tester582|tester583|tester585|tester586|tester587|tester588|tester589|tester591|tester594|tester595|tester596|tester597|tester598|tester599|tester600|tester601|tester603|tester604|tester605|tester609|tester611|tester998
428,37,UNDEF|tester1007|tester1008|tester1401|tester1403|tester1404|tester1407|tester205|tester208|tester209|tester577|tester579|tester580|tester581|tester582|tester583|tester585|tester586|tester587|tester588|tester589|tester591|tester594|tester595|tester596|tester597|tester598|tester599|tester600|tester601|tester603|tester604|tester605|tester607|tester609|tester611|tester998
429,38,UNDEF|tester1007|tester1008|tester1401|tester1403|tester1404|tester1407|tester205|tester208|tester209|tester577|tester579|tester580|tester581|tester582|tester583|tester585|tester586|tester587|tester588|tester589|tester591|tester594|tester595|tester596|tester597|tester598|tester599|tester600|tester601|tester603|tester604|tester605|tester607|tester609|tester610|tester611|tester998
430,38,UNDEF|tester1007|tester1401|tester1403|tester1404|tester1407|tester1412|tester205|tester208|tester209|tester577|tester579|tester580|tester581|tester582|tester583|tester585|tester586|tester587|tester588|tester589|tester591|tester594|tester595|tester596|tester597|tester598|tester599|tester600|tester601|tester603|tester604|tester605|tester607|tester609|tester610|tester611|tester998
431,36,UNDEF|tester1007|tester1403|tester1407|tester1412|tester205|tester208|tester209|tester577|tester579|tester580|tester581|tester582|tester583|tester585|tester586|tester587|tester588|tester589|tester591|tester594|tester595|tester596|tester597|tester598|tester599|tester600|tester601|tester603|tester604|tester605|tester607|tester609|tester610|tester611|tester998
432,34,UNDEF|tester1012|tester1403|tester1412|tester205|tester208|tester209|tester577|tester579|tester580|tester581|tester582|tester583|tester585|tester586|tester587|tester588|tester589|tester591|tester594|tester595|tester596|tester597|tester598|tester599|tester600|tester601|tester603|tester604|tester605|tester607|tester609|tester610|tester611
433,35,UNDEF|tester1012|tester1403|tester1412|tester205|tester208|tester209|tester211|tester577|tester579|tester580|tester581|tester582|tester583|tester585|tester586|tester587|tester588|tester589|tester591|tester594|tester595|tester596|tester597|tester598|tester599|tester600|tester601|tester603|tester604|tester605|tester607|tester609|tester610|tester611
434,36,UNDEF|tester1012|tester1403|tester1412|tester205|tester208|tester209|tester211|tester214|tester577|tester579|tester580|tester581|tester582|tester583|tester585|tester586|tester587|tester588|tester589|tester591|tester594|tester595|tester596|tester597|tester598|tester599|tester600|tester601|tester603|tester604|tester605|tester607|tester609|tester610|tester611
435,38,UNDEF|tester1012|tester1412|tester205|tester208|tester209|tester211|tester212|tester214|tester215|tester577|tester579|tester580|tester581|tester582|tester583|tester585|tester586|tester587|tester588|tester589|tester591|tester594|tester595|tester596|tester597|tester598|tester599|tester600|tester601|tester603|tester604|tester605|tester607|tester609|tester610|tester611|tester612
436,37,UNDEF|tester1012|tester205|tester208|tester209|tester211|tester212|tester214|tester215|tester577|tester579|tester580|tester581|tester582|tester583|tester585|tester586|tester587|tester588|tester589|tester591|tester594|tester595|tester596|tester597|tester598|tester599|tester600|tester601|tester603|tester604|tester605|tester607|tester609|tester610|tester611|tester612
437,39,UNDEF|tester1012|tester1416|tester205|tester208|tester209|tester211|tester212|tester214|tester215|tester216|tester577|tester579|tester580|tester581|tester582|tester583|tester585|tester586|tester587|tester588|tester589|tester591|tester594|tester595|tester596|tester597|tester598|tester599|tester600|tester601|tester603|tester604|tester605|tester607|tester609|tester610|tester611|tester612
438,43,UNDEF|tester1012|tester1014|tester1414|tester1415|tester1416|tester205|tester208|tester209|tester211|tester212|tester214|tester215|tester216|tester577|tester579|tester580|tester581|tester582|tester583|tester585|tester586|tester587|tester588|tester589|tester591|tester594|tester595|tester596|tester597|tester598|tester599|tester600|tester601|tester603|tester604|tester605|tester607|tester609|tester610|tester611|tester612|tester613
439,43,UNDEF|tester1012|tester1014|tester1414|tester1415|tester1416|tester205|tester208|tester209|tester211|tester212|tester214|tester215|tester216|tester577|tester579|tester580|tester581|tester582|tester583|tester585|tester586|tester587|tester588|tester589|tester591|tester594|tester595|tester596|tester597|tester598|tester599|tester600|tester601|tester603|tester604|tester605|tester607|tester609|tester610|tester611|tester612|tester613
440,43,UNDEF|tester1014|tester1414|tester1415|tester1416|tester205|tester208|tester209|tester211|tester212|tester214|tester215|tester216|tester577|tester579|tester580|tester581|tester582|tester583|tester585|tester586|tester587|tester588|tester589|tester591|tester594|tester595|tester596|tester597|tester598|tester599|tester600|tester601|tester603|tester604|tester605|tester607|tester609|tester610|tester611|tester612|tester613|tester614
441,45,UNDEF|tester1014|tester1414|tester1415|tester1416|tester205|tester208|tester209|tester211|tester212|tester214|tester215|tester216|tester577|tester579|tester580|tester581|tester582|tester583|tester585|tester586|tester587|tester588|tester589|tester591|tester594|tester595|tester596|tester597|tester598|tester599|tester600|tester601|tester603|tester604|tester605|tester607|tester609|tester610|tester611|tester612|tester613|tester614|tester616|tester617
442,46,UNDEF|tester1014|tester1414|tester1415|tester1416|tester205|tester208|tester209|tester211|tester212|tester213|tester214|tester215|tester216|tester577|tester579|tester580|tester581|tester582|tester583|tester585|tester586|tester587|tester588|tester589|tester591|tester594|tester595|tester596|tester597|tester598|tester599|tester600|tester601|tester603|tester604|tester605|tester607|tester609|tester610|tester611|tester612|tester613|tester614|tester616|tester617
443,47,UNDEF|tester1014|tester1018|tester1414|tester1415|tester1416|tester205|tester209|tester211|tester212|tester213|tester214|tester215|tester216|tester218|tester577|tester579|tester580|tester581|tester582|tester583|tester585|tester586|tester587|tester588|tester589|tester591|tester594|tester595|tester596|tester597|tester598|tester599|tester600|tester601|tester603|tester604|tester605|tester607|tester609|tester610|tester611|tester612|tester613|tester614|tester616|tester617
444,49,tester1014|tester1016|tester1018|tester1414|tester1415|tester1416|tester1418|tester205|tester209|tester211|tester212|tester213|tester214|tester215|tester216|tester218|tester577|tester579|tester580|tester581|tester582|tester583|tester585|tester586|tester587|tester588|tester589|tester591|tester594|tester595|tester596|tester597|tester598|tester599|tester600|tester601|tester603|tester604|tester605|tester607|tester609|tester610|tester611|tester612|tester613|tester614|tester615|tester616|tester617
445,50,UNDEF|tester1014|tester1016|tester1018|tester1414|tester1415|tester1416|tester1418|tester205|tester209|tester211|tester212|tester213|tester214|tester215|tester216|tester218|tester577|tester579|tester580|tester581|tester582|tester583|tester585|tester586|tester587|tester588|tester589|tester591|tester594|tester595|tester596|tester597|tester598|tester599|tester600|tester601|tester603|tester604|tester605|tester607|tester609|tester610|tester611|tester612|tester613|tester614|tester615|tester616|tester617
446,49,UNDEF|tester1014|tester1016|tester1018|tester1414|tester1415|tester1416|tester1418|tester205|tester209|tester211|tester212|tester214|tester215|tester216|tester218|tester577|tester579|tester580|tester581|tester582|tester583|tester585|tester586|tester587|tester588|tester589|tester591|tester594|tester595|tester596|tester597|tester598|tester599|tester600|tester601|tester603|tester604|tester605|tester607|tester609|tester610|tester611|tester612|tester613|tester614|tester615|tester616|tester617
447,46,UNDEF|tester1006|tester1014|tester1016|tester1018|tester1414|tester1416|tester1418|tester205|tester209|tester214|tester215|tester218|tester577|tester579|tester580|tester581|tester582|tester583|tester585|tester586|tester587|tester588|tester589|tester591|tester594|tester595|tester596|tester597|tester598|tester599|tester600|tester601|tester603|tester604|tester605|tester607|tester609|tester610|tester611|tester612|tester613|tester614|tester615|tester616|tester617
448,48,UNDEF|tester1006|tester1014|tester1016|tester1018|tester1414|tester1416|tester1418|tester205|tester209|tester214|tester215|tester218|tester219|tester220|tester577|tester579|tester580|tester581|tester582|tester583|tester585|tester586|tester587|tester588|tester589|tester591|tester594|tester595|tester596|tester597|tester598|tester599|tester600|tester601|tester603|tester604|tester605|tester607|tester609|tester610|tester611|tester612|tester613|tester614|tester615|tester616|tester617
449,46,UNDEF|tester1006|tester1018|tester1414|tester1416|tester1418|tester205|tester209|tester214|tester215|tester218|tester219|tester220|tester577|tester579|tester580|tester581|tester582|tester583|tester585|tester586|tester587|tester588|tester589|tester591|tester594|tester595|tester596|tester597|tester598|tester599|tester600|tester601|tester603|tester604|tester605|tester607|tester609|tester610|tester611|tester612|tester613|tester614|tester615|tester616|tester617
450,48,UNDEF|tester1006|tester1018|tester1414|tester1416|tester1418|tester1421|tester205|tester209|tester214|tester215|tester218|tester219|tester220|tester577|tester579|tester580|tester581|tester582|tester583|tester585|tester586|tester587|tester588|tester589|tester591|tester594|tester595|tester596|tester597|tester598|tester599|tester600|tester601|tester603|tester604|tester605|tester607|tester609|tester610|tester611|tester612|tester613|tester614|tester615|tester616|tester617|tester619
451,48,UNDEF|tester1006|tester1018|tester1414|tester1418|tester1421|tester205|tester209|tester214|tester215|tester218|tester219|tester220|tester577|tester579|tester580|tester581|tester582|tester583|tester585|tester586|tester587|tester588|tester589|tester591|tester594|tester595|tester596|tester597|tester598|tester599|tester600|tester601|tester603|tester604|tester605|tester607|tester609|tester610|tester611|tester612|tester613|tester614|tester615|tester616|tester617|tester618|tester619
452,49,UNDEF|tester1006|tester1018|tester1022|tester1414|tester1421|tester205|tester209|tester214|tester215|tester218|tester219|tester220|tester577|tester579|tester580|tester581|tester582|tester583|tester585|tester586|tester587|tester588|tester589|tester591|tester594|tester595|tester596|tester597|tester598|tester599|tester600|tester601|tester603|tester604|tester605|tester607|tester609|tester610|tester611|tester612|tester613|tester614|tester615|tester616|tester617|tester618|tester619|tester621
453,48,UNDEF|tester1006|tester1022|tester1414|tester1421|tester205|tester214|tester215|tester218|tester219|tester220|tester222|tester577|tester579|tester580|tester581|tester582|tester583|tester585|tester586|tester587|tester588|tester589|tester591|tester594|tester595|tester596|tester597|tester598|tester599|tester600|tester601|tester603|tester604|tester605|tester607|tester609|tester610|tester611|tester612|tester613|tester614|tester615|tester616|tester617|tester618|tester619|tester621
454,50,UNDEF|tester1006|tester1020|tester1022|tester1414|tester1421|tester1423|tester205|tester214|tester215|tester218|tester219|tester220|tester222|tester577|tester579|tester580|tester581|tester582|tester583|tester585|tester586|tester587|tester588|tester589|tester591|tester594|tester595|tester596|tester597|tester598|tester599|tester600|tester601|tester603|tester604|tester605|tester607|tester609|tester610|tester611|tester612|tester613|tester614|tester615|tester616|tester617|tester618|tester619|tester621
455,49,UNDEF|tester1020|tester1022|tester1414|tester1421|tester1423|tester205|tester214|tester215|tester218|tester220|tester222|tester224|tester577|tester579|tester580|tester581|tester582|tester583|tester585|tester586|tester587|tester588|tester589|tester591|tester594|tester595|tester596|tester597|tester598|tester599|tester600|tester601|tester603|tester604|tester605|tester607|tester609|tester610|tester611|tester612|tester613|tester614|tester615|tester616|tester617|tester618|tester619|tester621
456,52,UNDEF|tester1020|tester1022|tester1023|tester1414|tester1421|tester1423|tester1424|tester205|tester214|tester215|tester218|tester220|tester222|tester224|tester577|tester579|tester580|tester581|tester582|tester583|tester585|tester586|tester587|tester588|tester589|tester591|tester594|tester595|tester596|tester597|tester598|tester599|tester600|tester601|tester603|tester604|tester605|tester607|tester609|tester610|tester611|tester612|tester613|tester614|tester615|tester616|tester617|tester618|tester619|tester621|tester623
457,53,UNDEF|tester1020|tester1022|tester1023|tester1414|tester1423|tester1424|tester205|tester214|tester215|tester218|tester220|tester222|tester224|tester577|tester579|tester580|tester581|tester582|tester583|tester585|tester586|tester587|tester588|tester589|tester591|tester594|tester595|tester596|tester597|tester598|tester599|tester600|tester601|tester603|tester604|tester605|tester607|tester609|tester610|tester611|tester612|tester613|tester614|tester615|tester616|tester617|tester618|tester619|tester620|tester621|tester622|tester623
458,54,UNDEF|tester1020|tester1022|tester1023|tester1414|tester1423|tester1424|tester205|tester215|tester218|tester220|tester222|tester224|tester225|tester227|tester577|tester579|tester580|tester581|tester582|tester583|tester585|tester586|tester587|tester588|tester589|tester591|tester594|tester595|tester596|tester597|tester598|tester599|tester600|tester601|tester603|tester604|tester605|tester607|tester609|tester610|tester611|tester612|tester613|tester614|tester615|tester616|tester617|tester618|tester619|tester620|tester621|tester622|tester623
459,53,UNDEF|tester1020|tester1023|tester1423|tester1424|tester1426|tester205|tester218|tester220|tester222|tester224|tester225|tester227|tester577|tester579|tester580|tester581|tester582|tester583|tester585|tester586|tester587|tester588|tester589|tester591|tester594|tester595|tester596|tester597|tester598|tester599|tester600|tester601|tester603|tester604|tester605|tester607|tester609|tester610|tester611|tester612|tester613|tester614|tester615|tester616|tester617|tester618|tester619|tester620|tester621|tester622|tester623|tester624
460,51,UNDEF|tester1020|tester1023|tester1423|tester1424|tester1426|tester205|tester222|tester224|tester225|tester227|tester228|tester577|tester579|tester580|tester581|tester582|tester583|tester585|tester586|tester587|tester588|tester589|tester591|tester594|tester595|tester596|tester597|tester598|tester599|tester600|tester601|tester603|tester604|tester607|tester609|tester610|tester611|tester612|tester613|tester614|tester615|tester616|tester617|tester618|tester619|tester620|tester621|tester622|tester623|tester624
461,51,UNDEF|tester1020|tester1023|tester1424|tester1426|tester205|tester222|tester224|tester225|tester227|tester228|tester577|tester579|tester580|tester581|tester582|tester583|tester585|tester586|tester587|tester588|tester589|tester591|tester594|tester595|tester596|tester597|tester598|tester599|tester600|tester601|tester603|tester604|tester607|tester609|tester610|tester611|tester612|tester613|tester614|tester615|tester616|tester617|tester618|tester619|tester620|tester621|tester622|tester623|tester624|tester625
462,50,UNDEF|tester1020|tester1424|tester1426|tester205|tester222|tester224|tester225|tester227|tester228|tester577|tester579|tester580|tester581|tester582|tester583|tester585|tester586|tester587|tester588|tester589|tester591|tester594|tester595|tester596|tester597|tester598|tester599|tester600|tester601|tester603|tester604|tester607|tester609|tester610|tester611|tester612|tester613|tester614|tester615|tester616|tester617|tester618|tester619|tester620|tester621|tester622|tester623|tester624|tester625
463,50,UNDEF|tester1020|tester1424|tester1426|tester205|tester222|tester224|tester225|tester227|tester228|tester577|tester579|tester580|tester581|tester582|tester583|tester585|tester586|tester587|tester588|tester589|tester591|tester594|tester595|tester596|tester597|tester598|tester599|tester600|tester601|tester603|tester604|tester607|tester609|tester610|tester611|tester612|tester613|tester614|tester615|tester616|tester617|tester618|tester619|tester620|tester621|tester622|tester623|tester624|tester625
464,51,UNDEF|tester1020|tester1026|tester1424|tester1426|tester205|tester222|tester224|tester225|tester227|tester228|tester577|tester579|tester580|tester581|tester582|tester583|tester585|tester586|tester587|tester588|tester589|tester591|tester594|tester595|tester596|tester597|tester598|tester599|tester600|tester601|tester603|tester604|tester607|tester609|tester610|tester611|tester612|tester613|tester614|tester615|tester616|tester617|tester618|tester619|tester620|tester621|tester622|tester623|tester624|tester625
465,52,UNDEF|tester1026|tester1424|tester1426|tester1428|tester205|tester222|tester224|tester225|tester227|tester228|tester577|tester579|tester580|tester581|tester582|tester583|tester585|tester586|tester587|tester588|tester589|tester591|tester594|tester595|tester596|tester597|tester598|tester599|tester600|tester601|tester603|tester604|tester607|tester609|tester610|tester611|tester612|tester613|tester614|tester615|tester616|tester617|tester618|tester619|tester620|tester621|tester622|tester623|tester624|tester625|tester626
466,51,UNDEF|tester1026|tester1424|tester1426|tester1428|tester205|tester222|tester224|tester225|tester228|tester577|tester579|tester580|tester581|tester582|tester583|tester585|tester586|tester587|tester588|tester589|tester591|tester594|tester595|tester596|tester597|tester598|tester599|tester600|tester601|tester603|tester604|tester607|tester609|tester610|tester611|tester612|tester613|tester614|tester615|tester616|tester617|tester618|tester619|tester620|tester621|tester622|tester623|tester624|tester625|tester626
467,51,UNDEF|tester1026|tester1424|tester1426|tester1428|tester1429|tester205|tester222|tester224|tester228|tester577|tester579|tester580|tester581|tester582|tester583|tester585|tester586|tester587|tester588|tester589|tester591|tester594|tester595|tester596|tester597|tester598|tester599|tester600|tester601|tester603|tester604|tester607|tester609|tester610|tester611|tester612|tester613|tester614|tester615|tester616|tester617|tester618|tester619|tester620|tester621|tester622|tester623|tester624|tester625|tester626
468,52,UNDEF|tester1026|tester1424|tester1428|tester1429|tester205|tester222|tester224|tester228|tester231|tester577|tester579|tester580|tester581|tester582|tester583|tester585|tester586|tester587|tester588|tester589|tester591|tester594|tester595|tester596|tester597|tester598|tester599|tester600|tester601|tester603|tester604|tester607|tester609|tester610|tester611|tester612|tester613|tester614|tester615|tester616|tester617|tester618|tester619|tester620|tester621|tester622|tester623|tester624|tester625|tester626|tester627
469,54,UNDEF|tester1026|tester1028|tester1424|tester1428|tester1429|tester205|tester222|tester224|tester228|tester231|tester577|tester579|tester580|tester581|tester582|tester583|tester585|tester586|tester587|tester588|tester589|tester591|tester594|tester595|tester596|tester597|tester598|tester599|tester600|tester601|tester603|tester604|tester607|tester609|tester610|tester611|tester612|tester613|tester614|tester615|tester616|tester617|tester618|tester619|tester620|tester621|tester622|tester623|tester624|tester625|tester626|tester627|tester628
470,57,UNDEF|tester1026|tester1028|tester1030|tester1424|tester1428|tester1429|tester1431|tester205|tester222|tester224|tester228|tester231|tester577|tester579|tester580|tester581|tester582|tester583|tester585|tester586|tester587|tester588|tester589|tester591|tester594|tester595|tester596|tester597|tester598|tester599|tester600|tester601|tester603|tester604|tester607|tester609|tester610|tester611|tester612|tester613|tester614|tester615|tester616|tester617|tester618|tester619|tester620|tester621|tester622|tester623|tester624|tester625|tester626|tester627|tester628|tester630
471,58,UNDEF|tester1026|tester1027|tester1028|tester1030|tester1424|tester1428|tester1429|tester1431|tester205|tester222|tester224|tester228|tester231|tester577|tester579|tester580|tester581|tester582|tester583|tester585|tester586|tester587|tester588|tester589|tester591|tester594|tester595|tester596|tester597|tester598|tester599|tester600|tester601|tester603|tester604|tester607|tester609|tester610|tester611|tester612|tester613|tester614|tester615|tester616|tester617|tester618|tester619|tester620|tester621|tester622|tester623|tester624|tester625|tester626|tester627|tester628|tester630
472,59,UNDEF|tester1026|tester1027|tester1028|tester1030|tester1424|tester1428|tester1429|tester1431|tester205|tester222|tester224|tester228|tester231|tester577|tester579|tester580|tester581|tester582|tester583|tester585|tester586|tester587|tester588|tester589|tester591|tester594|tester595|tester596|tester597|tester598|tester599|tester600|tester601|tester603|tester604|tester607|tester609|tester610|tester611|tester612|tester613|tester614|tester615|tester616|tester617|tester618|tester619|tester620|tester621|tester622|tester623|tester624|tester625|tester626|tester627|tester628|tester629|tester630
473,59,UNDEF|tester1026|tester1027|tester1028|tester1030|tester1424|tester1428|tester1429|tester1431|tester1432|tester205|tester222|tester228|tester231|tester577|tester579|tester580|tester581|tester582|tester583|tester585|tester586|tester587|tester588|tester589|tester591|tester594|tester595|tester596|tester597|tester598|tester599|tester600|tester601|tester603|tester604|tester607|tester609|tester610|tester611|tester612|tester613|tester614|tester615|tester616|tester617|tester618|tester619|tester620|tester621|tester622|tester623|tester624|tester625|tester626|tester627|tester628|tester629|tester630
474,59,UNDEF|tester1026|tester1027|tester1028|tester1030|tester1032|tester1424|tester1428|tester1429|tester1431|tester1432|tester205|tester222|tester231|tester577|tester579|tester580|tester581|tester582|tester583|tester585|tester586|tester587|tester588|tester589|tester591|tester594|tester595|tester596|tester597|tester598|tester599|tester600|tester601|tester603|tester604|tester607|tester609|tester610|tester611|tester612|tester613|tester614|tester615|tester616|tester617|tester618|tester619|tester620|tester621|tester622|tester623|tester624|tester625|tester626|tester627|tester628|tester629|tester630
475,60,UNDEF|tester1026|tester1027|tester1028|tester1030|tester1032|tester1428|tester1429|tester1431|tester1432|tester205|tester222|tester231|tester577|tester579|tester580|tester581|tester582|tester583|tester585|tester586|tester587|tester588|tester589|tester591|tester594|tester595|tester596|tester597|tester598|tester599|tester600|tester601|tester603|tester604|tester607|tester609|tester610|tester611|tester612|tester613|tester614|tester615|tester616|tester617|tester618|tester619|tester620|tester621|tester622|tester623|tester624|tester625|tester626|tester627|tester628|tester629|tester630|tester631|tester633
476,60,UNDEF|tester1026|tester1027|tester1028|tester1030|tester1032|tester1428|tester1429|tester1431|tester1432|tester222|tester231|tester235|tester577|tester579|tester580|tester581|tester582|tester583|tester585|tester586|tester587|tester588|tester589|tester591|tester594|tester595|tester596|tester597|tester598|tester599|tester600|tester601|tester603|tester604|tester607|tester609|tester610|tester611|tester612|tester613|tester614|tester615|tester616|tester617|tester618|tester619|tester620|tester621|tester622|tester623|tester624|tester625|tester626|tester627|tester628|tester629|tester630|tester631|tester633
477,61,UNDEF|tester1026|tester1027|tester1028|tester1030|tester1032|tester1428|tester1429|tester1431|tester1432|tester1433|tester222|tester231|tester235|tester577|tester579|tester580|tester581|tester582|tester583|tester585|tester586|tester587|tester588|tester589|tester591|tester594|tester595|tester596|tester597|tester598|tester599|tester600|tester601|tester603|tester604|tester607|tester609|tester610|tester611|tester612|tester613|tester614|tester615|tester616|tester617|tester618|tester619|tester620|tester621|tester622|tester623|tester624|tester625|tester626|tester627|tester628|tester629|tester630|tester631|tester633
478,60,UNDEF|tester1026|tester1027|tester1028|tester1030|tester1032|tester1428|tester1432|tester1433|tester222|tester231|tester235|tester577|tester579|tester580|tester581|tester582|tester583|tester585|tester586|tester587|tester588|tester589|tester591|tester594|tester595|tester596|tester597|tester598|tester599|tester600|tester601|tester603|tester604|tester607|tester609|tester610|tester611|tester612|tester613|tester614|tester615|tester616|tester617|tester618|tester619|tester620|tester621|tester622|tester623|tester624|tester625|tester626|tester627|tester628|tester629|tester630|tester631|tester632|tester633
479,60,UNDEF|tester1026|tester1027|tester1028|tester1030|tester1032|tester1428|tester1432|tester1433|tester222|tester231|tester235|tester577|tester579|tester580|tester581|tester582|tester583|tester585|tester586|tester587|tester588|tester589|tester591|tester594|tester595|tester596|tester597|tester598|tester599|tester600|tester601|tester603|tester604|tester607|tester609|tester610|tester611|tester612|tester613|tester614|tester615|tester616|tester617|tester618|tester619|tester620|tester621|tester622|tester623|tester624|tester625|tester626|tester627|tester628|tester629|tester630|tester631|tester632|tester633
480,59,UNDEF|tester1026|tester1027|tester1030|tester1032|tester1428|tester1432|tester1433|tester222|tester231|tester235|tester577|tester579|tester580|tester581|tester582|tester583|tester585|tester586|tester587|tester588|tester589|tester591|tester594|tester595|tester596|tester597|tester598|tester599|tester600|tester601|tester603|tester604|tester607|tester609|tester610|tester611|tester612|tester613|tester614|tester615|tester616|tester617|tester618|tester619|tester620|tester621|tester622|tester623|tester624|tester625|tester626|tester627|tester628|tester629|tester630|tester631|tester632|tester633
481,59,UNDEF|tester1026|tester1027|tester1030|tester1032|tester1428|tester1432|tester1433|tester222|tester231|tester235|tester577|tester579|tester580|tester581|tester582|tester583|tester585|tester586|tester587|tester588|tester589|tester591|tester594|tester595|tester596|tester597|tester598|tester599|tester600|tester601|tester603|tester604|tester607|tester609|tester610|tester611|tester612|tester613|tester614|tester615|tester616|tester617|tester618|tester619|tester620|tester621|tester622|tester623|tester624|tester625|tester626|tester627|tester628|tester629|tester630|tester631|tester632|tester633
482,59,UNDEF|tester1026|tester1027|tester1030|tester1032|tester1428|tester1432|tester1433|tester222|tester231|tester235|tester577|tester579|tester580|tester581|tester582|tester583|tester585|tester586|tester587|tester588|tester589|tester591|tester594|tester595|tester596|tester597|tester598|tester599|tester600|tester601|tester603|tester604|tester607|tester609|tester610|tester611|tester612|tester613|tester614|tester615|tester616|tester617|tester618|tester619|tester620|tester621|tester622|tester623|tester624|tester625|tester626|tester627|tester628|tester629|tester630|tester631|tester632|tester633
483,59,UNDEF|tester1027|tester1030|tester1032|tester1036|tester1428|tester1432|tester1433|tester222|tester231|tester235|tester577|tester579|tester580|tester581|tester582|tester583|tester585|tester586|tester587|tester588|tester589|tester591|tester594|tester595|tester596|tester597|tester598|tester599|tester600|tester601|tester603|tester604|tester607|tester609|tester610|tester611|tester612|tester613|tester614|tester615|tester616|tester617|tester618|tester619|tester620|tester621|tester622|tester623|tester624|tester625|tester626|tester627|tester628|tester629|tester630|tester631|tester632|tester633
484,59,UNDEF|tester1027|tester1030|tester1032|tester1034|tester1036|tester1428|tester1432|tester1433|tester231|tester238|tester577|tester579|tester580|tester581|tester582|tester583|tester585|tester586|tester587|tester588|tester589|tester591|tester594|tester595|tester596|tester597|tester598|tester599|tester600|tester601|tester603|tester604|tester607|tester609|tester610|tester611|tester612|tester613|tester614|tester615|tester616|tester617|tester618|tester619|tester620|tester621|tester622|tester623|tester624|tester625|tester626|tester627|tester628|tester629|tester630|tester631|tester632|tester633
485,61,UNDEF|tester1027|tester1030|tester1032|tester1034|tester1036|tester1428|tester1432|tester1433|tester1436|tester1437|tester231|tester238|tester577|tester579|tester580|tester581|tester582|tester583|tester585|tester586|tester587|tester588|tester589|tester591|tester594|tester595|tester596|tester597|tester598|tester599|tester600|tester601|tester603|tester604|tester607|tester609|tester610|tester611|tester612|tester613|tester614|tester615|tester616|tester617|tester618|tester619|tester620|tester621|tester622|tester623|tester624|tester625|tester626|tester627|tester628|tester629|tester630|tester631|tester632|tester633
486,60,UNDEF|tester1027|tester1030|tester1032|tester1034|tester1036|tester1432|tester1433|tester1436|tester1437|tester231|tester238|tester577|tester579|tester580|tester581|tester582|tester583|tester585|tester586|tester587|tester588|tester589|tester591|tester594|tester595|tester596|tester597|tester598|tester599|tester600|tester601|tester603|tester604|tester607|tester609|tester610|tester611|tester612|tester613|tester614|tester615|tester616|tester617|tester618|tester619|tester620|tester621|tester622|tester623|tester624|tester625|tester626|tester627|tester628|tester629|tester630|tester631|tester632|tester633
487,60,UNDEF|tester1030|tester1032|tester1034|tester1036|tester1432|tester1433|tester1436|tester1437|tester231|tester238|tester577|tester579|tester580|tester581|tester582|tester583|tester585|tester586|tester587|tester588|tester589|tester591|tester594|tester595|tester596|tester597|tester598|tester599|tester600|tester601|tester603|tester604|tester607|tester609|tester610|tester611|tester612|tester613|tester614|tester615|tester616|tester617|tester618|tester619|tester620|tester621|tester622|tester623|tester624|tester625|tester626|tester627|tester628|tester629|tester630|tester631|tester632|tester633|tester635
488,60,UNDEF|tester1032|tester1034|tester1036|tester1433|tester1436|tester1437|tester231|tester238|tester577|tester579|tester580|tester581|tester582|tester583|tester585|tester586|tester587|tester588|tester589|tester591|tester594|tester595|tester596|tester597|tester598|tester599|tester600|tester601|tester603|tester604|tester607|tester609|tester610|tester611|tester612|tester613|tester614|tester615|tester616|tester617|tester618|tester619|tester620|tester621|tester622|tester623|tester624|tester625|tester626|tester627|tester628|tester629|tester630|tester631|tester632|tester633|tester635|tester637|tester638
489,59,UNDEF|tester1034|tester1036|tester1433|tester1436|tester1437|tester231|tester238|tester577|tester579|tester580|tester581|tester582|tester583|tester585|tester586|tester587|tester588|tester589|tester591|tester594|tester595|tester596|tester597|tester598|tester599|tester600|tester601|tester603|tester604|tester607|tester609|tester610|tester611|tester612|tester613|tester614|tester615|tester616|tester617|tester618|tester619|tester620|tester621|tester622|tester623|tester624|tester625|tester626|tester627|tester628|tester629|tester630|tester631|tester632|tester633|tester635|tester637|tester638
490,57,UNDEF|tester1036|tester1433|tester1435|tester1436|tester231|tester577|tester579|tester580|tester581|tester582|tester583|tester585|tester586|tester587|tester588|tester589|tester591|tester594|tester595|tester596|tester597|tester598|tester599|tester600|tester601|tester603|tester604|tester607|tester609|tester610|tester611|tester612|tester613|tester614|tester615|tester616|tester617|tester618|tester619|tester620|tester621|tester622|tester623|tester624|tester625|tester626|tester627|tester628|tester629|tester630|tester631|tester632|tester633|tester635|tester637|tester638
491,56,UNDEF|tester1036|tester1433|tester1435|tester1436|tester577|tester579|tester580|tester581|tester582|tester583|tester585|tester586|tester587|tester588|tester589|tester591|tester594|tester595|tester596|tester597|tester598|tester599|tester600|tester601|tester603|tester604|tester607|tester609|tester610|tester611|tester612|tester613|tester614|tester615|tester616|tester617|tester618|tester619|tester620|tester621|tester622|tester623|tester624|tester625|tester626|tester627|tester628|tester629|tester630|tester631|tester632|tester633|tester635|tester637|tester638
492,58,UNDEF|tester1036|tester1433|tester1435|tester1436|tester1442|tester577|tester579|tester580|tester581|tester582|tester583|tester585|tester586|tester587|tester588|tester589|tester591|tester594|tester595|tester596|tester597|tester598|tester599|tester600|tester601|tester603|tester604|tester607|tester609|tester610|tester611|tester612|tester613|tester614|tester615|tester616|tester617|tester618|tester619|tester620|tester621|tester622|tester623|tester624|tester625|tester626|tester627|tester628|tester629|tester630|tester631|tester632|tester633|tester635|tester637|tester638|tester639
493,61,UNDEF|tester1036|tester1043|tester1433|tester1435|tester1436|tester1442|tester241|tester577|tester579|tester580|tester581|tester582|tester583|tester585|tester586|tester587|tester588|tester589|tester591|tester594|tester595|tester596|tester597|tester598|tester599|tester600|tester601|tester603|tester604|tester607|tester609|tester610|tester611|tester612|tester613|tester614|tester615|tester616|tester617|tester618|tester619|tester620|tester621|tester622|tester623|tester624|tester625|tester626|tester627|tester628|tester629|tester630|tester631|tester632|tester633|tester635|tester636|tester637|tester638|tester639
494,63,UNDEF|tester1043|tester1433|tester1435|tester1436|tester1440|tester1442|tester241|tester243|tester577|tester579|tester580|tester581|tester582|tester583|tester585|tester586|tester587|tester588|tester589|tester591|tester594|tester595|tester596|tester597|tester598|tester599|tester600|tester601|tester603|tester604|tester607|tester609|tester610|tester611|tester612|tester613|tester614|tester615|tester616|tester617|tester618|tester619|tester620|tester621|tester622|tester623|tester624|tester625|tester626|tester627|tester628|tester629|tester630|tester631|tester632|tester633|tester635|tester636|tester637|tester638|tester639|tester640
495,65,UNDEF|tester1043|tester1044|tester1433|tester1435|tester1436|tester1440|tester1442|tester241|tester243|tester577|tester579|tester580|tester581|tester582|tester583|tester585|tester586|tester587|tester588|tester589|tester591|tester594|tester595|tester596|tester597|tester598|tester599|tester600|tester601|tester603|tester604|tester607|tester609|tester610|tester611|tester612|tester613|tester614|tester615|tester616|tester617|tester618|tester619|tester620|tester621|tester622|tester623|tester624|tester625|tester626|tester627|tester628|tester629|tester630|tester631|tester632|tester633|tester635|tester636|tester637|tester638|tester639|tester640|tester642
496,64,UNDEF|tester1043|tester1044|tester1435|tester1436|tester1440|tester1442|tester241|tester243|tester245|tester577|tester579|tester580|tester582|tester583|tester585|tester586|tester587|tester588|tester589|tester591|tester594|tester595|tester596|tester597|tester598|tester599|tester600|tester601|tester603|tester604|tester607|tester609|tester610|tester611|tester612|tester613|tester614|tester615|tester616|tester617|tester618|tester619|tester620|tester621|tester622|tester623|tester624|tester625|tester626|tester627|tester628|tester629|tester630|tester631|tester632|tester633|tester635|tester636|tester637|tester638|tester639|tester640|tester642
497,63,UNDEF|tester1043|tester1044|tester1435|tester1436|tester1440|tester1442|tester241|tester243|tester245|tester577|tester579|tester580|tester582|tester583|tester585|tester586|tester587|tester588|tester589|tester591|tester594|tester595|tester596|tester597|tester598|tester599|tester600|tester601|tester603|tester604|tester607|tester609|tester610|tester611|tester612|tester613|tester614|tester615|tester616|tester617|tester618|tester619|tester620|tester621|tester622|tester623|tester624|tester625|tester626|tester627|tester628|tester629|tester630|tester631|tester632|tester633|tester635|tester636|tester638|tester639|tester640|tester642
498,62,UNDEF|tester1043|tester1044|tester1435|tester1436|tester1440|tester241|tester243|tester245|tester577|tester579|tester580|tester582|tester583|tester585|tester586|tester587|tester588|tester589|tester591|tester594|tester595|tester596|tester597|tester598|tester599|tester600|tester601|tester603|tester604|tester607|tester609|tester610|tester611|tester612|tester613|tester614|tester615|tester616|tester617|tester618|tester619|tester620|tester621|tester622|tester623|tester624|tester625|tester626|tester627|tester628|tester629|tester630|tester631|tester632|tester633|tester635|tester636|tester638|tester639|tester640|tester642
499,64,UNDEF|tester1043|tester1044|tester1435|tester1436|tester1440|tester241|tester243|tester244|tester245|tester577|tester579|tester580|tester582|tester583|tester585|tester586|tester587|tester588|tester589|tester591|tester594|tester595|tester596|tester597|tester598|tester599|tester600|tester601|tester603|tester604|tester607|tester609|tester610|tester611|tester612|tester613|tester614|tester615|tester616|tester617|tester618|tester619|tester620|tester621|tester622|tester623|tester624|tester625|tester626|tester627|tester628|tester629|tester630|tester631|tester632|tester633|tester635|tester636|tester638|tester639|tester640|tester642|tester643
500,63,UNDEF|tester1043|tester1044|tester1435|tester1440|tester241|tester243|tester244|tester245|tester577|tester579|tester580|tester582|tester583|tester585|tester586|tester587|tester588|tester589|tester591|tester594|tester595|tester596|tester597|tester598|tester599|tester600|tester601|tester603|tester604|tester607|tester609|tester610|tester611|tester612|tester613|tester614|tester615|tester616|tester617|tester618|tester619|tester620|tester621|tester622|tester623|tester624|tester625|tester626|tester627|tester628|tester629|tester630|tester631|tester632|tester633|tester635|tester636|tester638|tester639|tester640|tester642|tester643
501,63,UNDEF|tester1043|tester1044|tester1435|tester1440|tester1444|tester241|tester243|tester244|tester245|tester577|tester579|tester580|tester582|tester583|tester585|tester586|tester588|tester589|tester591|tester594|tester595|tester596|tester597|tester598|tester599|tester600|tester601|tester603|tester604|tester607|tester609|tester610|tester611|tester612|tester613|tester614|tester615|tester616|tester617|tester618|tester619|tester620|tester621|tester622|tester623|tester624|tester625|tester626|tester627|tester628|tester629|tester630|tester631|tester632|tester633|tester635|tester636|tester638|tester639|tester640|tester642|tester643
502,61,UNDEF|tester1043|tester1044|tester1435|tester1440|tester1444|tester1448|tester244|tester577|tester579|tester580|tester582|tester583|tester585|tester586|tester588|tester589|tester591|tester594|tester595|tester596|tester597|tester598|tester599|tester600|tester601|tester603|tester604|tester607|tester609|tester610|tester611|tester612|tester613|tester614|tester615|tester616|tester617|tester618|tester619|tester620|tester621|tester622|tester623|tester624|tester625|tester626|tester627|tester628|tester629|tester630|tester631|tester632|tester633|tester635|tester636|tester638|tester639|tester640|tester642|tester643
503,64,UNDEF|tester1043|tester1044|tester1046|tester1435|tester1444|tester1446|tester1448|tester1449|tester244|tester577|tester579|tester580|tester582|tester583|tester585|tester586|tester588|tester589|tester591|tester594|tester595|tester596|tester597|tester598|tester599|tester600|tester601|tester603|tester604|tester607|tester609|tester610|tester611|tester612|tester613|tester614|tester615|tester616|tester617|tester618|tester619|tester620|tester621|tester622|tester623|tester624|tester625|tester626|tester627|tester628|tester629|tester630|tester631|tester632|tester633|tester635|tester636|tester638|tester639|tester640|tester642|tester643|tester645
504,63,UNDEF|tester1043|tester1046|tester1435|tester1444|tester1446|tester1448|tester1449|tester244|tester577|tester579|tester580|tester582|tester583|tester585|tester586|tester588|tester589|tester591|tester594|tester595|tester596|tester597|tester598|tester599|tester600|tester601|tester603|tester604|tester607|tester609|tester610|tester611|tester612|tester613|tester614|tester615|tester616|tester617|tester618|tester619|tester620|tester621|tester622|tester623|tester624|tester625|tester626|tester627|tester628|tester629|tester630|tester631|tester632|tester633|tester635|tester636|tester638|tester639|tester640|tester642|tester643|tester645
505,62,UNDEF|tester1046|tester1435|tester1444|tester1446|tester1448|tester1449|tester244|tester577|tester579|tester580|tester582|tester583|tester585|tester586|tester588|tester589|tester591|tester594|tester595|tester596|tester597|tester598|tester599|tester600|tester601|tester603|tester604|tester607|tester609|tester610|tester611|tester612|tester613|tester614|tester615|tester616|tester617|tester618|tester619|tester620|tester621|tester622|tester623|tester624|tester625|tester626|tester627|tester628|tester629|tester630|tester631|tester632|tester633|tester635|tester636|tester638|tester639|tester640|tester642|tester643|tester645
506,63,UNDEF|tester1046|tester1435|tester1444|tester1446|tester1448|tester1449|tester244|tester249|tester577|tester579|tester580|tester582|tester583|tester585|tester586|tester588|tester589|tester591|tester594|tester595|tester596|tester597|tester598|tester599|tester600|tester601|tester603|tester604|tester607|tester609|tester610|tester611|tester612|tester613|tester614|tester615|tester616|tester617|tester618|tester619|tester620|tester621|tester622|tester623|tester624|tester625|tester626|tester627|tester628|tester629|tester630|tester631|tester632|tester633|tester635|tester636|tester638|tester639|tester640|tester642|tester643|tester645
507,62,UNDEF|tester1046|tester1435|tester1446|tester1448|tester1449|tester244|tester249|tester577|tester579|tester580|tester582|tester583|tester585|tester586|tester588|tester589|tester591|tester594|tester595|tester596|tester597|tester598|tester599|tester600|tester601|tester603|tester604|tester607|tester609|tester610|tester611|tester612|tester613|tester614|tester615|tester616|tester617|tester618|tester619|tester620|tester621|tester622|tester623|tester624|tester625|tester626|tester627|tester628|tester629|tester630|tester631|tester632|tester633|tester635|tester636|tester638|tester639|tester640|tester642|tester643|tester645
508,63,UNDEF|tester1046|tester1435|tester1446|tester1448|tester1449|tester244|tester249|tester577|tester579|tester580|tester582|tester583|tester585|tester586|tester588|tester589|tester591|tester594|tester595|tester596|tester597|tester598|tester599|tester600|tester601|tester603|tester604|tester607|tester609|tester610|tester611|tester612|tester613|tester614|tester615|tester616|tester617|tester618|tester619|tester620|tester621|tester622|tester623|tester624|tester625|tester626|tester627|tester628|tester629|tester630|tester631|tester632|tester633|tester635|tester636|tester638|tester639|tester640|tester642|tester643|tester645|tester647
509,63,UNDEF|tester1046|tester1435|tester1446|tester1448|tester1449|tester244|tester249|tester577|tester579|tester580|tester582|tester583|tester585|tester586|tester588|tester589|tester591|tester594|tester595|tester596|tester597|tester598|tester599|tester600|tester601|tester603|tester604|tester607|tester609|tester610|tester611|tester612|tester613|tester614|tester615|tester616|tester617|tester618|tester619|tester620|tester621|tester622|tester623|tester624|tester625|tester626|tester627|tester628|tester629|tester630|tester631|tester632|tester633|tester635|tester636|tester638|tester639|tester640|tester642|tester643|tester645|tester647
510,64,UNDEF|tester1046|tester1051|tester1435|tester1446|tester1448|tester1449|tester249|tester577|tester579|tester580|tester582|tester583|tester585|tester586|tester588|tester589|tester591|tester594|tester595|tester596|tester597|tester598|tester599|tester600|tester601|tester603|tester604|tester607|tester609|tester610|tester611|tester612|tester613|tester614|tester615|tester616|tester617|tester618|tester619|tester620|tester621|tester622|tester623|tester624|tester625|tester626|tester627|tester628|tester629|tester630|tester631|tester632|tester633|tester635|tester636|tester638|tester639|tester640|tester642|tester643|tester645|tester647|tester649
511,66,UNDEF|tester1046|tester1051|tester1435|tester1446|tester1447|tester1448|tester1449|tester1451|tester249|tester577|tester579|tester580|tester582|tester583|tester585|tester586|tester588|tester589|tester591|tester594|tester595|tester596|tester597|tester598|tester599|tester600|tester601|tester603|tester604|tester607|tester609|tester610|tester611|tester612|tester613|tester614|tester615|tester616|tester617|tester618|tester619|tester620|tester621|tester622|tester623|tester624|tester625|tester626|tester627|tester628|tester629|tester630|tester631|tester632|tester633|tester635|tester636|tester638|tester639|tester640|tester642|tester643|tester645|tester647|tester649
512,63,UNDEF|tester1046|tester1051|tester1446|tester1447|tester1449|tester1451|tester577|tester579|tester580|tester582|tester583|tester585|tester586|tester588|tester589|tester591|tester594|tester595|tester596|tester597|tester598|tester599|tester600|tester601|tester603|tester604|tester607|tester609|tester610|tester611|tester612|tester613|tester614|tester615|tester616|tester617|tester618|tester619|tester620|tester621|tester622|tester623|tester624|tester625|tester626|tester627|tester628|tester629|tester630|tester631|tester632|tester633|tester635|tester636|tester638|tester639|tester640|tester642|tester643|tester645|tester647|tester649
513,65,UNDEF|tester1046|tester1051|tester1446|tester1447|tester1449|tester1451|tester251|tester577|tester579|tester580|tester582|tester583|tester585|tester586|tester588|tester589|tester591|tester594|tester595|tester596|tester597|tester598|tester599|tester600|tester601|tester603|tester604|tester607|tester609|tester610|tester611|tester612|tester613|tester614|tester615|tester616|tester617|tester618|tester619|tester620|tester621|tester622|tester623|tester624|tester625|tester626|tester627|tester628|tester629|tester630|tester631|tester632|tester633|tester635|tester636|tester638|tester639|tester640|tester642|tester643|tester645|tester647|tester649|tester650
514,65,UNDEF|tester1046|tester1051|tester1447|tester1449|tester1451|tester1452|tester251|tester577|tester579|tester580|tester582|tester583|tester585|tester586|tester588|tester589|tester591|tester594|tester595|tester596|tester597|tester598|tester599|tester600|tester601|tester603|tester604|tester607|tester609|tester610|tester611|tester612|tester613|tester614|tester615|tester616|tester617|tester618|tester619|tester620|tester621|tester622|tester623|tester624|tester625|tester626|tester627|tester628|tester629|tester630|tester631|tester632|tester633|tester635|tester636|tester638|tester639|tester640|tester642|tester643|tester645|tester647|tester649|tester650
515,65,UNDEF|tester1046|tester1051|tester1447|tester1449|tester1451|tester1452|tester251|tester577|tester579|tester580|tester582|tester583|tester585|tester586|tester588|tester589|tester591|tester594|tester595|tester596|tester597|tester598|tester599|tester600|tester601|tester603|tester604|tester607|tester609|tester610|tester611|tester612|tester613|tester614|tester615|tester616|tester617|tester618|tester619|tester620|tester621|tester622|tester623|tester624|tester625|tester626|tester627|tester628|tester629|tester630|tester631|tester632|tester633|tester635|tester636|tester638|tester639|tester640|tester642|tester643|tester645|tester647|tester649|tester650
516,65,UNDEF|tester1046|tester1051|tester1447|tester1449|tester1451|tester1452|tester1454|tester251|tester577|tester579|tester580|tester582|tester583|tester585|tester586|tester588|tester589|tester591|tester594|tester595|tester596|tester597|tester598|tester599|tester600|tester601|tester603|tester604|tester607|tester609|tester610|tester611|tester612|tester613|tester615|tester616|tester617|tester618|tester619|tester620|tester621|tester622|tester623|tester624|tester625|tester626|tester627|tester628|tester629|tester630|tester631|tester632|tester633|tester635|tester636|tester638|tester639|tester640|tester642|tester643|tester645|tester647|tester649|tester650
517,64,UNDEF|tester1046|tester1051|tester1447|tester1449|tester1451|tester1452|tester1454|tester577|tester579|tester580|tester582|tester583|tester585|tester586|tester588|tester589|tester591|tester594|tester595|tester596|tester597|tester598|tester599|tester600|tester601|tester603|tester604|tester607|tester609|tester610|tester611|tester612|tester613|tester615|tester616|tester617|tester618|tester619|tester620|tester621|tester622|tester623|tester624|tester625|tester626|tester627|tester628|tester629|tester630|tester631|tester632|tester633|tester635|tester636|tester638|tester639|tester640|tester642|tester643|tester645|tester647|tester649|tester650
518,64,UNDEF|tester1046|tester1051|tester1447|tester1449|tester1452|tester1454|tester577|tester579|tester580|tester582|tester583|tester585|tester586|tester588|tester589|tester591|tester594|tester595|tester596|tester597|tester598|tester599|tester600|tester601|tester603|tester604|tester607|tester609|tester610|tester611|tester612|tester613|tester615|tester616|tester617|tester618|tester619|tester620|tester621|tester622|tester623|tester624|tester625|tester626|tester627|tester628|tester629|tester630|tester631|tester632|tester633|tester635|tester636|tester638|tester639|tester640|tester642|tester643|tester645|tester647|tester649|tester650|tester654
519,64,UNDEF|tester1046|tester1051|tester1447|tester1449|tester1452|tester1454|tester577|tester579|tester580|tester582|tester583|tester585|tester586|tester588|tester589|tester591|tester594|tester595|tester596|tester597|tester598|tester599|tester600|tester601|tester603|tester604|tester607|tester609|tester610|tester611|tester612|tester613|tester615|tester616|tester617|tester618|tester619|tester620|tester621|tester622|tester623|tester624|tester625|tester626|tester627|tester628|tester629|tester630|tester631|tester632|tester633|tester635|tester636|tester638|tester639|tester640|tester642|tester643|tester645|tester647|tester649|tester650|tester654
520,65,UNDEF|tester1046|tester1051|tester1447|tester1449|tester1452|tester1454|tester577|tester579|tester580|tester582|tester583|tester585|tester586|tester588|tester589|tester591|tester594|tester595|tester596|tester597|tester598|tester599|tester600|tester601|tester603|tester604|tester607|tester609|tester610|tester611|tester612|tester613|tester615|tester616|tester617|tester618|tester619|tester620|tester621|tester622|tester623|tester624|tester625|tester626|tester627|tester628|tester629|tester630|tester631|tester632|tester633|tester635|tester636|tester638|tester639|tester640|tester642|tester643|tester645|tester647|tester649|tester650|tester652|tester654
521,68,UNDEF|tester1046|tester1047|tester1051|tester1055|tester1447|tester1449|tester1452|tester1454|tester577|tester579|tester580|tester582|tester583|tester585|tester586|tester588|tester589|tester591|tester594|tester595|tester596|tester597|tester598|tester599|tester600|tester601|tester603|tester604|tester607|tester609|tester610|tester611|tester612|tester613|tester615|tester616|tester617|tester618|tester619|tester620|tester621|tester622|tester623|tester624|tester625|tester626|tester627|tester628|tester629|tester630|tester631|tester632|tester633|tester635|tester636|tester638|tester639|tester640|tester642|tester643|tester645|tester647|tester649|tester650|tester652|tester653|tester654
522,69,UNDEF|tester1046|tester1047|tester1051|tester1055|tester1447|tester1449|tester1452|tester1454|tester577|tester579|tester580|tester582|tester583|tester585|tester586|tester588|tester589|tester591|tester594|tester595|tester596|tester597|tester598|tester599|tester600|tester601|tester603|tester604|tester607|tester609|tester610|tester611|tester612|tester613|tester615|tester616|tester617|tester618|tester619|tester620|tester621|tester622|tester623|tester624|tester625|tester626|tester627|tester628|tester629|tester630|tester631|tester632|tester633|tester635|tester636|tester638|tester639|tester640|tester642|tester643|tester645|tester647|tester649|tester650|tester652|tester653|tester654|tester655
523,69,UNDEF|tester1046|tester1047|tester1051|tester1055|tester1447|tester1449|tester1452|tester1454|tester577|tester579|tester580|tester582|tester583|tester585|tester586|tester588|tester589|tester591|tester594|tester595|tester596|tester597|tester598|tester599|tester600|tester601|tester603|tester604|tester607|tester609|tester610|tester611|tester612|tester613|tester615|tester616|tester617|tester618|tester619|tester620|tester621|tester622|tester623|tester624|tester625|tester626|tester627|tester628|tester629|tester630|tester631|tester632|tester633|tester635|tester636|tester638|tester639|tester640|tester642|tester643|tester645|tester647|tester649|tester650|tester652|tester653|tester654|tester655
524,69,UNDEF|tester1046|tester1047|tester1051|tester1055|tester1447|tester1449|tester1452|tester1454|tester577|tester579|tester580|tester582|tester583|tester585|tester586|tester588|tester589|tester591|tester594|tester595|tester596|tester597|tester598|tester599|tester600|tester601|tester603|tester604|tester607|tester609|tester610|tester611|tester612|tester613|tester615|tester616|tester617|tester618|tester619|tester620|tester621|tester622|tester623|tester624|tester625|tester626|tester627|tester628|tester629|tester630|tester631|tester632|tester633|tester635|tester636|tester638|tester639|tester640|tester642|tester643|tester645|tester647|tester649|tester650|tester652|tester653|tester654|tester655
525,69,UNDEF|tester1046|tester1047|tester1051|tester1055|tester1447|tester1449|tester1452|tester1454|tester577|tester579|tester580|tester582|tester583|tester585|tester586|tester588|tester589|tester591|tester594|tester595|tester596|tester597|tester598|tester599|tester600|tester601|tester603|tester604|tester607|tester609|tester610|tester611|tester612|tester613|tester615|tester616|tester617|tester618|tester619|tester620|tester621|tester622|tester623|tester624|tester625|tester626|tester627|tester628|tester629|tester630|tester631|tester632|tester633|tester635|tester636|tester638|tester639|tester640|tester642|tester643|tester645|tester647|tester649|tester650|tester652|tester653|tester654|tester655
526,75,UNDEF|tester1046|tester1047|tester1051|tester1054|tester1055|tester1447|tester1449|tester1452|tester1454|tester1455|tester253|tester258|tester259|tester577|tester579|tester580|tester582|tester583|tester585|tester586|tester588|tester589|tester591|tester594|tester595|tester596|tester597|tester598|tester599|tester600|tester601|tester603|tester604|tester607|tester609|tester610|tester611|tester612|tester613|tester615|tester616|tester617|tester618|tester619|tester620|tester621|tester622|tester623|tester624|tester625|tester626|tester627|tester628|tester629|tester630|tester631|tester632|tester633|tester635|tester636|tester638|tester639|tester640|tester642|tester643|tester645|tester647|tester649|tester650|tester652|tester653|tester654|tester655|tester656
527,79,UNDEF|tester1046|tester1047|tester1051|tester1054|tester1055|tester1447|tester1449|tester1452|tester1454|tester1455|tester1456|tester253|tester258|tester259|tester260|tester262|tester577|tester579|tester580|tester582|tester583|tester585|tester586|tester588|tester589|tester591|tester594|tester595|tester596|tester597|tester598|tester599|tester600|tester601|tester603|tester604|tester607|tester609|tester610|tester611|tester612|tester613|tester615|tester616|tester617|tester618|tester619|tester620|tester621|tester622|tester623|tester624|tester625|tester626|tester627|tester628|tester629|tester630|tester631|tester632|tester633|tester635|tester636|tester638|tester639|tester640|tester642|tester643|tester645|tester647|tester649|tester650|tester652|tester653|tester654|tester655|tester656|tester657
528,79,UNDEF|tester1046|tester1047|tester1051|tester1054|tester1055|tester1447|tester1449|tester1452|tester1454|tester1455|tester1456|tester253|tester258|tester259|tester260|tester262|tester577|tester579|tester580|tester582|tester583|tester585|tester586|tester588|tester589|tester591|tester594|tester595|tester596|tester597|tester598|tester599|tester600|tester601|tester603|tester604|tester607|tester609|tester610|tester611|tester612|tester613|tester615|tester616|tester617|tester618|tester619|tester620|tester621|tester622|tester623|tester624|tester625|tester626|tester627|tester628|tester629|tester630|tester631|tester632|tester633|tester635|tester636|tester638|tester639|tester640|tester642|tester643|tester645|tester647|tester649|tester650|tester652|tester653|tester654|tester655|tester656|tester657
529,79,UNDEF|tester1046|tester1047|tester1051|tester1054|tester1055|tester1447|tester1449|tester1452|tester1454|tester1455|tester1456|tester253|tester258|tester259|tester260|tester262|tester577|tester579|tester580|tester582|tester583|tester585|tester586|tester588|tester589|tester591|tester594|tester595|tester596|tester597|tester598|tester599|tester600|tester601|tester603|tester604|tester607|tester609|tester610|tester611|tester612|tester613|tester615|tester616|tester617|tester618|tester619|tester620|tester621|tester622|tester623|tester624|tester625|tester626|tester627|tester628|tester629|tester630|tester631|tester632|tester633|tester635|tester636|tester638|tester639|tester640|tester642|tester643|tester645|tester647|tester649|tester650|tester652|tester653|tester654|tester655|tester656|tester657
530,80,UNDEF|tester1046|tester1047|tester1051|tester1054|tester1055|tester1447|tester1449|tester1452|tester1454|tester1455|tester1456|tester1459|tester253|tester258|tester259|tester260|tester262|tester577|tester579|tester580|tester582|tester583|tester585|tester586|tester588|tester589|tester591|tester594|tester595|tester596|tester597|tester598|tester599|tester600|tester601|tester603|tester604|tester607|tester609|tester610|tester611|tester612|tester613|tester615|tester616|tester617|tester618|tester619|tester620|tester621|tester622|tester623|tester624|tester625|tester626|tester627|tester628|tester629|tester630|tester631|tester632|tester633|tester635|tester636|tester638|tester639|tester640|tester642|tester643|tester645|tester647|tester649|tester650|tester652|tester653|tester654|tester655|tester656|tester657
531,79,UNDEF|tester1046|tester1047|tester1051|tester1054|tester1055|tester1447|tester1449|tester1452|tester1454|tester1455|tester1456|tester1459|tester258|tester259|tester260|tester262|tester577|tester579|tester580|tester582|tester583|tester585|tester586|tester588|tester589|tester591|tester594|tester595|tester596|tester597|tester598|tester599|tester600|tester601|tester603|tester604|tester607|tester609|tester610|tester611|tester612|tester613|tester615|tester616|tester617|tester618|tester619|tester620|tester621|tester622|tester623|tester624|tester625|tester626|tester627|tester628|tester629|tester630|tester631|tester632|tester633|tester635|tester636|tester638|tester639|tester640|tester642|tester643|tester645|tester647|tester649|tester650|tester652|tester653|tester654|tester655|tester656|tester657
532,79,UNDEF|tester1046|tester1047|tester1051|tester1054|tester1055|tester1447|tester1449|tester1452|tester1454|tester1455|tester1456|tester1459|tester1460|tester258|tester259|tester262|tester577|tester579|tester580|tester582|tester583|tester585|tester586|tester588|tester589|tester591|tester594|tester595|tester596|tester597|tester598|tester599|tester600|tester601|tester603|tester604|tester607|tester609|tester610|tester611|tester612|tester613|tester615|tester616|tester617|tester618|tester619|tester620|tester621|tester622|tester623|tester624|tester625|tester626|tester627|tester628|tester629|tester630|tester631|tester632|tester633|tester635|tester636|tester638|tester639|tester640|tester642|tester643|tester645|tester647|tester649|tester650|tester652|tester653|tester654|tester655|tester656|tester657
533,80,UNDEF|tester1046|tester1047|tester1051|tester1054|tester1055|tester1447|tester1449|tester1452|tester1454|tester1455|tester1456|tester1459|tester1460|tester258|tester259|tester262|tester577|tester579|tester580|tester582|tester583|tester585|tester586|tester588|tester589|tester591|tester594|tester595|tester596|tester597|tester598|tester599|tester600|tester601|tester603|tester604|tester607|tester609|tester610|tester611|tester612|tester613|tester615|tester616|tester617|tester618|tester619|tester620|tester621|tester622|tester623|tester624|tester625|tester626|tester627|tester628|tester629|tester630|tester631|tester632|tester633|tester635|tester636|tester638|tester639|tester640|tester642|tester643|tester645|tester647|tester649|tester650|tester652|tester653|tester654|tester655|tester656|tester657|tester660
534,80,UNDEF|tester1046|tester1047|tester1051|tester1054|tester1055|tester1447|tester1449|tester1452|tester1454|tester1455|tester1456|tester1459|tester1460|tester258|tester259|tester262|tester577|tester579|tester580|tester582|tester583|tester585|tester586|tester588|tester589|tester591|tester594|tester595|tester596|tester597|tester598|tester599|tester600|tester601|tester603|tester604|tester607|tester609|tester610|tester611|tester612|tester613|tester615|tester616|tester617|tester618|tester619|tester620|tester621|tester622|tester623|tester624|tester625|tester626|tester627|tester628|tester629|tester630|tester631|tester632|tester633|tester635|tester636|tester638|tester639|tester640|tester642|tester643|tester645|tester647|tester649|tester650|tester652|tester653|tester654|tester655|tester656|tester657|tester660
535,80,UNDEF|tester1046|tester1047|tester1051|tester1054|tester1055|tester1447|tester1449|tester1452|tester1454|tester1455|tester1456|tester1459|tester1460|tester258|tester259|tester262|tester577|tester579|tester580|tester582|tester583|tester585|tester586|tester588|tester589|tester591|tester594|tester595|tester596|tester597|tester598|tester599|tester600|tester601|tester603|tester604|tester607|tester609|tester610|tester611|tester612|tester613|tester615|tester616|tester617|tester618|tester619|tester620|tester621|tester622|tester623|tester624|tester625|tester626|tester627|tester628|tester629|tester630|tester631|tester632|tester633|tester635|tester636|tester638|tester639|tester640|tester642|tester643|tester645|tester647|tester649|tester650|tester652|tester653|tester654|tester655|tester656|tester657|tester660
536,80,UNDEF|tester1046|tester1047|tester1051|tester1054|tester1055|tester1447|tester1449|tester1452|tester1454|tester1455|tester1456|tester1459|tester1460|tester258|tester262|tester577|tester579|tester580|tester582|tester583|tester585|tester586|tester588|tester589|tester591|tester594|tester595|tester596|tester597|tester598|tester599|tester600|tester601|tester603|tester604|tester607|tester609|tester610|tester611|tester612|tester613|tester615|tester616|tester617|tester618|tester619|tester620|tester621|tester622|tester623|tester624|tester625|tester626|tester627|tester628|tester629|tester630|tester631|tester632|tester633|tester635|tester636|tester638|tester639|tester640|tester642|tester643|tester645|tester647|tester649|tester650|tester652|tester653|tester654|tester655|tester656|tester657|tester658|tester660
537,82,UNDEF|tester1046|tester1047|tester1051|tester1054|tester1055|tester1057|tester1447|tester1449|tester1452|tester1454|tester1455|tester1456|tester1459|tester1460|tester258|tester262|tester577|tester579|tester580|tester582|tester583|tester585|tester586|tester588|tester589|tester591|tester594|tester595|tester596|tester597|tester598|tester599|tester600|tester601|tester603|tester604|tester607|tester609|tester610|tester611|tester612|tester613|tester615|tester616|tester617|tester618|tester619|tester620|tester621|tester622|tester623|tester624|tester625|tester626|tester627|tester628|tester629|tester630|tester631|tester632|tester633|tester635|tester636|tester638|tester639|tester640|tester642|tester643|tester645|tester647|tester649|tester650|tester652|tester653|tester654|tester655|tester656|tester657|tester658|tester660|tester662
538,82,UNDEF|tester1046|tester1047|tester1051|tester1054|tester1055|tester1057|tester1447|tester1449|tester1452|tester1454|tester1455|tester1456|tester1459|tester1460|tester258|tester577|tester579|tester580|tester582|tester583|tester585|tester586|tester588|tester589|tester591|tester594|tester595|tester596|tester597|tester598|tester599|tester600|tester601|tester603|tester604|tester607|tester609|tester610|tester611|tester612|tester613|tester615|tester616|tester617|tester618|tester619|tester620|tester621|tester622|tester623|tester624|tester625|tester626|tester627|tester628|tester629|tester630|tester631|tester632|tester633|tester635|tester636|tester638|tester639|tester640|tester642|tester643|tester645|tester647|tester649|tester650|tester652|tester653|tester654|tester655|tester656|tester657|tester658|tester660|tester662|tester663
539,81,UNDEF|tester1046|tester1047|tester1051|tester1054|tester1055|tester1057|tester1447|tester1449|tester1452|tester1454|tester1456|tester1459|tester1460|tester258|tester577|tester579|tester580|tester582|tester583|tester585|tester586|tester588|tester589|tester591|tester594|tester595|tester596|tester597|tester598|tester599|tester600|tester601|tester603|tester604|tester607|tester609|tester610|tester611|tester612|tester613|tester615|tester616|tester617|tester618|tester619|tester620|tester621|tester622|tester623|tester624|tester625|tester626|tester627|tester628|tester629|tester630|tester631|tester632|tester633|tester635|tester636|tester638|tester639|tester640|tester642|tester643|tester645|tester647|tester649|tester650|tester652|tester653|tester654|tester655|tester656|tester657|tester658|tester660|tester662|tester663
540,83,UNDEF|tester1046|tester1047|tester1051|tester1054|tester1055|tester1057|tester1447|tester1449|tester1452|tester1454|tester1456|tester1459|tester1460|tester258|tester267|tester577|tester579|tester580|tester582|tester583|tester585|tester586|tester588|tester589|tester591|tester594|tester595|tester596|tester597|tester598|tester599|tester600|tester601|tester603|tester604|tester607|tester609|tester610|tester611|tester612|tester613|tester615|tester616|tester617|tester618|tester619|tester620|tester621|tester622|tester623|tester624|tester625|tester626|tester627|tester628|tester629|tester630|tester631|tester632|tester633|tester635|tester636|tester638|tester639|tester640|tester642|tester643|tester645|tester647|tester649|tester650|tester652|tester653|tester654|tester655|tester656|tester657|tester658|tester660|tester661|tester662|tester663
541,83,UNDEF|tester1046|tester1047|tester1051|tester1054|tester1055|tester1057|tester1447|tester1449|tester1452|tester1454|tester1456|tester1459|tester1460|tester258|tester267|tester577|tester579|tester580|tester582|tester583|tester585|tester586|tester588|tester589|tester591|tester594|tester595|tester596|tester597|tester598|tester599|tester600|tester601|tester603|tester604|tester607|tester609|tester610|tester611|tester612|tester613|tester615|tester616|tester617|tester618|tester619|tester620|tester621|tester622|tester623|tester624|tester625|tester626|tester627|tester628|tester629|tester630|tester631|tester632|tester633|tester635|tester636|tester638|tester639|tester640|tester642|tester643|tester645|tester647|tester649|tester650|tester652|tester653|tester654|tester655|tester656|tester657|tester658|tester660|tester661|tester662|tester663
542,85,UNDEF|tester1046|tester1047|tester1051|tester1054|tester1055|tester1057|tester1058|tester1447|tester1449|tester1452|tester1454|tester1456|tester1459|tester1460|tester1465|tester258|tester267|tester577|tester579|tester580|tester582|tester583|tester585|tester586|tester588|tester589|tester591|tester594|tester595|tester596|tester597|tester598|tester599|tester600|tester601|tester603|tester604|tester607|tester609|tester610|tester611|tester612|tester613|tester615|tester616|tester617|tester618|tester619|tester620|tester621|tester622|tester623|tester624|tester625|tester626|tester627|tester628|tester629|tester630|tester631|tester632|tester633|tester635|tester636|tester638|tester639|tester640|tester642|tester643|tester645|tester647|tester649|tester650|tester652|tester653|tester654|tester655|tester656|tester657|tester658|tester660|tester661|tester662|tester663
543,86,UNDEF|tester1046|tester1047|tester1051|tester1054|tester1055|tester1057|tester1058|tester1447|tester1449|tester1452|tester1454|tester1456|tester1459|tester1460|tester1465|tester267|tester577|tester579|tester580|tester582|tester583|tester585|tester586|tester588|tester589|tester591|tester594|tester595|tester596|tester597|tester598|tester599|tester600|tester601|tester603|tester604|tester607|tester609|tester610|tester611|tester612|tester613|tester615|tester616|tester617|tester618|tester619|tester620|tester621|tester622|tester623|tester624|tester625|tester626|tester627|tester628|tester629|tester630|tester631|tester632|tester633|tester635|tester636|tester638|tester639|tester640|tester642|tester643|tester645|tester647|tester649|tester650|tester651|tester652|tester653|tester654|tester655|tester656|tester657|tester658|tester660|tester661|tester662|tester663|tester664
544,87,UNDEF|tester1046|tester1047|tester1051|tester1054|tester1055|tester1057|tester1058|tester1447|tester1449|tester1452|tester1454|tester1456|tester1459|tester1460|tester1464|tester1465|tester267|tester577|tester579|tester580|tester582|tester583|tester585|tester586|tester588|tester589|tester591|tester594|tester595|tester596|tester597|tester598|tester599|tester600|tester601|tester603|tester604|tester607|tester609|tester610|tester611|tester612|tester613|tester615|tester616|tester617|tester618|tester619|tester620|tester621|tester622|tester623|tester624|tester625|tester626|tester627|tester628|tester629|tester630|tester631|tester632|tester633|tester635|tester636|tester638|tester639|tester640|tester642|tester643|tester645|tester647|tester649|tester650|tester651|tester652|tester653|tester654|tester655|tester656|tester657|tester658|tester660|tester661|tester662|tester663|tester664
545,86,UNDEF|tester1046|tester1051|tester1055|tester1057|tester1058|tester1447|tester1449|tester1452|tester1454|tester1456|tester1459|tester1460|tester1464|tester1465|tester1467|tester267|tester577|tester579|tester580|tester582|tester583|tester585|tester586|tester588|tester589|tester591|tester594|tester595|tester596|tester597|tester598|tester599|tester600|tester601|tester603|tester604|tester607|tester609|tester610|tester611|tester612|tester613|tester615|tester616|tester617|tester618|tester619|tester620|tester621|tester622|tester623|tester624|tester625|tester626|tester627|tester628|tester629|tester630|tester631|tester632|tester633|tester635|tester636|tester638|tester639|tester640|tester642|tester643|tester645|tester647|tester649|tester650|tester651|tester652|tester653|tester654|tester655|tester656|tester657|tester658|tester660|tester661|tester662|tester663|tester664
546,86,UNDEF|tester1046|tester1051|tester1055|tester1057|tester1058|tester1447|tester1449|tester1452|tester1454|tester1456|tester1459|tester1460|tester1464|tester1465|tester1467|tester267|tester577|tester579|tester580|tester582|tester583|tester585|tester586|tester589|tester591|tester594|tester595|tester596|tester597|tester598|tester599|tester600|tester601|tester603|tester604|tester607|tester609|tester610|tester611|tester612|tester613|tester615|tester616|tester617|tester618|tester619|tester620|tester621|tester622|tester623|tester624|tester625|tester626|tester627|tester628|tester629|tester630|tester631|tester632|tester633|tester635|tester636|tester638|tester639|tester640|tester642|tester643|tester645|tester647|tester649|tester650|tester651|tester652|tester653|tester654|tester655|tester656|tester657|tester658|tester660|tester661|tester662|tester663|tester664|tester666
547,86,UNDEF|tester1046|tester1051|tester1055|tester1057|tester1058|tester1447|tester1449|tester1452|tester1454|tester1456|tester1459|tester1464|tester1465|tester1467|tester1468|tester267|tester577|tester579|tester580|tester582|tester583|tester585|tester586|tester589|tester591|tester594|tester595|tester596|tester597|tester598|tester599|tester600|tester601|tester603|tester604|tester607|tester609|tester610|tester611|tester612|tester613|tester615|tester616|tester617|tester618|tester619|tester620|tester621|tester622|tester623|tester624|tester625|tester626|tester627|tester628|tester629|tester630|tester631|tester632|tester633|tester635|tester636|tester638|tester639|tester640|tester642|tester643|tester645|tester647|tester649|tester650|tester651|tester652|tester653|tester654|tester655|tester656|tester657|tester658|tester660|tester661|tester662|tester663|tester664|tester666
548,85,UNDEF|tester1046|tester1051|tester1058|tester1061|tester1447|tester1449|tester1452|tester1454|tester1456|tester1459|tester1464|tester1465|tester1467|tester1468|tester267|tester577|tester579|tester580|tester582|tester583|tester585|tester586|tester589|tester591|tester594|tester595|tester596|tester597|tester598|tester599|tester600|tester601|tester603|tester604|tester607|tester609|tester610|tester611|tester612|tester613|tester615|tester616|tester617|tester618|tester619|tester620|tester621|tester622|tester623|tester624|tester625|tester626|tester627|tester628|tester629|tester630|tester631|tester632|tester633|tester635|tester636|tester638|tester639|tester640|tester642|tester643|tester645|tester647|tester649|tester650|tester651|tester652|tester653|tester654|tester655|tester656|tester657|tester658|tester660|tester661|tester662|tester663|tester664|tester666
549,85,UNDEF|tester1046|tester1051|tester1058|tester1061|tester1447|tester1449|tester1452|tester1454|tester1456|tester1459|tester1464|tester1465|tester1468|tester267|tester577|tester579|tester580|tester582|tester583|tester585|tester586|tester589|tester591|tester594|tester595|tester596|tester597|tester598|tester599|tester600|tester601|tester603|tester604|tester607|tester609|tester610|tester611|tester612|tester613|tester615|tester616|tester617|tester618|tester619|tester620|tester621|tester622|tester623|tester624|tester625|tester626|tester627|tester628|tester629|tester630|tester631|tester632|tester633|tester635|tester636|tester638|tester639|tester640|tester642|tester643|tester645|tester647|tester649|tester650|tester651|tester652|tester653|tester654|tester655|tester656|tester657|tester658|tester660|tester661|tester662|tester663|tester664|tester666|tester668
550,87,UNDEF|tester1046|tester1051|tester1058|tester1061|tester1447|tester1449|tester1452|tester1454|tester1459|tester1464|tester1465|tester1468|tester1470|tester267|tester577|tester579|tester580|tester582|tester583|tester585|tester586|tester589|tester591|tester594|tester595|tester596|tester597|tester598|tester599|tester600|tester601|tester603|tester604|tester607|tester609|tester610|tester611|tester612|tester613|tester615|tester616|tester617|tester618|tester619|tester620|tester621|tester622|tester623|tester624|tester625|tester626|tester627|tester628|tester629|tester630|tester631|tester632|tester633|tester635|tester636|tester638|tester639|tester640|tester642|tester643|tester645|tester647|tester649|tester650|tester651|tester652|tester653|tester654|tester655|tester656|tester657|tester658|tester660|tester661|tester662|tester663|tester664|tester665|tester666|tester667|tester668
551,86,UNDEF|tester1046|tester1051|tester1058|tester1061|tester1067|tester1447|tester1449|tester1452|tester1454|tester1463|tester1465|tester1468|tester1470|tester577|tester579|tester580|tester582|tester583|tester585|tester586|tester589|tester591|tester594|tester595|tester596|tester597|tester598|tester599|tester600|tester601|tester603|tester604|tester607|tester609|tester610|tester611|tester612|tester613|tester615|tester616|tester617|tester618|tester619|tester620|tester621|tester622|tester623|tester624|tester625|tester626|tester627|tester628|tester629|tester630|tester631|tester632|tester633|tester635|tester636|tester638|tester639|tester640|tester642|tester643|tester645|tester647|tester649|tester650|tester651|tester652|tester653|tester654|tester655|tester656|tester657|tester658|tester660|tester661|tester662|tester663|tester664|tester665|tester666|tester667|tester668
552,87,UNDEF|tester1046|tester1051|tester1058|tester1061|tester1067|tester1447|tester1449|tester1452|tester1454|tester1463|tester1468|tester1470|tester577|tester579|tester580|tester582|tester583|tester585|tester586|tester589|tester591|tester594|tester595|tester596|tester597|tester598|tester599|tester600|tester601|tester603|tester604|tester607|tester609|tester610|tester611|tester612|tester613|tester615|tester616|tester617|tester618|tester619|tester620|tester621|tester622|tester623|tester624|tester625|tester626|tester627|tester628|tester629|tester630|tester631|tester632|tester633|tester635|tester636|tester638|tester639|tester640|tester642|tester643|tester645|tester647|tester649|tester650|tester651|tester652|tester653|tester654|tester655|tester656|tester657|tester658|tester660|tester661|tester662|tester663|tester664|tester665|tester666|tester667|tester668|tester669|tester670
553,88,UNDEF|tester1046|tester1051|tester1058|tester1061|tester1067|tester1447|tester1449|tester1452|tester1454|tester1463|tester1468|tester1470|tester1471|tester577|tester579|tester580|tester582|tester583|tester585|tester586|tester589|tester591|tester594|tester595|tester596|tester597|tester598|tester599|tester600|tester601|tester603|tester604|tester607|tester609|tester610|tester611|tester612|tester613|tester615|tester616|tester617|tester618|tester619|tester620|tester621|tester622|tester623|tester624|tester625|tester626|tester627|tester628|tester629|tester630|tester631|tester632|tester633|tester635|tester636|tester638|tester639|tester640|tester642|tester643|tester645|tester647|tester649|tester650|tester651|tester652|tester653|tester654|tester655|tester656|tester657|tester658|tester660|tester661|tester662|tester663|tester664|tester665|tester666|tester667|tester668|tester669|tester670
554,89,UNDEF|tester1046|tester1051|tester1058|tester1061|tester1063|tester1067|tester1447|tester1449|tester1452|tester1454|tester1463|tester1468|tester1470|tester1471|tester577|tester579|tester580|tester582|tester583|tester585|tester586|tester589|tester591|tester594|tester595|tester596|tester597|tester598|tester599|tester600|tester601|tester603|tester604|tester607|tester609|tester610|tester611|tester612|tester613|tester615|tester616|tester617|tester618|tester619|tester620|tester621|tester622|tester623|tester624|tester625|tester626|tester627|tester628|tester629|tester630|tester631|tester632|tester633|tester635|tester636|tester638|tester639|tester640|tester642|tester643|tester645|tester647|tester649|tester650|tester651|tester652|tester653|tester654|tester655|tester656|tester657|tester658|tester660|tester661|tester662|tester663|tester664|tester665|tester666|tester667|tester668|tester669|tester670
555,91,UNDEF|tester1046|tester1051|tester1058|tester1061|tester1063|tester1067|tester1447|tester1449|tester1452|tester1454|tester1463|tester1468|tester1470|tester1471|tester1472|tester577|tester579|tester580|tester582|tester583|tester585|tester586|tester589|tester591|tester594|tester595|tester596|tester597|tester598|tester599|tester600|tester601|tester603|tester604|tester607|tester609|tester610|tester611|tester612|tester613|tester615|tester616|tester617|tester618|tester619|tester620|tester621|tester622|tester623|tester624|tester625|tester626|tester627|tester628|tester629|tester630|tester631|tester632|tester633|tester635|tester636|tester638|tester639|tester640|tester642|tester643|tester645|tester647|tester649|tester650|tester651|tester652|tester653|tester654|tester655|tester656|tester657|tester658|tester660|tester661|tester662|tester663|tester664|tester665|tester666|tester667|tester668|tester669|tester670|tester671
556,91,UNDEF|tester1051|tester1058|tester1061|tester1063|tester1067|tester1068|tester1447|tester1449|tester1452|tester1454|tester1463|tester1468|tester1470|tester1471|tester1472|tester577|tester579|tester580|tester582|tester583|tester585|tester586|tester589|tester591|tester594|tester595|tester596|tester597|tester598|tester599|tester600|tester601|tester603|tester604|tester607|tester609|tester610|tester611|tester612|tester613|tester615|tester616|tester617|tester618|tester619|tester620|tester621|tester622|tester623|tester624|tester625|tester626|tester627|tester628|tester629|tester630|tester631|tester632|tester633|tester635|tester636|tester638|tester639|tester640|tester642|tester643|tester645|tester647|tester649|tester650|tester651|tester652|tester653|tester654|tester655|tester656|tester657|tester658|tester660|tester661|tester662|tester663|tester664|tester665|tester666|tester667|tester668|tester669|tester670|tester671
557,92,UNDEF|tester1051|tester1058|tester1061|tester1063|tester1067|tester1068|tester1447|tester1449|tester1452|tester1454|tester1463|tester1468|tester1470|tester1471|tester1472|tester577|tester579|tester580|tester582|tester583|tester585|tester586|tester589|tester591|tester594|tester595|tester596|tester597|tester598|tester599|tester600|tester601|tester603|tester604|tester607|tester609|tester610|tester611|tester612|tester613|tester615|tester616|tester617|tester618|tester619|tester620|tester621|tester622|tester623|tester624|tester625|tester626|tester627|tester628|tester629|tester630|tester631|tester632|tester633|tester635|tester636|tester638|tester639|tester640|tester642|tester643|tester645|tester647|tester649|tester650|tester651|tester652|tester653|tester654|tester655|tester656|tester657|tester658|tester660|tester661|tester662|tester663|tester664|tester665|tester666|tester667|tester668|tester669|tester670|tester671|tester672
558,92,UNDEF|tester1051|tester1058|tester1061|tester1063|tester1067|tester1068|tester1447|tester1449|tester1452|tester1454|tester1463|tester1470|tester1471|tester1472|tester577|tester579|tester580|tester582|tester583|tester585|tester586|tester589|tester591|tester594|tester595|tester596|tester597|tester598|tester599|tester600|tester601|tester603|tester604|tester607|tester609|tester610|tester611|tester612|tester613|tester615|tester616|tester617|tester618|tester619|tester620|tester621|tester622|tester623|tester624|tester625|tester626|tester627|tester628|tester629|tester630|tester631|tester632|tester633|tester635|tester636|tester638|tester639|tester640|tester642|tester643|tester645|tester647|tester649|tester650|tester651|tester652|tester653|tester654|tester655|tester656|tester657|tester658|tester660|tester661|tester662|tester663|tester664|tester665|tester666|tester667|tester668|tester669|tester670|tester671|tester672|tester673
559,91,UNDEF|tester1051|tester1058|tester1061|tester1063|tester1067|tester1068|tester1447|tester1449|tester1452|tester1463|tester1470|tester1471|tester1472|tester577|tester579|tester580|tester582|tester583|tester585|tester586|tester589|tester591|tester594|tester595|tester596|tester597|tester598|tester599|tester600|tester601|tester603|tester604|tester607|tester609|tester610|tester611|tester612|tester613|tester615|tester616|tester617|tester618|tester619|tester620|tester621|tester622|tester623|tester624|tester625|tester626|tester627|tester628|tester629|tester630|tester631|tester632|tester633|tester635|tester636|tester638|tester639|tester640|tester642|tester643|tester645|tester647|tester649|tester650|tester651|tester652|tester653|tester654|tester655|tester656|tester657|tester658|tester660|tester661|tester662|tester663|tester664|tester665|tester666|tester667|tester668|tester669|tester670|tester671|tester672|tester673
560,91,UNDEF|tester1051|tester1058|tester1061|tester1063|tester1067|tester1068|tester1447|tester1449|tester1452|tester1463|tester1470|tester1471|tester1472|tester577|tester579|tester580|tester582|tester583|tester585|tester586|tester589|tester591|tester594|tester595|tester596|tester597|tester598|tester599|tester600|tester601|tester603|tester604|tester607|tester609|tester610|tester611|tester612|tester613|tester615|tester616|tester617|tester618|tester619|tester620|tester621|tester622|tester623|tester624|tester625|tester626|tester627|tester628|tester629|tester630|tester631|tester632|tester633|tester635|tester636|tester638|tester639|tester640|tester642|tester643|tester645|tester647|tester649|tester650|tester651|tester652|tester653|tester654|tester655|tester656|tester657|tester658|tester660|tester661|tester662|tester663|tester664|tester665|tester666|tester667|tester668|tester669|tester670|tester671|tester672|tester673
561,93,UNDEF|tester1051|tester1058|tester1061|tester1063|tester1067|tester1068|tester1074|tester1447|tester1449|tester1452|tester1463|tester1470|tester1471|tester1472|tester1476|tester577|tester579|tester580|tester582|tester583|tester585|tester586|tester589|tester591|tester594|tester595|tester596|tester597|tester598|tester599|tester600|tester601|tester603|tester604|tester607|tester609|tester610|tester611|tester612|tester613|tester615|tester616|tester617|tester618|tester619|tester620|tester621|tester622|tester623|tester624|tester625|tester626|tester627|tester628|tester629|tester630|tester631|tester632|tester633|tester635|tester636|tester638|tester639|tester640|tester642|tester643|tester645|tester647|tester649|tester650|tester651|tester652|tester653|tester654|tester655|tester656|tester657|tester658|tester660|tester661|tester662|tester663|tester664|tester665|tester666|tester667|tester668|tester669|tester670|tester671|tester672|tester673
562,95,UNDEF|tester1051|tester1058|tester1061|tester1063|tester1067|tester1068|tester1074|tester1075|tester1447|tester1449|tester1452|tester1463|tester1470|tester1471|tester1472|tester1476|tester577|tester579|tester580|tester582|tester583|tester585|tester586|tester589|tester591|tester594|tester595|tester596|tester597|tester598|tester599|tester600|tester601|tester603|tester604|tester607|tester609|tester610|tester611|tester612|tester613|tester615|tester616|tester617|tester618|tester619|tester620|tester621|tester622|tester623|tester624|tester625|tester626|tester627|tester628|tester629|tester630|tester631|tester632|tester633|tester635|tester636|tester638|tester639|tester640|tester642|tester643|tester645|tester647|tester649|tester650|tester651|tester652|tester653|tester654|tester655|tester656|tester657|tester658|tester660|tester661|tester662|tester663|tester664|tester665|tester666|tester667|tester668|tester669|tester670|tester671|tester672|tester673|tester674
563,96,UNDEF|tester1051|tester1058|tester1061|tester1063|tester1067|tester1068|tester1074|tester1075|tester1447|tester1449|tester1452|tester1463|tester1470|tester1471|tester1472|tester1475|tester1476|tester577|tester579|tester580|tester582|tester583|tester585|tester586|tester589|tester591|tester594|tester595|tester596|tester597|tester598|tester599|tester600|tester601|tester603|tester604|tester607|tester609|tester610|tester611|tester612|tester613|tester615|tester616|tester617|tester618|tester619|tester620|tester621|tester622|tester623|tester624|tester625|tester626|tester627|tester628|tester629|tester630|tester631|tester632|tester633|tester635|tester636|tester638|tester639|tester640|tester642|tester643|tester645|tester647|tester649|tester650|tester651|tester652|tester653|tester654|tester655|tester656|tester657|tester658|tester660|tester661|tester662|tester663|tester664|tester665|tester666|tester667|tester668|tester669|tester670|tester671|tester672|tester673|tester674
564,96,UNDEF|tester1051|tester1058|tester1061|tester1063|tester1067|tester1068|tester1074|tester1075|tester1447|tester1449|tester1452|tester1463|tester1470|tester1471|tester1472|tester1475|tester1476|tester577|tester579|tester580|tester582|tester583|tester585|tester586|tester589|tester591|tester594|tester595|tester596|tester597|tester598|tester599|tester600|tester601|tester603|tester604|tester607|tester609|tester610|tester611|tester612|tester613|tester615|tester616|tester617|tester618|tester619|tester620|tester621|tester622|tester623|tester624|tester625|tester626|tester627|tester628|tester629|tester630|tester631|tester632|tester633|tester635|tester636|tester638|tester639|tester640|tester642|tester643|tester645|tester647|tester649|tester650|tester651|tester652|tester653|tester654|tester655|tester656|tester657|tester658|tester660|tester661|tester662|tester663|tester664|tester665|tester666|tester667|tester668|tester669|tester670|tester671|tester672|tester673|tester674
565,97,UNDEF|tester1051|tester1058|tester1061|tester1063|tester1067|tester1068|tester1074|tester1075|tester1076|tester1447|tester1449|tester1452|tester1463|tester1470|tester1471|tester1472|tester1475|tester1476|tester577|tester579|tester580|tester582|tester583|tester585|tester586|tester589|tester591|tester594|tester595|tester596|tester597|tester598|tester599|tester600|tester601|tester603|tester604|tester607|tester609|tester610|tester611|tester612|tester613|tester615|tester616|tester617|tester618|tester619|tester620|tester621|tester622|tester623|tester624|tester625|tester626|tester627|tester628|tester629|tester630|tester631|tester632|tester633|tester635|tester636|tester638|tester639|tester640|tester642|tester643|tester645|tester647|tester649|tester650|tester651|tester652|tester653|tester654|tester655|tester656|tester657|tester658|tester660|tester661|tester662|tester663|tester664|tester665|tester666|tester667|tester668|tester669|tester670|tester671|tester672|tester673|tester674
566,98,UNDEF|tester1051|tester1058|tester1061|tester1063|tester1067|tester1068|tester1074|tester1075|tester1076|tester1447|tester1449|tester1452|tester1463|tester1470|tester1471|tester1472|tester1475|tester1476|tester577|tester579|tester580|tester582|tester583|tester585|tester586|tester589|tester591|tester594|tester595|tester596|tester597|tester598|tester599|tester600|tester601|tester603|tester604|tester607|tester609|tester610|tester611|tester612|tester613|tester615|tester616|tester617|tester618|tester619|tester620|tester621|tester622|tester623|tester624|tester625|tester626|tester627|tester628|tester629|tester630|tester631|tester632|tester633|tester635|tester636|tester638|tester639|tester640|tester642|tester643|tester645|tester647|tester649|tester650|tester651|tester652|tester653|tester654|tester655|tester656|tester657|tester658|tester660|tester661|tester662|tester663|tester664|tester665|tester666|tester667|tester668|tester669|tester670|tester671|tester672|tester673|tester674|tester677
567,98,UNDEF|tester1051|tester1058|tester1061|tester1063|tester1067|tester1068|tester1074|tester1075|tester1076|tester1447|tester1449|tester1452|tester1463|tester1470|tester1471|tester1472|tester1475|tester1476|tester577|tester579|tester580|tester582|tester583|tester585|tester586|tester589|tester591|tester594|tester595|tester596|tester597|tester598|tester599|tester600|tester601|tester603|tester604|tester607|tester609|tester610|tester611|tester612|tester613|tester615|tester616|tester617|tester618|tester619|tester620|tester621|tester622|tester623|tester624|tester625|tester626|tester627|tester628|tester629|tester630|tester631|tester632|tester633|tester635|tester636|tester638|tester639|tester640|tester642|tester643|tester645|tester647|tester649|tester650|tester651|tester652|tester653|tester654|tester655|tester656|tester657|tester658|tester660|tester661|tester662|tester663|tester664|tester665|tester666|tester667|tester668|tester669|tester670|tester671|tester672|tester673|tester674|tester677
568,99,UNDEF|tester1051|tester1058|tester1061|tester1063|tester1067|tester1068|tester1074|tester1075|tester1076|tester1447|tester1449|tester1452|tester1463|tester1470|tester1471|tester1472|tester1475|tester1476|tester1477|tester577|tester579|tester580|tester582|tester583|tester585|tester586|tester589|tester591|tester594|tester595|tester596|tester597|tester598|tester599|tester600|tester601|tester603|tester604|tester607|tester609|tester610|tester611|tester612|tester613|tester615|tester616|tester617|tester618|tester619|tester620|tester621|tester622|tester623|tester624|tester625|tester626|tester627|tester628|tester629|tester630|tester631|tester632|tester633|tester635|tester636|tester638|tester639|tester640|tester642|tester643|tester645|tester647|tester649|tester650|tester651|tester652|tester653|tester654|tester655|tester656|tester657|tester658|tester660|tester661|tester662|tester663|tester664|tester665|tester666|tester667|tester668|tester669|tester670|tester671|tester672|tester673|tester674|tester677
569,99,UNDEF|tester1051|tester1058|tester1061|tester1062|tester1063|tester1067|tester1068|tester1074|tester1075|tester1076|tester1447|tester1449|tester1463|tester1470|tester1471|tester1472|tester1475|tester1477|tester577|tester579|tester580|tester582|tester583|tester585|tester586|tester589|tester591|tester594|tester595|tester596|tester597|tester598|tester599|tester600|tester601|tester603|tester604|tester607|tester609|tester610|tester611|tester612|tester613|tester615|tester616|tester617|tester618|tester619|tester620|tester621|tester622|tester623|tester624|tester625|tester626|tester627|tester628|tester629|tester630|tester631|tester632|tester633|tester635|tester636|tester638|tester639|tester640|tester642|tester643|tester645|tester647|tester649|tester650|tester651|tester652|tester653|tester654|tester655|tester656|tester657|tester658|tester660|tester661|tester662|tester663|tester664|tester665|tester666|tester667|tester668|tester669|tester670|tester671|tester672|tester673|tester674|tester677|tester679
570,99,UNDEF|tester1051|tester1058|tester1061|tester1062|tester1063|tester1067|tester1068|tester1074|tester1075|tester1076|tester1447|tester1449|tester1463|tester1471|tester1472|tester1475|tester1477|tester577|tester579|tester580|tester582|tester583|tester585|tester586|tester589|tester591|tester594|tester595|tester596|tester597|tester598|tester599|tester600|tester601|tester603|tester604|tester607|tester609|tester610|tester611|tester612|tester613|tester615|tester616|tester617|tester618|tester619|tester620|tester621|tester622|tester623|tester624|tester625|tester626|tester627|tester628|tester629|tester630|tester631|tester632|tester633|tester635|tester636|tester638|tester639|tester640|tester642|tester643|tester645|tester647|tester649|tester650|tester651|tester652|tester653|tester654|tester655|tester656|tester657|tester658|tester660|tester661|tester662|tester663|tester664|tester665|tester666|tester667|tester668|tester669|tester670|tester671|tester672|tester673|tester674|tester677|tester678|tester679
571,99,UNDEF|tester1051|tester1058|tester1061|tester1062|tester1063|tester1067|tester1068|tester1074|tester1075|tester1076|tester1447|tester1449|tester1463|tester1471|tester1472|tester1475|tester1477|tester577|tester579|tester580|tester582|tester583|tester585|tester586|tester589|tester591|tester594|tester595|tester596|tester597|tester598|tester599|tester600|tester601|tester603|tester604|tester607|tester609|tester610|tester611|tester612|tester613|tester615|tester616|tester617|tester618|tester619|tester620|tester621|tester622|tester623|tester624|tester625|tester626|tester627|tester628|tester629|tester630|tester631|tester632|tester633|tester635|tester636|tester638|tester639|tester640|tester642|tester643|tester645|tester647|tester649|tester650|tester651|tester652|tester653|tester654|tester655|tester656|tester657|tester658|tester660|tester661|tester662|tester663|tester664|tester665|tester666|tester667|tester668|tester669|tester670|tester671|tester672|tester673|tester674|tester677|tester678|tester679
572,99,UNDEF|tester1051|tester1058|tester1061|tester1062|tester1063|tester1067|tester1068|tester1074|tester1075|tester1076|tester1447|tester1449|tester1463|tester1471|tester1472|tester1475|tester1477|tester577|tester579|tester580|tester582|tester583|tester585|tester586|tester589|tester591|tester594|tester595|tester596|tester597|tester598|tester599|tester600|tester601|tester603|tester604|tester607|tester609|tester610|tester611|tester612|tester613|tester615|tester616|tester617|tester618|tester619|tester620|tester621|tester622|tester623|tester624|tester625|tester626|tester627|tester628|tester629|tester630|tester631|tester632|tester633|tester635|tester636|tester638|tester639|tester640|tester642|tester643|tester645|tester647|tester649|tester650|tester651|tester652|tester653|tester654|tester655|tester656|tester657|tester658|tester660|tester661|tester662|tester663|tester664|tester665|tester666|tester667|tester668|tester669|tester670|tester671|tester672|tester673|tester674|tester677|tester678|tester679
573,99,UNDEF|tester1051|tester1058|tester1061|tester1062|tester1063|tester1067|tester1068|tester1074|tester1075|tester1076|tester1447|tester1449|tester1463|tester1471|tester1472|tester1475|tester1477|tester577|tester579|tester580|tester582|tester583|tester585|tester586|tester589|tester591|tester594|tester595|tester596|tester597|tester598|tester599|tester600|tester601|tester603|tester604|tester607|tester609|tester610|tester611|tester612|tester613|tester615|tester616|tester617|tester618|tester619|tester620|tester621|tester622|tester623|tester624|tester625|tester626|tester627|tester628|tester629|tester630|tester631|tester632|tester633|tester635|tester636|tester638|tester639|tester640|tester642|tester643|tester645|tester647|tester649|tester650|tester651|tester652|tester653|tester654|tester655|tester656|tester657|tester658|tester660|tester661|tester662|tester663|tester664|tester665|tester666|tester667|tester668|tester669|tester670|tester671|tester672|tester673|tester674|tester677|tester678|tester679
574,99,UNDEF|tester1051|tester1058|tester1061|tester1062|tester1063|tester1067|tester1068|tester1074|tester1075|tester1076|tester1447|tester1449|tester1463|tester1471|tester1472|tester1475|tester1477|tester577|tester579|tester580|tester582|tester583|tester585|tester586|tester589|tester591|tester594|tester595|tester596|tester597|tester598|tester599|tester600|tester601|tester603|tester604|tester607|tester609|tester610|tester611|tester612|tester613|tester615|tester616|tester617|tester618|tester619|tester620|tester621|tester622|tester623|tester624|tester625|tester626|tester627|tester628|tester629|tester630|tester631|tester632|tester633|tester635|tester636|tester638|tester639|tester640|tester642|tester643|tester645|tester647|tester649|tester650|tester651|tester652|tester653|tester654|tester655|tester656|tester657|tester658|tester660|tester661|tester662|tester663|tester664|tester665|tester666|tester667|tester668|tester669|tester670|tester671|tester672|tester673|tester674|tester677|tester678|tester679
575,98,UNDEF|tester1051|tester1058|tester1061|tester1062|tester1063|tester1067|tester1068|tester1074|tester1076|tester1447|tester1449|tester1463|tester1471|tester1472|tester1475|tester1477|tester577|tester579|tester580|tester582|tester583|tester585|tester586|tester589|tester591|tester594|tester595|tester596|tester597|tester598|tester599|tester600|tester601|tester603|tester604|tester607|tester609|tester610|tester611|tester612|tester613|tester615|tester616|tester617|tester618|tester619|tester620|tester621|tester622|tester623|tester624|tester625|tester626|tester627|tester628|tester629|tester630|tester631|tester632|tester633|tester635|tester636|tester638|tester639|tester640|tester642|tester643|tester645|tester647|tester649|tester650|tester651|tester652|tester653|tester654|tester655|tester656|tester657|tester658|tester660|tester661|tester662|tester663|tester664|tester665|tester666|tester667|tester668|tester669|tester670|tester671|tester672|tester673|tester674|tester677|tester678|tester679
576,99,UNDEF|tester1051|tester1058|tester1061|tester1062|tester1063|tester1067|tester1068|tester1074|tester1076|tester1447|tester1449|tester1463|tester1471|tester1472|tester1475|tester1477|tester577|tester579|tester580|tester582|tester583|tester585|tester586|tester589|tester591|tester594|tester595|tester596|tester597|tester598|tester599|tester600|tester601|tester603|tester604|tester607|tester609|tester610|tester611|tester612|tester613|tester615|tester616|tester617|tester618|tester619|tester620|tester621|tester622|tester623|tester624|tester625|tester626|tester627|tester628|tester629|tester630|tester631|tester632|tester633|tester635|tester636|tester638|tester639|tester640|tester642|tester643|tester645|tester647|tester649|tester650|tester651|tester652|tester653|tester654|tester655|tester656|tester657|tester658|tester660|tester661|tester662|tester663|tester664|tester665|tester666|tester667|tester668|tester669|tester670|tester671|tester672|tester673|tester674|tester677|tester678|tester679|tester681
577,99,UNDEF|tester1051|tester1058|tester1061|tester1062|tester1063|tester1067|tester1068|tester1074|tester1076|tester1447|tester1449|tester1463|tester1471|tester1472|tester1475|tester1477|tester577|tester579|tester580|tester582|tester583|tester585|tester586|tester589|tester591|tester594|tester595|tester596|tester597|tester598|tester599|tester600|tester601|tester603|tester604|tester607|tester609|tester610|tester611|tester612|tester613|tester615|tester616|tester617|tester618|tester619|tester620|tester621|tester622|tester623|tester624|tester625|tester626|tester627|tester628|tester629|tester630|tester631|tester632|tester633|tester635|tester636|tester638|tester639|tester640|tester642|tester643|tester645|tester647|tester649|tester650|tester651|tester652|tester653|tester654|tester655|tester656|tester657|tester658|tester660|tester661|tester662|tester663|tester664|tester665|tester666|tester667|tester668|tester669|tester670|tester671|tester672|tester673|tester674|tester677|tester678|tester679|tester681
578,100,UNDEF|tester1051|tester1058|tester1061|tester1062|tester1063|tester1067|tester1068|tester1074|tester1076|tester1447|tester1449|tester1463|tester1471|tester1472|tester1475|tester1477|tester577|tester579|tester580|tester582|tester583|tester585|tester586|tester589|tester591|tester594|tester595|tester596|tester597|tester598|tester599|tester600|tester601|tester603|tester604|tester607|tester609|tester610|tester611|tester612|tester613|tester615|tester616|tester617|tester618|tester619|tester620|tester621|tester622|tester623|tester624|tester625|tester626|tester627|tester628|tester629|tester630|tester631|tester632|tester633|tester635|tester636|tester638|tester639|tester640|tester642|tester643|tester645|tester647|tester649|tester650|tester651|tester652|tester653|tester654|tester655|tester656|tester657|tester658|tester660|tester661|tester662|tester663|tester664|tester665|tester666|tester667|tester668|tester669|tester670|tester671|tester672|tester673|tester674|tester677|tester678|tester679|tester680|tester681
579,101,UNDEF|tester1051|tester1058|tester1061|tester1062|tester1063|tester1067|tester1068|tester1074|tester1076|tester1447|tester1449|tester1463|tester1471|tester1472|tester1477|tester577|tester579|tester580|tester582|tester583|tester585|tester586|tester589|tester591|tester594|tester595|tester596|tester597|tester598|tester599|tester600|tester601|tester603|tester604|tester607|tester609|tester610|tester611|tester612|tester613|tester615|tester616|tester617|tester618|tester619|tester620|tester621|tester622|tester623|tester624|tester625|tester626|tester627|tester628|tester629|tester630|tester631|tester632|tester633|tester635|tester636|tester638|tester639|tester640|tester642|tester643|tester645|tester647|tester649|tester650|tester651|tester652|tester653|tester654|tester655|tester656|tester657|tester658|tester660|tester661|tester662|tester663|tester664|tester665|tester666|tester667|tester668|tester669|tester670|tester671|tester672|tester673|tester674|tester677|tester678|tester679|tester680|tester681|tester682|tester683
580,102,UNDEF|tester1051|tester1058|tester1061|tester1062|tester1063|tester1067|tester1068|tester1074|tester1076|tester1447|tester1449|tester1463|tester1471|tester1472|tester1477|tester284|tester285|tester577|tester579|tester580|tester582|tester583|tester585|tester586|tester589|tester591|tester594|tester595|tester596|tester597|tester598|tester599|tester600|tester601|tester603|tester604|tester607|tester609|tester610|tester611|tester612|tester613|tester615|tester616|tester617|tester618|tester619|tester620|tester621|tester622|tester623|tester624|tester625|tester626|tester627|tester628|tester629|tester630|tester631|tester632|tester633|tester635|tester636|tester638|tester639|tester640|tester642|tester643|tester645|tester647|tester649|tester650|tester651|tester652|tester653|tester654|tester655|tester656|tester657|tester658|tester660|tester661|tester662|tester663|tester664|tester665|tester666|tester667|tester668|tester669|tester670|tester671|tester672|tester673|tester674|tester677|tester678|tester679|tester680|tester682|tester683
581,103,UNDEF|tester1051|tester1058|tester1061|tester1062|tester1063|tester1067|tester1068|tester1074|tester1076|tester1447|tester1449|tester1463|tester1471|tester1472|tester1477|tester284|tester285|tester577|tester579|tester580|tester582|tester583|tester585|tester586|tester589|tester591|tester594|tester595|tester596|tester597|tester598|tester599|tester600|tester601|tester603|tester604|tester607|tester609|tester610|tester611|tester612|tester613|tester615|tester616|tester617|tester618|tester619|tester620|tester621|tester622|tester623|tester624|tester625|tester626|tester627|tester628|tester629|tester630|tester631|tester632|tester633|tester635|tester636|tester638|tester639|tester640|tester642|tester643|tester645|tester647|tester649|tester650|tester651|tester652|tester653|tester654|tester655|tester656|tester657|tester658|tester660|tester661|tester662|tester663|tester664|tester665|tester666|tester667|tester668|tester669|tester670|tester671|tester672|tester673|tester674|tester677|tester678|tester679|tester680|tester682|tester683|tester684
582,104,UNDEF|tester1051|tester1058|tester1061|tester1062|tester1063|tester1067|tester1068|tester1074|tester1076|tester1447|tester1449|tester1463|tester1471|tester1472|tester1477|tester1482|tester284|tester285|tester577|tester579|tester580|tester582|tester583|tester585|tester586|tester589|tester591|tester594|tester595|tester596|tester597|tester598|tester599|tester600|tester601|tester603|tester604|tester607|tester609|tester610|tester611|tester612|tester613|tester615|tester616|tester617|tester618|tester619|tester620|tester621|tester622|tester623|tester624|tester625|tester626|tester627|tester628|tester629|tester630|tester631|tester632|tester633|tester635|tester636|tester638|tester639|tester640|tester642|tester643|tester645|tester647|tester649|tester650|tester651|tester652|tester653|tester654|tester655|tester656|tester657|tester658|tester660|tester661|tester662|tester663|tester664|tester665|tester666|tester667|tester668|tester669|tester670|tester671|tester672|tester673|tester674|tester677|tester678|tester679|tester680|tester682|tester683|tester684
583,108,UNDEF|tester1051|tester1058|tester1061|tester1062|tester1063|tester1067|tester1068|tester1074|tester1076|tester1081|tester1085|tester1447|tester1449|tester1463|tester1471|tester1472|tester1477|tester1482|tester1484|tester284|tester285|tester287|tester577|tester579|tester580|tester582|tester583|tester585|tester586|tester589|tester591|tester594|tester595|tester596|tester597|tester598|tester599|tester600|tester601|tester603|tester604|tester607|tester609|tester610|tester611|tester612|tester613|tester615|tester616|tester617|tester618|tester619|tester620|tester621|tester622|tester623|tester624|tester625|tester626|tester627|tester628|tester629|tester630|tester631|tester632|tester633|tester635|tester636|tester638|tester639|tester640|tester642|tester643|tester645|tester647|tester649|tester650|tester651|tester652|tester653|tester654|tester655|tester656|tester657|tester658|tester660|tester661|tester662|tester663|tester664|tester665|tester666|tester667|tester668|tester669|tester670|tester671|tester672|tester673|tester674|tester677|tester678|tester679|tester680|tester682|tester683|tester684
584,108,UNDEF|tester1051|tester1058|tester1061|tester1062|tester1063|tester1067|tester1068|tester1074|tester1081|tester1085|tester1447|tester1449|tester1463|tester1471|tester1472|tester1477|tester1482|tester1484|tester284|tester286|tester287|tester289|tester577|tester579|tester580|tester582|tester583|tester585|tester586|tester589|tester591|tester594|tester595|tester596|tester597|tester598|tester599|tester600|tester601|tester603|tester604|tester607|tester609|tester610|tester611|tester612|tester613|tester615|tester616|tester617|tester618|tester619|tester620|tester621|tester622|tester623|tester624|tester625|tester626|tester627|tester628|tester629|tester630|tester631|tester632|tester633|tester635|tester636|tester638|tester639|tester640|tester642|tester643|tester645|tester647|tester649|tester650|tester651|tester652|tester653|tester654|tester655|tester656|tester657|tester658|tester660|tester661|tester662|tester663|tester664|tester665|tester666|tester667|tester668|tester669|tester670|tester671|tester672|tester673|tester674|tester677|tester678|tester679|tester680|tester682|tester683|tester684
585,109,UNDEF|tester1051|tester1058|tester1061|tester1062|tester1063|tester1067|tester1068|tester1074|tester1081|tester1083|tester1085|tester1447|tester1449|tester1463|tester1471|tester1472|tester1477|tester1482|tester1484|tester284|tester286|tester287|tester289|tester577|tester579|tester580|tester582|tester583|tester585|tester586|tester589|tester591|tester594|tester595|tester596|tester597|tester598|tester599|tester600|tester601|tester603|tester604|tester607|tester609|tester610|tester611|tester612|tester613|tester615|tester616|tester617|tester618|tester619|tester620|tester621|tester622|tester623|tester624|tester625|tester626|tester627|tester628|tester629|tester630|tester631|tester632|tester633|tester635|tester636|tester638|tester639|tester640|tester642|tester643|tester645|tester647|tester649|tester650|tester651|tester652|tester653|tester654|tester655|tester656|tester657|tester658|tester660|tester661|tester662|tester663|tester664|tester665|tester666|tester667|tester668|tester669|tester670|tester671|tester672|tester673|tester674|tester677|tester678|tester679|tester680|tester682|tester683|tester684
586,108,UNDEF|tester1051|tester1058|tester1061|tester1062|tester1063|tester1067|tester1068|tester1074|tester1081|tester1083|tester1085|tester1447|tester1449|tester1463|tester1471|tester1472|tester1477|tester1484|tester284|tester286|tester287|tester289|tester577|tester579|tester580|tester582|tester583|tester585|tester586|tester589|tester591|tester594|tester595|tester596|tester597|tester598|tester599|tester600|tester601|tester603|tester604|tester607|tester609|tester610|tester611|tester612|tester613|tester615|tester616|tester617|tester618|tester619|tester620|tester621|tester622|tester623|tester624|tester625|tester626|tester627|tester628|tester629|tester630|tester631|tester632|tester633|tester635|tester636|tester638|tester639|tester640|tester642|tester643|tester645|tester647|tester649|tester650|tester651|tester652|tester653|tester654|tester655|tester656|tester657|tester658|tester660|tester661|tester662|tester663|tester664|tester665|tester666|tester667|tester668|tester669|tester670|tester671|tester672|tester673|tester674|tester677|tester678|tester679|tester680|tester682|tester683|tester684
587,108,UNDEF|tester1051|tester1058|tester1061|tester1062|tester1063|tester1067|tester1068|tester1074|tester1081|tester1083|tester1085|tester1447|tester1449|tester1463|tester1471|tester1472|tester1477|tester1484|tester286|tester287|tester289|tester577|tester579|tester580|tester582|tester583|tester585|tester586|tester589|tester591|tester594|tester595|tester596|tester597|tester598|tester599|tester600|tester601|tester603|tester604|tester607|tester609|tester610|tester611|tester612|tester613|tester615|tester616|tester617|tester618|tester619|tester620|tester621|tester622|tester623|tester624|tester625|tester626|tester627|tester628|tester629|tester630|tester631|tester632|tester633|tester635|tester636|tester638|tester639|tester640|tester642|tester643|tester645|tester647|tester649|tester650|tester651|tester652|tester653|tester654|tester655|tester656|tester657|tester658|tester660|tester661|tester662|tester663|tester664|tester665|tester666|tester667|tester668|tester669|tester670|tester671|tester672|tester673|tester674|tester677|tester678|tester679|tester680|tester682|tester683|tester684|tester686
588,108,UNDEF|tester1051|tester1058|tester1061|tester1062|tester1063|tester1067|tester1068|tester1074|tester1081|tester1083|tester1085|tester1447|tester1449|tester1463|tester1471|tester1472|tester1477|tester1484|tester286|tester287|tester289|tester577|tester579|tester580|tester582|tester583|tester585|tester586|tester589|tester591|tester594|tester595|tester596|tester597|tester598|tester599|tester600|tester601|tester603|tester604|tester607|tester609|tester610|tester611|tester612|tester613|tester615|tester616|tester617|tester618|tester619|tester620|tester621|tester622|tester623|tester624|tester625|tester626|tester627|tester628|tester629|tester630|tester631|tester632|tester633|tester635|tester636|tester638|tester639|tester640|tester642|tester643|tester645|tester647|tester649|tester650|tester651|tester652|tester653|tester654|tester655|tester656|tester657|tester658|tester660|tester661|tester662|tester663|tester664|tester665|tester666|tester667|tester668|tester669|tester670|tester671|tester672|tester673|tester674|tester677|tester678|tester679|tester680|tester682|tester683|tester684|tester686
589,109,UNDEF|tester1051|tester1058|tester1061|tester1062|tester1063|tester1067|tester1068|tester1074|tester1081|tester1083|tester1085|tester1447|tester1449|tester1463|tester1471|tester1472|tester1477|tester1484|tester1485|tester286|tester287|tester577|tester579|tester580|tester582|tester583|tester585|tester586|tester589|tester591|tester594|tester595|tester596|tester597|tester598|tester599|tester600|tester601|tester603|tester604|tester607|tester609|tester610|tester611|tester612|tester613|tester615|tester616|tester617|tester618|tester619|tester620|tester621|tester622|tester623|tester624|tester625|tester626|tester627|tester628|tester629|tester630|tester631|tester632|tester633|tester635|tester636|tester638|tester639|tester640|tester642|tester643|tester645|tester647|tester649|tester650|tester651|tester652|tester653|tester654|tester655|tester656|tester657|tester658|tester660|tester661|tester662|tester663|tester664|tester665|tester666|tester667|tester668|tester669|tester670|tester671|tester672|tester673|tester674|tester677|tester678|tester679|tester680|tester682|tester683|tester684|tester685|tester686
590,107,UNDEF|tester1051|tester1058|tester1061|tester1062|tester1063|tester1067|tester1068|tester1074|tester1081|tester1083|tester1085|tester1447|tester1449|tester1463|tester1471|tester1472|tester1484|tester1485|tester286|tester577|tester579|tester580|tester582|tester583|tester585|tester586|tester589|tester591|tester594|tester595|tester596|tester597|tester598|tester599|tester600|tester601|tester603|tester604|tester607|tester609|tester610|tester611|tester612|tester613|tester615|tester616|tester617|tester618|tester619|tester620|tester621|tester622|tester623|tester624|tester625|tester626|tester627|tester628|tester629|tester630|tester631|tester632|tester633|tester635|tester636|tester638|tester639|tester640|tester642|tester643|tester645|tester647|tester649|tester650|tester651|tester652|tester653|tester654|tester655|tester656|tester657|tester658|tester660|tester661|tester662|tester663|tester664|tester665|tester666|tester667|tester668|tester669|tester670|tester671|tester672|tester673|tester674|tester677|tester678|tester679|tester680|tester682|tester683|tester684|tester685|tester686
591,107,UNDEF|tester1051|tester1058|tester1061|tester1062|tester1063|tester1067|tester1068|tester1074|tester1081|tester1083|tester1085|tester1447|tester1449|tester1463|tester1471|tester1472|tester1484|tester1485|tester1489|tester577|tester579|tester580|tester582|tester583|tester585|tester586|tester589|tester591|tester594|tester595|tester596|tester597|tester598|tester599|tester600|tester601|tester603|tester604|tester607|tester609|tester610|tester611|tester612|tester613|tester615|tester616|tester617|tester618|tester619|tester620|tester621|tester622|tester623|tester624|tester625|tester626|tester627|tester628|tester629|tester630|tester631|tester632|tester633|tester635|tester636|tester638|tester639|tester640|tester642|tester643|tester645|tester647|tester649|tester650|tester651|tester652|tester653|tester654|tester655|tester656|tester657|tester658|tester660|tester661|tester662|tester663|tester664|tester665|tester666|tester667|tester668|tester669|tester670|tester671|tester672|tester673|tester674|tester677|tester678|tester679|tester680|tester682|tester683|tester684|tester685|tester686
592,106,UNDEF|tester1051|tester1058|tester1061|tester1062|tester1063|tester1067|tester1068|tester1074|tester1081|tester1083|tester1085|tester1447|tester1449|tester1463|tester1471|tester1472|tester1484|tester1485|tester1489|tester577|tester579|tester580|tester582|tester583|tester585|tester586|tester589|tester591|tester594|tester595|tester596|tester597|tester598|tester599|tester600|tester601|tester603|tester604|tester607|tester609|tester610|tester611|tester612|tester613|tester615|tester616|tester617|tester618|tester619|tester620|tester621|tester622|tester623|tester624|tester625|tester626|tester627|tester628|tester629|tester630|tester631|tester632|tester633|tester635|tester636|tester638|tester639|tester640|tester642|tester643|tester645|tester647|tester649|tester650|tester651|tester652|tester653|tester654|tester655|tester656|tester657|tester658|tester660|tester661|tester662|tester663|tester664|tester665|tester666|tester668|tester669|tester670|tester671|tester672|tester673|tester674|tester677|tester678|tester679|tester680|tester682|tester683|tester684|tester685|tester686
593,106,UNDEF|tester1051|tester1061|tester1062|tester1063|tester1067|tester1068|tester1074|tester1081|tester1083|tester1085|tester1090|tester1447|tester1449|tester1463|tester1471|tester1472|tester1484|tester1485|tester1489|tester577|tester579|tester580|tester582|tester583|tester585|tester586|tester589|tester591|tester594|tester595|tester596|tester597|tester598|tester599|tester600|tester601|tester603|tester604|tester607|tester609|tester610|tester611|tester612|tester613|tester615|tester616|tester617|tester618|tester619|tester620|tester621|tester622|tester623|tester624|tester625|tester626|tester627|tester628|tester629|tester630|tester631|tester632|tester633|tester635|tester636|tester638|tester639|tester640|tester642|tester643|tester645|tester647|tester649|tester650|tester651|tester652|tester653|tester654|tester655|tester656|tester657|tester658|tester660|tester661|tester662|tester663|tester664|tester665|tester666|tester668|tester669|tester670|tester671|tester672|tester673|tester674|tester677|tester678|tester679|tester680|tester682|tester683|tester684|tester685|tester686
594,106,UNDEF|tester1051|tester1061|tester1062|tester1063|tester1067|tester1068|tester1074|tester1081|tester1083|tester1085|tester1090|tester1447|tester1449|tester1463|tester1471|tester1472|tester1484|tester1485|tester1489|tester577|tester579|tester580|tester582|tester583|tester585|tester586|tester589|tester591|tester594|tester595|tester596|tester597|tester598|tester599|tester600|tester601|tester603|tester604|tester607|tester609|tester610|tester611|tester612|tester613|tester615|tester616|tester617|tester618|tester619|tester620|tester621|tester622|tester623|tester624|tester625|tester626|tester627|tester628|tester629|tester630|tester631|tester632|tester633|tester635|tester636|tester638|tester639|tester640|tester642|tester643|tester645|tester647|tester649|tester650|tester651|tester652|tester653|tester654|tester655|tester656|tester657|tester658|tester660|tester661|tester662|tester663|tester664|tester665|tester666|tester668|tester669|tester670|tester671|tester672|tester673|tester674|tester677|tester678|tester679|tester680|tester682|tester683|tester684|tester685|tester686
595,106,UNDEF|tester1051|tester1061|tester1062|tester1063|tester1067|tester1068|tester1074|tester1081|tester1083|tester1085|tester1090|tester1447|tester1449|tester1463|tester1471|tester1472|tester1484|tester1485|tester1489|tester577|tester579|tester580|tester582|tester583|tester585|tester586|tester589|tester591|tester594|tester595|tester596|tester597|tester598|tester599|tester600|tester601|tester603|tester604|tester607|tester609|tester610|tester611|tester612|tester613|tester615|tester616|tester617|tester618|tester619|tester620|tester621|tester622|tester623|tester624|tester625|tester626|tester627|tester628|tester629|tester630|tester631|tester632|tester633|tester635|tester636|tester638|tester639|tester640|tester642|tester643|tester645|tester647|tester649|tester650|tester651|tester652|tester653|tester654|tester655|tester656|tester657|tester658|tester660|tester661|tester662|tester663|tester664|tester665|tester666|tester668|tester669|tester670|tester671|tester672|tester673|tester674|tester677|tester678|tester679|tester680|tester682|tester683|tester684|tester685|tester686
596,107,UNDEF|tester1051|tester1061|tester1062|tester1063|tester1067|tester1068|tester1074|tester1081|tester1083|tester1085|tester1090|tester1447|tester1449|tester1463|tester1471|tester1472|tester1484|tester1485|tester1489|tester577|tester579|tester580|tester582|tester583|tester585|tester586|tester589|tester591|tester594|tester595|tester596|tester597|tester598|tester599|tester600|tester601|tester603|tester604|tester607|tester609|tester610|tester611|tester612|tester613|tester615|tester616|tester617|tester618|tester619|tester620|tester621|tester622|tester623|tester624|tester625|tester626|tester627|tester628|tester629|tester630|tester631|tester632|tester633|tester635|tester636|tester638|tester639|tester640|tester642|tester643|tester645|tester647|tester649|tester650|tester651|tester652|tester653|tester654|tester655|tester656|tester657|tester658|tester660|tester661|tester662|tester663|tester664|tester665|tester666|tester668|tester669|tester670|tester671|tester672|tester673|tester674|tester677|tester678|tester679|tester680|tester682|tester683|tester684|tester685|tester686|tester691
597,107,UNDEF|tester1051|tester1061|tester1062|tester1063|tester1067|tester1068|tester1074|tester1081|tester1083|tester1085|tester1090|tester1447|tester1449|tester1463|tester1471|tester1472|tester1484|tester1485|tester1489|tester577|tester579|tester580|tester582|tester583|tester585|tester586|tester589|tester591|tester594|tester595|tester596|tester597|tester598|tester599|tester600|tester601|tester603|tester604|tester607|tester609|tester610|tester611|tester612|tester613|tester615|tester616|tester617|tester618|tester619|tester620|tester621|tester622|tester623|tester624|tester625|tester626|tester627|tester628|tester629|tester630|tester631|tester632|tester633|tester635|tester636|tester638|tester639|tester640|tester642|tester643|tester645|tester647|tester649|tester650|tester651|tester652|tester653|tester654|tester655|tester656|tester657|tester658|tester660|tester661|tester662|tester663|tester664|tester665|tester666|tester668|tester669|tester670|tester671|tester672|tester673|tester674|tester677|tester678|tester679|tester680|tester682|tester683|tester684|tester685|tester686|tester691
598,110,UNDEF|tester1051|tester1061|tester1062|tester1063|tester1067|tester1068|tester1074|tester1081|tester1083|tester1085|tester1090|tester1092|tester1093|tester1447|tester1449|tester1463|tester1471|tester1472|tester1484|tester1485|tester1489|tester577|tester579|tester580|tester582|tester583|tester585|tester586|tester589|tester591|tester594|tester595|tester596|tester597|tester598|tester599|tester600|tester601|tester603|tester604|tester607|tester609|tester610|tester611|tester612|tester613|tester615|tester616|tester617|tester618|tester619|tester620|tester621|tester622|tester623|tester624|tester625|tester626|tester627|tester628|tester629|tester630|tester631|tester632|tester633|tester635|tester636|tester638|tester639|tester640|tester642|tester643|tester645|tester647|tester649|tester650|tester651|tester652|tester653|tester654|tester655|tester656|tester657|tester658|tester660|tester661|tester662|tester663|tester664|tester665|tester666|tester668|tester669|tester670|tester671|tester672|tester673|tester674|tester677|tester678|tester679|tester680|tester682|tester683|tester684|tester685|tester686|tester689|tester691
599,110,UNDEF|tester1051|tester1061|tester1062|tester1063|tester1067|tester1068|tester1074|tester1081|tester1083|tester1085|tester1090|tester1092|tester1093|tester1447|tester1463|tester1471|tester1472|tester1484|tester1485|tester1489|tester577|tester579|tester580|tester582|tester583|tester585|tester586|tester589|tester591|tester594|tester595|tester596|tester597|tester598|tester599|tester600|tester601|tester603|tester604|tester607|tester609|tester610|tester611|tester612|tester613|tester615|tester616|tester617|tester618|tester619|tester620|tester621|tester622|tester623|tester624|tester625|tester626|tester627|tester628|tester629|tester630|tester631|tester632|tester633|tester635|tester636|tester638|tester639|tester640|tester642|tester643|tester645|tester647|tester649|tester650|tester651|tester652|tester653|tester654|tester655|tester656|tester657|tester658|tester660|tester661|tester662|tester663|tester664|tester665|tester666|tester668|tester669|tester670|tester671|tester672|tester673|tester674|tester677|tester678|tester679|tester680|tester682|tester683|tester684|tester685|tester686|tester689|tester690|tester691
600,110,UNDEF|tester1051|tester1061|tester1062|tester1063|tester1067|tester1068|tester1074|tester1081|tester1083|tester1085|tester1090|tester1092|tester1093|tester1447|tester1463|tester1471|tester1472|tester1484|tester1485|tester1489|tester577|tester579|tester580|tester582|tester583|tester585|tester586|tester589|tester591|tester594|tester595|tester596|tester597|tester598|tester599|tester600|tester601|tester603|tester604|tester607|tester609|tester610|tester611|tester612|tester613|tester615|tester616|tester617|tester618|tester619|tester620|tester621|tester622|tester623|tester624|tester625|tester626|tester627|tester628|tester629|tester630|tester631|tester632|tester633|tester635|tester636|tester638|tester639|tester640|tester642|tester643|tester645|tester647|tester649|tester650|tester651|tester652|tester653|tester654|tester655|tester656|tester657|tester658|tester660|tester661|tester662|tester663|tester664|tester665|tester666|tester668|tester669|tester670|tester671|tester672|tester673|tester674|tester677|tester678|tester679|tester680|tester682|tester683|tester684|tester685|tester686|tester689|tester690|tester691
601,111,UNDEF|tester1051|tester1061|tester1062|tester1063|tester1067|tester1068|tester1074|tester1081|tester1083|tester1085|tester1090|tester1092|tester1093|tester1447|tester1463|tester1471|tester1472|tester1484|tester1485|tester1489|tester294|tester577|tester579|tester580|tester582|tester583|tester585|tester586|tester589|tester591|tester594|tester595|tester596|tester597|tester598|tester599|tester600|tester601|tester603|tester604|tester607|tester609|tester610|tester611|tester612|tester613|tester615|tester616|tester617|tester618|tester619|tester620|tester621|tester622|tester623|tester624|tester625|tester626|tester627|tester628|tester629|tester630|tester631|tester632|tester633|tester635|tester636|tester638|tester639|tester640|tester642|tester643|tester645|tester647|tester649|tester650|tester651|tester652|tester653|tester654|tester655|tester656|tester657|tester658|tester660|tester661|tester662|tester663|tester664|tester665|tester666|tester668|tester669|tester670|tester671|tester672|tester673|tester674|tester677|tester678|tester679|tester680|tester682|tester683|tester684|tester685|tester686|tester689|tester690|tester691
602,111,UNDEF|tester1051|tester1061|tester1062|tester1063|tester1067|tester1068|tester1074|tester1081|tester1083|tester1085|tester1090|tester1092|tester1093|tester1447|tester1463|tester1471|tester1472|tester1484|tester1485|tester1489|tester294|tester577|tester579|tester580|tester582|tester583|tester585|tester586|tester589|tester591|tester594|tester595|tester596|tester597|tester598|tester599|tester600|tester601|tester603|tester604|tester607|tester609|tester610|tester611|tester612|tester613|tester615|tester616|tester617|tester618|tester619|tester620|tester621|tester622|tester623|tester624|tester625|tester626|tester627|tester628|tester629|tester630|tester631|tester632|tester633|tester635|tester636|tester638|tester639|tester640|tester642|tester643|tester645|tester647|tester649|tester650|tester651|tester652|tester653|tester654|tester655|tester656|tester657|tester658|tester660|tester661|tester662|tester663|tester664|tester665|tester666|tester668|tester669|tester670|tester671|tester672|tester673|tester674|tester677|tester678|tester679|tester680|tester682|tester683|tester684|tester685|tester686|tester689|tester690|tester691
603,113,UNDEF|tester1051|tester1061|tester1062|tester1063|tester1067|tester1068|tester1074|tester1081|tester1083|tester1085|tester1090|tester1092|tester1093|tester1447|tester1463|tester1471|tester1472|tester1484|tester1485|tester1489|tester1494|tester294|tester577|tester579|tester580|tester582|tester583|tester585|tester586|tester589|tester591|tester594|tester595|tester596|tester597|tester598|tester599|tester600|tester601|tester603|tester604|tester607|tester609|tester610|tester611|tester612|tester613|tester615|tester616|tester617|tester618|tester619|tester620|tester621|tester622|tester623|tester624|tester625|tester626|tester627|tester628|tester629|tester630|tester631|tester632|tester633|tester635|tester636|tester638|tester639|tester640|tester642|tester643|tester645|tester647|tester649|tester650|tester651|tester652|tester653|tester654|tester655|tester656|tester657|tester658|tester660|tester661|tester662|tester663|tester664|tester665|tester666|tester668|tester669|tester670|tester671|tester672|tester673|tester674|tester677|tester678|tester679|tester680|tester682|tester683|tester684|tester685|tester686|tester689|tester690|tester691|tester692
604,114,UNDEF|tester1051|tester1061|tester1062|tester1063|tester1067|tester1068|tester1074|tester1081|tester1083|tester1085|tester1090|tester1092|tester1093|tester1447|tester1463|tester1471|tester1472|tester1484|tester1485|tester1489|tester1494|tester294|tester577|tester579|tester580|tester582|tester583|tester585|tester586|tester589|tester591|tester594|tester595|tester596|tester597|tester598|tester599|tester600|tester601|tester603|tester604|tester607|tester609|tester610|tester611|tester612|tester613|tester615|tester616|tester617|tester618|tester619|tester620|tester621|tester622|tester623|tester624|tester625|tester626|tester627|tester628|tester629|tester630|tester631|tester632|tester633|tester635|tester636|tester638|tester639|tester640|tester642|tester643|tester645|tester647|tester649|tester650|tester651|tester652|tester653|tester654|tester655|tester656|tester657|tester658|tester660|tester661|tester662|tester663|tester664|tester665|tester666|tester668|tester669|tester670|tester671|tester672|tester673|tester674|tester677|tester678|tester679|tester680|tester682|tester683|tester684|tester685|tester686|tester689|tester690|tester691|tester692|tester694
605,116,UNDEF|tester1051|tester1061|tester1062|tester1063|tester1067|tester1068|tester1074|tester1081|tester1083|tester1085|tester1090|tester1092|tester1093|tester1094|tester1447|tester1463|tester1471|tester1472|tester1484|tester1485|tester1489|tester1494|tester294|tester577|tester579|tester580|tester582|tester583|tester585|tester586|tester589|tester591|tester594|tester595|tester596|tester597|tester598|tester599|tester600|tester601|tester603|tester604|tester607|tester609|tester610|tester611|tester612|tester613|tester615|tester616|tester617|tester618|tester619|tester620|tester621|tester622|tester623|tester624|tester625|tester626|tester627|tester628|tester629|tester630|tester631|tester632|tester633|tester635|tester636|tester638|tester639|tester640|tester642|tester643|tester645|tester647|tester649|tester650|tester651|tester652|tester653|tester654|tester655|tester656|tester657|tester658|tester660|tester661|tester662|tester663|tester664|tester665|tester666|tester668|tester669|tester670|tester671|tester672|tester673|tester674|tester677|tester678|tester679|tester680|tester682|tester683|tester684|tester685|tester686|tester689|tester690|tester691|tester692|tester694|tester695
606,116,UNDEF|tester1051|tester1061|tester1062|tester1063|tester1067|tester1068|tester1074|tester1081|tester1083|tester1085|tester1090|tester1092|tester1093|tester1094|tester1447|tester1463|tester1471|tester1472|tester1484|tester1485|tester1489|tester1494|tester294|tester577|tester579|tester580|tester582|tester583|tester585|tester586|tester589|tester591|tester594|tester595|tester596|tester597|tester598|tester599|tester600|tester601|tester603|tester604|tester607|tester609|tester610|tester611|tester612|tester613|tester615|tester616|tester617|tester618|tester619|tester620|tester621|tester622|tester623|tester624|tester625|tester626|tester627|tester628|tester629|tester630|tester631|tester632|tester633|tester635|tester636|tester638|tester639|tester640|tester642|tester643|tester645|tester647|tester649|tester650|tester651|tester652|tester653|tester654|tester655|tester656|tester657|tester658|tester660|tester661|tester662|tester663|tester664|tester665|tester666|tester668|tester669|tester670|tester671|tester672|tester673|tester674|tester677|tester678|tester679|tester680|tester682|tester683|tester684|tester685|tester686|tester689|tester690|tester691|tester692|tester694|tester695
607,118,UNDEF|tester1051|tester1061|tester1062|tester1063|tester1067|tester1068|tester1074|tester1081|tester1083|tester1085|tester1090|tester1092|tester1093|tester1094|tester1095|tester1447|tester1463|tester1471|tester1472|tester1484|tester1485|tester1489|tester1494|tester1495|tester294|tester577|tester579|tester580|tester582|tester583|tester585|tester586|tester589|tester591|tester594|tester595|tester596|tester597|tester598|tester599|tester600|tester601|tester603|tester604|tester607|tester609|tester610|tester611|tester612|tester613|tester615|tester616|tester617|tester618|tester619|tester620|tester621|tester622|tester623|tester624|tester625|tester626|tester627|tester628|tester629|tester630|tester631|tester632|tester633|tester635|tester636|tester638|tester639|tester640|tester642|tester643|tester645|tester647|tester649|tester650|tester651|tester652|tester653|tester654|tester655|tester656|tester657|tester658|tester660|tester661|tester662|tester663|tester664|tester665|tester666|tester668|tester669|tester670|tester671|tester672|tester673|tester674|tester677|tester678|tester679|tester680|tester682|tester683|tester684|tester685|tester686|tester689|tester690|tester691|tester692|tester694|tester695
608,120,UNDEF|tester1051|tester1061|tester1062|tester1063|tester1067|tester1068|tester1074|tester1081|tester1083|tester1085|tester1090|tester1092|tester1093|tester1094|tester1095|tester1097|tester1447|tester1463|tester1471|tester1472|tester1484|tester1485|tester1489|tester1494|tester1495|tester1498|tester294|tester577|tester579|tester580|tester582|tester583|tester585|tester586|tester589|tester591|tester594|tester595|tester596|tester597|tester598|tester599|tester600|tester601|tester603|tester604|tester607|tester609|tester610|tester611|tester612|tester613|tester615|tester616|tester617|tester618|tester619|tester620|tester621|tester622|tester623|tester624|tester625|tester626|tester627|tester628|tester629|tester630|tester631|tester632|tester633|tester635|tester636|tester638|tester639|tester640|tester642|tester643|tester645|tester647|tester649|tester650|tester651|tester652|tester653|tester654|tester655|tester656|tester657|tester658|tester660|tester661|tester662|tester663|tester664|tester665|tester666|tester668|tester669|tester670|tester671|tester672|tester673|tester674|tester677|tester678|tester679|tester680|tester682|tester683|tester684|tester685|tester686|tester689|tester690|tester691|tester692|tester694|tester695
609,118,UNDEF|tester1051|tester1061|tester1062|tester1063|tester1068|tester1074|tester1081|tester1083|tester1085|tester1090|tester1092|tester1093|tester1094|tester1095|tester1097|tester1447|tester1463|tester1471|tester1472|tester1484|tester1485|tester1494|tester1495|tester1498|tester577|tester579|tester580|tester582|tester583|tester585|tester586|tester589|tester591|tester594|tester595|tester596|tester597|tester598|tester599|tester600|tester601|tester603|tester604|tester607|tester609|tester610|tester611|tester612|tester613|tester615|tester616|tester617|tester618|tester619|tester620|tester621|tester622|tester623|tester624|tester625|tester626|tester627|tester628|tester629|tester630|tester631|tester632|tester633|tester635|tester636|tester638|tester639|tester640|tester642|tester643|tester645|tester647|tester649|tester650|tester651|tester652|tester653|tester654|tester655|tester656|tester657|tester658|tester660|tester661|tester662|tester663|tester664|tester665|tester666|tester668|tester669|tester670|tester671|tester672|tester673|tester674|tester677|tester678|tester679|tester680|tester682|tester683|tester684|tester685|tester686|tester689|tester690|tester691|tester692|tester694|tester695|tester696
610,119,UNDEF|tester1051|tester1061|tester1062|tester1063|tester1068|tester1074|tester1081|tester1083|tester1085|tester1090|tester1092|tester1093|tester1094|tester1095|tester1096|tester1097|tester1447|tester1463|tester1471|tester1472|tester1484|tester1485|tester1494|tester1495|tester1498|tester577|tester579|tester580|tester582|tester583|tester585|tester586|tester589|tester591|tester594|tester595|tester596|tester597|tester598|tester599|tester600|tester601|tester603|tester604|tester607|tester609|tester610|tester611|tester612|tester613|tester615|tester616|tester617|tester618|tester619|tester620|tester621|tester622|tester623|tester624|tester625|tester626|tester627|tester628|tester629|tester630|tester631|tester632|tester633|tester635|tester636|tester638|tester639|tester640|tester642|tester643|tester645|tester647|tester649|tester650|tester651|tester652|tester653|tester654|tester655|tester656|tester657|tester658|tester660|tester661|tester662|tester663|tester664|tester665|tester666|tester668|tester669|tester670|tester671|tester672|tester673|tester674|tester677|tester678|tester679|tester680|tester682|tester683|tester684|tester685|tester686|tester689|tester690|tester691|tester692|tester694|tester695|tester696
611,118,UNDEF|tester1051|tester1061|tester1062|tester1063|tester1074|tester1081|tester1083|tester1085|tester1090|tester1092|tester1093|tester1094|tester1095|tester1096|tester1097|tester1447|tester1463|tester1471|tester1472|tester1484|tester1485|tester1494|tester1495|tester1498|tester577|tester579|tester580|tester582|tester583|tester585|tester586|tester589|tester591|tester594|tester595|tester596|tester597|tester598|tester599|tester600|tester601|tester603|tester604|tester607|tester609|tester610|tester611|tester612|tester613|tester615|tester616|tester617|tester618|tester619|tester620|tester621|tester622|tester623|tester624|tester625|tester626|tester627|tester628|tester629|tester630|tester631|tester632|tester633|tester635|tester636|tester638|tester639|tester640|tester642|tester643|tester645|tester647|tester649|tester650|tester651|tester652|tester653|tester654|tester655|tester656|tester657|tester658|tester660|tester661|tester662|tester663|tester664|tester665|tester666|tester668|tester669|tester670|tester671|tester672|tester673|tester674|tester677|tester678|tester679|tester680|tester682|tester683|tester684|tester685|tester686|tester689|tester690|tester691|tester692|tester694|tester695|tester696
612,119,UNDEF|tester1051|tester1061|tester1062|tester1063|tester1074|tester1081|tester1083|tester1085|tester1090|tester1092|tester1093|tester1094|tester1095|tester1096|tester1097|tester1447|tester1463|tester1471|tester1472|tester1484|tester1485|tester1494|tester1495|tester1498|tester577|tester579|tester580|tester582|tester583|tester585|tester586|tester589|tester591|tester594|tester595|tester596|tester597|tester598|tester599|tester600|tester601|tester603|tester604|tester607|tester609|tester610|tester611|tester612|tester613|tester615|tester616|tester617|tester618|tester619|tester620|tester621|tester622|tester623|tester624|tester625|tester626|tester627|tester628|tester629|tester630|tester631|tester632|tester633|tester635|tester636|tester638|tester639|tester640|tester642|tester643|tester645|tester647|tester649|tester650|tester651|tester652|tester653|tester654|tester655|tester656|tester657|tester658|tester660|tester661|tester662|tester663|tester664|tester665|tester666|tester668|tester669|tester670|tester671|tester672|tester673|tester674|tester677|tester678|tester679|tester680|tester682|tester683|tester684|tester685|tester686|tester689|tester690|tester691|tester692|tester694|tester695|tester696|tester697
613,121,UNDEF|tester1051|tester1061|tester1062|tester1063|tester1074|tester1081|tester1083|tester1085|tester1090|tester1092|tester1093|tester1094|tester1095|tester1096|tester1097|tester1447|tester1463|tester1471|tester1472|tester1484|tester1485|tester1494|tester1495|tester1498|tester298|tester301|tester577|tester579|tester580|tester582|tester583|tester585|tester586|tester589|tester591|tester594|tester595|tester596|tester597|tester598|tester599|tester600|tester601|tester603|tester604|tester607|tester609|tester610|tester611|tester612|tester613|tester615|tester616|tester617|tester618|tester619|tester620|tester621|tester622|tester623|tester624|tester625|tester626|tester627|tester628|tester629|tester630|tester631|tester632|tester633|tester635|tester636|tester638|tester639|tester640|tester642|tester643|tester645|tester647|tester649|tester650|tester651|tester652|tester653|tester654|tester655|tester656|tester657|tester658|tester660|tester661|tester662|tester663|tester664|tester665|tester666|tester668|tester669|tester670|tester671|tester672|tester673|tester674|tester677|tester678|tester679|tester680|tester682|tester683|tester684|tester685|tester686|tester689|tester690|tester691|tester692|tester694|tester695|tester696|tester697
614,121,UNDEF|tester1051|tester1061|tester1062|tester1063|tester1074|tester1081|tester1083|tester1085|tester1090|tester1092|tester1093|tester1094|tester1095|tester1096|tester1097|tester1447|tester1463|tester1471|tester1472|tester1485|tester1494|tester1495|tester1498|tester298|tester301|tester577|tester579|tester580|tester582|tester583|tester585|tester586|tester589|tester591|tester594|tester595|tester596|tester597|tester598|tester599|tester600|tester601|tester603|tester604|tester607|tester609|tester610|tester611|tester612|tester613|tester615|tester616|tester617|tester618|tester619|tester620|tester621|tester622|tester623|tester624|tester625|tester626|tester627|tester628|tester629|tester630|tester631|tester632|tester633|tester635|tester636|tester638|tester639|tester640|tester642|tester643|tester645|tester647|tester649|tester650|tester651|tester652|tester653|tester654|tester655|tester656|tester657|tester658|tester660|tester661|tester662|tester663|tester664|tester665|tester666|tester668|tester669|tester670|tester671|tester672|tester673|tester674|tester677|tester678|tester679|tester680|tester682|tester683|tester684|tester685|tester686|tester689|tester690|tester691|tester692|tester694|tester695|tester696|tester697|tester700
615,122,UNDEF|tester1051|tester1061|tester1062|tester1063|tester1074|tester1081|tester1083|tester1085|tester1090|tester1092|tester1093|tester1094|tester1095|tester1096|tester1097|tester1099|tester1447|tester1463|tester1471|tester1472|tester1485|tester1494|tester1495|tester1498|tester298|tester301|tester577|tester579|tester580|tester582|tester583|tester585|tester586|tester589|tester591|tester594|tester595|tester596|tester597|tester598|tester599|tester600|tester601|tester603|tester604|tester607|tester609|tester610|tester611|tester612|tester613|tester615|tester616|tester617|tester618|tester619|tester620|tester621|tester622|tester623|tester624|tester625|tester626|tester627|tester628|tester629|tester630|tester631|tester632|tester633|tester635|tester636|tester638|tester639|tester640|tester642|tester643|tester645|tester647|tester649|tester650|tester651|tester652|tester653|tester654|tester655|tester656|tester657|tester658|tester660|tester661|tester662|tester663|tester664|tester665|tester666|tester668|tester669|tester670|tester671|tester672|tester673|tester674|tester677|tester678|tester679|tester680|tester682|tester683|tester684|tester685|tester686|tester689|tester690|tester691|tester692|tester694|tester695|tester696|tester697|tester700
616,123,UNDEF|tester1051|tester1061|tester1062|tester1063|tester1074|tester1081|tester1083|tester1085|tester1090|tester1092|tester1093|tester1094|tester1095|tester1096|tester1097|tester1099|tester1101|tester1447|tester1463|tester1471|tester1472|tester1485|tester1494|tester1495|tester1498|tester298|tester301|tester577|tester579|tester580|tester582|tester583|tester585|tester586|tester589|tester591|tester594|tester595|tester596|tester597|tester598|tester599|tester600|tester601|tester603|tester604|tester607|tester609|tester610|tester611|tester612|tester613|tester615|tester616|tester617|tester618|tester619|tester620|tester621|tester622|tester623|tester624|tester625|tester626|tester627|tester628|tester629|tester630|tester631|tester632|tester633|tester635|tester636|tester638|tester639|tester640|tester642|tester643|tester645|tester647|tester649|tester650|tester651|tester652|tester653|tester654|tester655|tester656|tester657|tester658|tester660|tester661|tester662|tester663|tester664|tester665|tester666|tester668|tester669|tester670|tester671|tester672|tester673|tester674|tester677|tester678|tester679|tester680|tester682|tester683|tester684|tester685|tester686|tester689|tester690|tester691|tester692|tester694|tester695|tester696|tester697|tester700
617,122,UNDEF|tester1051|tester1061|tester1062|tester1063|tester1074|tester1081|tester1083|tester1085|tester1092|tester1093|tester1094|tester1095|tester1096|tester1097|tester1099|tester1101|tester1447|tester1463|tester1471|tester1472|tester1485|tester1494|tester1495|tester1498|tester298|tester301|tester577|tester579|tester580|tester582|tester583|tester585|tester586|tester589|tester591|tester594|tester595|tester596|tester597|tester598|tester599|tester600|tester601|tester603|tester604|tester607|tester609|tester610|tester611|tester612|tester613|tester615|tester616|tester617|tester618|tester619|tester620|tester621|tester622|tester623|tester624|tester625|tester626|tester627|tester628|tester629|tester630|tester631|tester632|tester633|tester635|tester636|tester638|tester639|tester640|tester642|tester643|tester645|tester647|tester649|tester650|tester651|tester652|tester653|tester654|tester655|tester656|tester657|tester658|tester660|tester661|tester662|tester663|tester664|tester665|tester666|tester668|tester669|tester670|tester671|tester672|tester673|tester674|tester677|tester678|tester679|tester680|tester682|tester683|tester684|tester685|tester686|tester689|tester690|tester691|tester692|tester694|tester695|tester696|tester697|tester700
618,121,UNDEF|tester1051|tester1061|tester1062|tester1063|tester1074|tester1081|tester1083|tester1085|tester1092|tester1093|tester1094|tester1095|tester1096|tester1097|tester1099|tester1101|tester1447|tester1463|tester1471|tester1472|tester1485|tester1494|tester1495|tester1498|tester301|tester577|tester579|tester580|tester582|tester583|tester585|tester586|tester589|tester591|tester594|tester595|tester596|tester597|tester598|tester599|tester600|tester601|tester603|tester604|tester607|tester609|tester610|tester611|tester612|tester613|tester615|tester616|tester617|tester618|tester619|tester620|tester621|tester622|tester623|tester624|tester625|tester626|tester627|tester628|tester629|tester630|tester631|tester632|tester633|tester635|tester636|tester638|tester639|tester640|tester642|tester643|tester645|tester647|tester649|tester650|tester651|tester652|tester653|tester654|tester655|tester656|tester657|tester658|tester660|tester661|tester662|tester663|tester664|tester665|tester666|tester668|tester669|tester670|tester671|tester672|tester673|tester674|tester677|tester678|tester679|tester680|tester682|tester683|tester684|tester685|tester686|tester689|tester690|tester691|tester692|tester694|tester695|tester696|tester697|tester700
619,119,UNDEF|tester1061|tester1062|tester1063|tester1074|tester1081|tester1083|tester1085|tester1092|tester1093|tester1094|tester1095|tester1097|tester1099|tester1101|tester1447|tester1463|tester1471|tester1472|tester1485|tester1494|tester1495|tester1498|tester301|tester577|tester579|tester580|tester582|tester583|tester585|tester586|tester589|tester591|tester594|tester595|tester596|tester597|tester598|tester599|tester600|tester601|tester603|tester604|tester607|tester609|tester610|tester611|tester612|tester613|tester615|tester616|tester617|tester618|tester619|tester620|tester621|tester622|tester623|tester624|tester625|tester626|tester627|tester628|tester629|tester630|tester631|tester632|tester633|tester635|tester636|tester638|tester639|tester640|tester642|tester643|tester645|tester647|tester649|tester650|tester651|tester652|tester653|tester654|tester655|tester656|tester657|tester658|tester660|tester661|tester662|tester663|tester664|tester665|tester666|tester668|tester669|tester670|tester671|tester672|tester673|tester674|tester677|tester678|tester679|tester680|tester682|tester683|tester684|tester685|tester686|tester689|tester690|tester691|tester692|tester694|tester695|tester696|tester697|tester700
620,119,UNDEF|tester1061|tester1062|tester1063|tester1074|tester1081|tester1083|tester1085|tester1092|tester1093|tester1094|tester1095|tester1097|tester1099|tester1101|tester1447|tester1463|tester1471|tester1472|tester1485|tester1494|tester1495|tester1498|tester301|tester577|tester579|tester580|tester582|tester583|tester585|tester586|tester589|tester594|tester595|tester596|tester597|tester598|tester599|tester600|tester601|tester603|tester604|tester607|tester609|tester610|tester611|tester612|tester613|tester615|tester616|tester617|tester618|tester619|tester620|tester621|tester622|tester623|tester624|tester625|tester626|tester627|tester628|tester629|tester630|tester631|tester632|tester633|tester635|tester636|tester638|tester639|tester640|tester642|tester643|tester645|tester647|tester649|tester650|tester651|tester652|tester653|tester654|tester655|tester656|tester657|tester658|tester660|tester661|tester662|tester663|tester664|tester665|tester666|tester668|tester669|tester670|tester671|tester672|tester673|tester674|tester677|tester678|tester679|tester680|tester682|tester683|tester684|tester685|tester686|tester689|tester690|tester691|tester692|tester694|tester695|tester696|tester697|tester700|tester702
621,117,UNDEF|tester1061|tester1062|tester1063|tester1074|tester1081|tester1083|tester1085|tester1092|tester1093|tester1094|tester1095|tester1097|tester1099|tester1101|tester1447|tester1463|tester1471|tester1472|tester1494|tester1495|tester1498|tester301|tester303|tester577|tester579|tester580|tester582|tester583|tester585|tester586|tester589|tester594|tester595|tester596|tester597|tester598|tester599|tester600|tester601|tester603|tester604|tester607|tester609|tester610|tester612|tester613|tester615|tester616|tester617|tester618|tester619|tester620|tester621|tester622|tester623|tester624|tester625|tester626|tester627|tester628|tester629|tester630|tester631|tester632|tester633|tester635|tester636|tester638|tester639|tester640|tester642|tester643|tester645|tester647|tester649|tester650|tester651|tester652|tester653|tester654|tester655|tester656|tester657|tester658|tester660|tester661|tester662|tester663|tester664|tester665|tester666|tester668|tester670|tester671|tester672|tester673|tester674|tester677|tester678|tester679|tester680|tester682|tester683|tester684|tester685|tester686|tester689|tester690|tester691|tester692|tester694|tester695|tester696|tester697|tester700|tester702
622,114,UNDEF|tester1061|tester1062|tester1063|tester1081|tester1083|tester1085|tester1092|tester1093|tester1094|tester1095|tester1097|tester1099|tester1101|tester1447|tester1463|tester1471|tester1472|tester1494|tester1495|tester1498|tester301|tester303|tester577|tester580|tester582|tester583|tester585|tester586|tester589|tester594|tester595|tester596|tester597|tester598|tester599|tester600|tester601|tester603|tester604|tester607|tester609|tester610|tester612|tester613|tester615|tester616|tester617|tester618|tester619|tester620|tester621|tester622|tester623|tester624|tester625|tester626|tester627|tester628|tester629|tester630|tester631|tester632|tester633|tester635|tester636|tester638|tester639|tester640|tester642|tester643|tester645|tester647|tester649|tester650|tester651|tester652|tester653|tester654|tester655|tester657|tester658|tester660|tester661|tester662|tester663|tester664|tester665|tester666|tester668|tester670|tester671|tester672|tester673|tester674|tester677|tester679|tester680|tester682|tester683|tester684|tester685|tester686|tester689|tester690|tester691|tester692|tester694|tester695|tester696|tester697|tester700|tester702|tester703
623,115,UNDEF|tester1061|tester1062|tester1063|tester1081|tester1083|tester1085|tester1092|tester1093|tester1094|tester1095|tester1097|tester1099|tester1101|tester1447|tester1463|tester1471|tester1472|tester1494|tester1495|tester1498|tester301|tester303|tester577|tester580|tester582|tester583|tester585|tester586|tester589|tester594|tester595|tester596|tester597|tester598|tester599|tester600|tester601|tester603|tester604|tester607|tester609|tester610|tester612|tester613|tester615|tester616|tester617|tester618|tester619|tester620|tester621|tester622|tester623|tester624|tester625|tester626|tester627|tester628|tester629|tester630|tester631|tester632|tester633|tester635|tester636|tester638|tester639|tester640|tester642|tester643|tester645|tester647|tester649|tester650|tester651|tester652|tester653|tester654|tester655|tester657|tester658|tester660|tester661|tester662|tester663|tester664|tester665|tester666|tester668|tester670|tester671|tester672|tester673|tester674|tester677|tester679|tester680|tester682|tester683|tester684|tester685|tester686|tester689|tester690|tester691|tester692|tester694|tester695|tester696|tester697|tester700|tester702|tester703|tester704
624,117,UNDEF|tester1061|tester1062|tester1063|tester1081|tester1083|tester1085|tester1092|tester1093|tester1094|tester1095|tester1097|tester1098|tester1099|tester1101|tester1447|tester1463|tester1471|tester1472|tester1494|tester1495|tester1498|tester1505|tester301|tester303|tester577|tester580|tester582|tester583|tester585|tester586|tester589|tester594|tester595|tester596|tester597|tester598|tester599|tester600|tester601|tester603|tester604|tester607|tester609|tester610|tester612|tester613|tester615|tester616|tester617|tester618|tester619|tester620|tester621|tester622|tester623|tester624|tester625|tester626|tester627|tester628|tester629|tester630|tester631|tester632|tester633|tester635|tester636|tester638|tester639|tester640|tester642|tester643|tester645|tester647|tester649|tester650|tester651|tester652|tester653|tester654|tester655|tester657|tester658|tester660|tester661|tester662|tester663|tester664|tester665|tester666|tester668|tester670|tester671|tester672|tester673|tester674|tester677|tester679|tester680|tester682|tester683|tester684|tester685|tester686|tester689|tester690|tester691|tester692|tester694|tester695|tester696|tester697|tester700|tester702|tester703|tester704
625,118,UNDEF|tester1061|tester1062|tester1063|tester1081|tester1083|tester1085|tester1092|tester1093|tester1094|tester1095|tester1097|tester1098|tester1099|tester1101|tester1447|tester1463|tester1471|tester1472|tester1494|tester1495|tester1498|tester1505|tester301|tester303|tester577|tester580|tester582|tester583|tester585|tester586|tester589|tester594|tester595|tester596|tester597|tester598|tester599|tester600|tester601|tester603|tester604|tester607|tester609|tester610|tester612|tester613|tester615|tester616|tester617|tester618|tester619|tester620|tester621|tester622|tester623|tester624|tester625|tester626|tester627|tester628|tester629|tester630|tester631|tester632|tester633|tester635|tester636|tester638|tester639|tester640|tester642|tester643|tester645|tester647|tester649|tester650|tester651|tester652|tester653|tester654|tester655|tester657|tester658|tester660|tester661|tester662|tester663|tester664|tester665|tester666|tester668|tester670|tester671|tester672|tester673|tester674|tester677|tester679|tester680|tester682|tester683|tester684|tester685|tester686|tester689|tester690|tester691|tester692|tester694|tester695|tester696|tester697|tester700|tester701|tester702|tester703|tester704
626,118,UNDEF|tester1061|tester1062|tester1063|tester1081|tester1083|tester1085|tester1092|tester1093|tester1094|tester1095|tester1097|tester1098|tester1099|tester1101|tester1447|tester1463|tester1471|tester1472|tester1494|tester1495|tester1498|tester1505|tester301|tester303|tester577|tester580|tester582|tester583|tester585|tester586|tester589|tester594|tester595|tester596|tester597|tester598|tester599|tester600|tester601|tester603|tester604|tester607|tester609|tester610|tester612|tester613|tester615|tester616|tester617|tester618|tester619|tester620|tester621|tester622|tester623|tester624|tester625|tester626|tester627|tester628|tester629|tester630|tester631|tester632|tester633|tester635|tester636|tester638|tester639|tester640|tester642|tester643|tester645|tester647|tester649|tester650|tester651|tester652|tester653|tester654|tester655|tester657|tester658|tester660|tester661|tester662|tester663|tester664|tester665|tester666|tester668|tester670|tester671|tester672|tester673|tester674|tester677|tester679|tester680|tester682|tester683|tester684|tester685|tester686|tester689|tester690|tester691|tester692|tester694|tester695|tester696|tester697|tester700|tester701|tester702|tester703|tester704
627,117,UNDEF|tester1061|tester1062|tester1081|tester1085|tester1092|tester1093|tester1094|tester1095|tester1097|tester1098|tester1099|tester1101|tester1447|tester1463|tester1471|tester1472|tester1494|tester1495|tester1498|tester1504|tester1505|tester301|tester303|tester577|tester580|tester582|tester583|tester585|tester586|tester589|tester594|tester595|tester596|tester597|tester598|tester599|tester600|tester601|tester603|tester604|tester607|tester609|tester610|tester612|tester613|tester615|tester616|tester617|tester618|tester619|tester620|tester621|tester622|tester623|tester624|tester625|tester626|tester627|tester628|tester629|tester630|tester631|tester632|tester633|tester635|tester636|tester638|tester639|tester640|tester642|tester643|tester645|tester647|tester649|tester650|tester651|tester652|tester653|tester654|tester655|tester657|tester658|tester660|tester661|tester662|tester663|tester664|tester665|tester666|tester668|tester670|tester671|tester672|tester673|tester674|tester677|tester679|tester680|tester682|tester683|tester684|tester685|tester686|tester689|tester690|tester691|tester692|tester694|tester695|tester696|tester697|tester700|tester701|tester702|tester703|tester704
628,117,UNDEF|tester1061|tester1062|tester1081|tester1085|tester1092|tester1093|tester1094|tester1095|tester1097|tester1098|tester1099|tester1101|tester1447|tester1463|tester1471|tester1472|tester1494|tester1495|tester1498|tester1504|tester1505|tester301|tester303|tester577|tester580|tester582|tester583|tester585|tester586|tester589|tester594|tester595|tester596|tester597|tester598|tester599|tester600|tester601|tester603|tester604|tester607|tester609|tester610|tester612|tester613|tester615|tester616|tester617|tester618|tester619|tester620|tester621|tester622|tester623|tester624|tester625|tester626|tester627|tester628|tester629|tester630|tester631|tester632|tester633|tester635|tester636|tester638|tester639|tester640|tester642|tester643|tester645|tester647|tester649|tester650|tester651|tester652|tester653|tester654|tester655|tester657|tester658|tester660|tester661|tester662|tester663|tester664|tester665|tester666|tester668|tester670|tester671|tester672|tester673|tester674|tester677|tester679|tester680|tester682|tester683|tester684|tester685|tester686|tester689|tester690|tester691|tester692|tester694|tester695|tester696|tester697|tester700|tester701|tester702|tester703|tester704
629,119,UNDEF|tester1061|tester1062|tester1081|tester1085|tester1092|tester1093|tester1094|tester1095|tester1097|tester1099|tester1101|tester1104|tester1447|tester1463|tester1471|tester1472|tester1494|tester1495|tester1498|tester1504|tester1505|tester1506|tester1508|tester301|tester303|tester577|tester580|tester582|tester583|tester585|tester586|tester589|tester594|tester595|tester596|tester597|tester598|tester599|tester600|tester601|tester603|tester604|tester607|tester609|tester610|tester612|tester613|tester615|tester616|tester617|tester618|tester619|tester620|tester621|tester622|tester623|tester624|tester625|tester626|tester627|tester628|tester629|tester630|tester631|tester632|tester633|tester635|tester636|tester638|tester639|tester640|tester642|tester643|tester645|tester647|tester649|tester650|tester651|tester652|tester653|tester654|tester655|tester657|tester658|tester660|tester661|tester662|tester663|tester664|tester665|tester666|tester668|tester670|tester671|tester672|tester673|tester674|tester677|tester679|tester680|tester682|tester683|tester684|tester685|tester686|tester689|tester690|tester691|tester692|tester694|tester695|tester696|tester697|tester700|tester701|tester702|tester703|tester704
630,118,UNDEF|tester1061|tester1062|tester1081|tester1085|tester1092|tester1093|tester1094|tester1095|tester1097|tester1099|tester1101|tester1104|tester1447|tester1463|tester1471|tester1472|tester1494|tester1495|tester1498|tester1504|tester1505|tester1506|tester1508|tester301|tester577|tester580|tester582|tester583|tester585|tester586|tester589|tester594|tester595|tester596|tester597|tester598|tester599|tester600|tester601|tester603|tester604|tester607|tester609|tester610|tester612|tester613|tester615|tester616|tester617|tester618|tester619|tester620|tester621|tester622|tester623|tester624|tester625|tester626|tester627|tester628|tester629|tester630|tester631|tester632|tester633|tester635|tester636|tester638|tester639|tester640|tester642|tester643|tester645|tester647|tester649|tester650|tester651|tester652|tester653|tester654|tester655|tester657|tester658|tester660|tester661|tester662|tester663|tester664|tester665|tester666|tester668|tester670|tester671|tester672|tester673|tester674|tester677|tester679|tester680|tester682|tester683|tester684|tester685|tester686|tester689|tester690|tester691|tester692|tester694|tester695|tester696|tester697|tester700|tester701|tester702|tester703|tester704
631,119,UNDEF|tester1061|tester1062|tester1081|tester1085|tester1092|tester1093|tester1094|tester1095|tester1097|tester1099|tester1101|tester1104|tester1108|tester1447|tester1463|tester1471|tester1472|tester1494|tester1495|tester1498|tester1504|tester1505|tester1506|tester1508|tester301|tester577|tester580|tester582|tester583|tester585|tester586|tester589|tester594|tester595|tester596|tester597|tester598|tester599|tester600|tester601|tester603|tester604|tester607|tester609|tester610|tester612|tester613|tester615|tester616|tester617|tester618|tester619|tester620|tester621|tester622|tester623|tester624|tester625|tester626|tester627|tester628|tester629|tester630|tester631|tester632|tester633|tester635|tester636|tester638|tester639|tester640|tester642|tester643|tester645|tester647|tester649|tester650|tester651|tester652|tester653|tester654|tester655|tester657|tester658|tester660|tester661|tester662|tester663|tester664|tester665|tester666|tester668|tester670|tester671|tester672|tester673|tester674|tester677|tester679|tester680|tester682|tester683|tester684|tester685|tester686|tester689|tester690|tester691|tester692|tester694|tester695|tester697|tester700|tester701|tester702|tester703|tester704|tester708
632,117,UNDEF|tester1061|tester1062|tester1081|tester1085|tester1093|tester1094|tester1095|tester1097|tester1099|tester1101|tester1104|tester1108|tester1447|tester1463|tester1471|tester1472|tester1494|tester1495|tester1498|tester1504|tester1506|tester1508|tester301|tester577|tester580|tester582|tester583|tester585|tester586|tester589|tester594|tester595|tester596|tester597|tester598|tester599|tester600|tester601|tester603|tester604|tester607|tester609|tester610|tester612|tester613|tester615|tester616|tester617|tester618|tester619|tester620|tester621|tester622|tester623|tester624|tester625|tester626|tester627|tester628|tester629|tester630|tester631|tester632|tester633|tester635|tester636|tester638|tester639|tester640|tester642|tester643|tester645|tester647|tester649|tester650|tester651|tester652|tester653|tester654|tester655|tester657|tester658|tester660|tester661|tester662|tester663|tester664|tester665|tester666|tester668|tester670|tester671|tester672|tester673|tester674|tester677|tester679|tester680|tester682|tester683|tester684|tester685|tester686|tester689|tester690|tester691|tester692|tester694|tester695|tester697|tester700|tester701|tester702|tester703|tester704|tester708
633,115,UNDEF|tester1061|tester1085|tester1093|tester1094|tester1095|tester1097|tester1099|tester1101|tester1104|tester1108|tester1447|tester1463|tester1471|tester1472|tester1494|tester1495|tester1498|tester1504|tester1506|tester1508|tester301|tester577|tester580|tester582|tester583|tester585|tester586|tester589|tester594|tester595|tester596|tester597|tester598|tester599|tester600|tester601|tester603|tester604|tester607|tester609|tester610|tester612|tester613|tester615|tester616|tester617|tester618|tester619|tester620|tester621|tester622|tester623|tester624|tester625|tester626|tester627|tester628|tester629|tester630|tester631|tester632|tester633|tester635|tester636|tester638|tester639|tester640|tester642|tester643|tester645|tester647|tester649|tester650|tester651|tester652|tester653|tester654|tester655|tester657|tester658|tester660|tester661|tester662|tester663|tester664|tester665|tester666|tester668|tester670|tester671|tester672|tester673|tester674|tester677|tester679|tester680|tester682|tester683|tester684|tester685|tester686|tester689|tester690|tester691|tester692|tester694|tester695|tester697|tester700|tester701|tester702|tester703|tester704|tester708
634,116,UNDEF|tester1061|tester1085|tester1093|tester1094|tester1095|tester1097|tester1099|tester1101|tester1108|tester1447|tester1463|tester1471|tester1472|tester1494|tester1495|tester1498|tester1504|tester1506|tester1508|tester1510|tester301|tester313|tester577|tester580|tester582|tester583|tester585|tester586|tester589|tester594|tester595|tester596|tester597|tester598|tester599|tester600|tester601|tester603|tester604|tester607|tester609|tester610|tester612|tester613|tester615|tester616|tester617|tester618|tester619|tester620|tester621|tester622|tester623|tester624|tester625|tester626|tester627|tester628|tester629|tester630|tester631|tester632|tester633|tester635|tester636|tester638|tester639|tester640|tester642|tester643|tester645|tester647|tester649|tester650|tester651|tester652|tester653|tester654|tester655|tester657|tester658|tester660|tester661|tester662|tester663|tester664|tester665|tester666|tester668|tester670|tester671|tester672|tester673|tester674|tester677|tester679|tester680|tester682|tester683|tester684|tester685|tester686|tester689|tester690|tester691|tester692|tester694|tester695|tester697|tester700|tester701|tester702|tester703|tester704|tester708
635,117,UNDEF|tester1061|tester1085|tester1093|tester1094|tester1095|tester1097|tester1099|tester1101|tester1108|tester1447|tester1463|tester1471|tester1472|tester1494|tester1495|tester1498|tester1504|tester1506|tester1508|tester1510|tester301|tester313|tester577|tester580|tester582|tester583|tester585|tester586|tester589|tester594|tester595|tester596|tester597|tester598|tester599|tester600|tester601|tester603|tester604|tester607|tester609|tester610|tester612|tester613|tester615|tester616|tester617|tester618|tester619|tester620|tester621|tester622|tester623|tester624|tester625|tester626|tester627|tester628|tester629|tester630|tester631|tester632|tester633|tester635|tester636|tester638|tester639|tester640|tester642|tester643|tester645|tester647|tester649|tester650|tester651|tester652|tester653|tester654|tester655|tester657|tester658|tester660|tester661|tester662|tester663|tester664|tester665|tester666|tester668|tester670|tester671|tester672|tester673|tester674|tester677|tester679|tester680|tester682|tester683|tester684|tester685|tester686|tester689|tester690|tester691|tester692|tester694|tester695|tester697|tester700|tester701|tester702|tester703|tester704|tester708|tester709
636,118,UNDEF|tester1061|tester1085|tester1093|tester1094|tester1095|tester1097|tester1099|tester1101|tester1108|tester1112|tester1447|tester1463|tester1471|tester1472|tester1495|tester1498|tester1504|tester1506|tester1508|tester1510|tester301|tester310|tester313|tester577|tester580|tester582|tester583|tester585|tester586|tester589|tester594|tester595|tester596|tester597|tester598|tester599|tester600|tester601|tester603|tester604|tester607|tester609|tester610|tester612|tester613|tester615|tester616|tester617|tester618|tester619|tester620|tester621|tester622|tester623|tester624|tester625|tester626|tester627|tester628|tester629|tester630|tester631|tester632|tester633|tester635|tester636|tester638|tester639|tester640|tester642|tester643|tester645|tester647|tester649|tester650|tester651|tester652|tester653|tester654|tester655|tester657|tester658|tester660|tester661|tester662|tester663|tester664|tester665|tester666|tester668|tester670|tester671|tester672|tester673|tester674|tester677|tester679|tester680|tester682|tester683|tester684|tester685|tester686|tester689|tester690|tester691|tester692|tester694|tester695|tester697|tester700|tester701|tester702|tester703|tester704|tester708|tester709
637,119,UNDEF|tester1061|tester1085|tester1093|tester1094|tester1095|tester1097|tester1099|tester1101|tester1108|tester1110|tester1112|tester1447|tester1463|tester1471|tester1472|tester1495|tester1498|tester1504|tester1506|tester1508|tester1510|tester301|tester310|tester313|tester577|tester580|tester582|tester583|tester585|tester586|tester589|tester594|tester595|tester596|tester597|tester598|tester599|tester600|tester601|tester603|tester604|tester607|tester609|tester610|tester612|tester613|tester615|tester616|tester617|tester618|tester619|tester620|tester621|tester622|tester623|tester624|tester625|tester626|tester627|tester628|tester629|tester630|tester631|tester632|tester633|tester635|tester636|tester638|tester639|tester640|tester642|tester643|tester645|tester647|tester649|tester650|tester651|tester652|tester653|tester654|tester655|tester657|tester658|tester660|tester661|tester662|tester663|tester664|tester665|tester666|tester668|tester670|tester671|tester672|tester673|tester674|tester677|tester679|tester680|tester682|tester683|tester684|tester685|tester686|tester689|tester690|tester691|tester692|tester694|tester695|tester697|tester700|tester701|tester702|tester703|tester704|tester708|tester709
638,121,UNDEF|tester1061|tester1085|tester1093|tester1094|tester1095|tester1097|tester1099|tester1101|tester1108|tester1110|tester1112|tester1447|tester1463|tester1471|tester1472|tester1495|tester1498|tester1504|tester1506|tester1508|tester1510|tester301|tester310|tester311|tester312|tester313|tester577|tester580|tester582|tester583|tester585|tester586|tester589|tester594|tester595|tester596|tester597|tester598|tester599|tester600|tester601|tester603|tester604|tester607|tester609|tester610|tester612|tester613|tester615|tester616|tester617|tester618|tester619|tester620|tester621|tester622|tester623|tester624|tester625|tester626|tester627|tester628|tester629|tester630|tester631|tester632|tester633|tester635|tester636|tester638|tester639|tester640|tester642|tester643|tester645|tester647|tester649|tester650|tester651|tester652|tester653|tester654|tester655|tester657|tester658|tester660|tester661|tester662|tester663|tester664|tester665|tester666|tester668|tester670|tester671|tester672|tester673|tester674|tester677|tester679|tester680|tester682|tester683|tester684|tester685|tester686|tester689|tester690|tester691|tester692|tester694|tester695|tester697|tester700|tester701|tester702|tester703|tester704|tester708|tester709
639,120,UNDEF|tester1061|tester1085|tester1093|tester1094|tester1095|tester1097|tester1099|tester1101|tester1108|tester1110|tester1112|tester1447|tester1463|tester1471|tester1472|tester1495|tester1498|tester1504|tester1506|tester1508|tester1510|tester301|tester310|tester311|tester312|tester313|tester577|tester580|tester582|tester583|tester585|tester586|tester589|tester594|tester595|tester596|tester597|tester598|tester599|tester600|tester601|tester603|tester604|tester607|tester610|tester612|tester613|tester615|tester616|tester617|tester618|tester619|tester620|tester621|tester622|tester623|tester624|tester625|tester626|tester627|tester628|tester629|tester630|tester631|tester632|tester633|tester635|tester636|tester638|tester639|tester640|tester642|tester643|tester645|tester647|tester649|tester650|tester651|tester652|tester653|tester654|tester655|tester657|tester658|tester660|tester661|tester662|tester663|tester664|tester665|tester666|tester668|tester670|tester671|tester672|tester673|tester674|tester677|tester679|tester680|tester682|tester683|tester684|tester685|tester686|tester689|tester690|tester691|tester692|tester694|tester695|tester697|tester700|tester701|tester702|tester703|tester704|tester708|tester709
640,120,UNDEF|tester1061|tester1085|tester1093|tester1094|tester1095|tester1097|tester1099|tester1101|tester1108|tester1110|tester1112|tester1447|tester1463|tester1471|tester1472|tester1495|tester1498|tester1504|tester1506|tester1508|tester1510|tester301|tester310|tester311|tester312|tester313|tester577|tester580|tester582|tester583|tester585|tester586|tester589|tester594|tester595|tester596|tester597|tester598|tester599|tester600|tester601|tester603|tester604|tester607|tester610|tester612|tester613|tester615|tester616|tester617|tester618|tester619|tester620|tester621|tester622|tester623|tester624|tester625|tester626|tester627|tester628|tester629|tester630|tester631|tester632|tester633|tester635|tester636|tester638|tester639|tester640|tester642|tester643|tester645|tester647|tester649|tester650|tester651|tester652|tester653|tester654|tester655|tester657|tester658|tester660|tester661|tester662|tester663|tester664|tester665|tester666|tester668|tester670|tester671|tester672|tester673|tester674|tester677|tester679|tester680|tester682|tester683|tester684|tester685|tester686|tester689|tester690|tester691|tester692|tester694|tester695|tester697|tester700|tester701|tester702|tester703|tester704|tester708|tester709
641,120,UNDEF|tester1061|tester1085|tester1093|tester1094|tester1095|tester1097|tester1099|tester1101|tester1108|tester1110|tester1112|tester1447|tester1463|tester1471|tester1472|tester1495|tester1498|tester1504|tester1506|tester1508|tester1510|tester301|tester310|tester311|tester312|tester313|tester577|tester580|tester582|tester583|tester585|tester586|tester589|tester594|tester595|tester596|tester597|tester598|tester599|tester600|tester601|tester603|tester604|tester607|tester610|tester612|tester613|tester615|tester616|tester617|tester618|tester619|tester620|tester621|tester622|tester623|tester624|tester625|tester626|tester627|tester628|tester629|tester630|tester631|tester632|tester633|tester635|tester636|tester638|tester639|tester640|tester642|tester643|tester645|tester647|tester649|tester650|tester651|tester652|tester653|tester654|tester655|tester657|tester658|tester660|tester661|tester662|tester663|tester664|tester665|tester666|tester668|tester670|tester671|tester672|tester673|tester674|tester677|tester679|tester680|tester682|tester683|tester684|tester685|tester686|tester689|tester690|tester691|tester692|tester694|tester695|tester697|tester700|tester701|tester702|tester703|tester704|tester708|tester709
642,94,UNDEF|tester1061|tester1085|tester1093|tester1094|tester1095|tester1097|tester1099|tester1101|tester1108|tester1110|tester1112|tester1447|tester1463|tester1471|tester1472|tester1495|tester1498|tester1504|tester1506|tester1508|tester1510|tester301|tester310|tester311|tester312|tester313|tester580|tester582|tester583|tester585|tester594|tester595|tester596|tester597|tester598|tester599|tester601|tester604|tester607|tester610|tester612|tester613|tester616|tester619|tester620|tester621|tester622|tester625|tester626|tester627|tester628|tester629|tester630|tester631|tester632|tester636|tester638|tester639|tester645|tester647|tester649|tester653|tester654|tester657|tester658|tester661|tester662|tester663|tester664|tester665|tester668|tester670|tester671|tester672|tester673|tester674|tester677|tester679|tester680|tester683|tester685|tester686|tester689|tester692|tester694|tester695|tester697|tester700|tester701|tester702|tester703|tester704|tester708
643,59,UNDEF|tester1061|tester1085|tester1093|tester1094|tester1095|tester1097|tester1099|tester1101|tester1108|tester1110|tester1112|tester1447|tester1463|tester1471|tester1472|tester1495|tester1498|tester1504|tester1506|tester1508|tester1510|tester301|tester310|tester311|tester312|tester313|tester315|tester580|tester582|tester585|tester594|tester595|tester598|tester601|tester604|tester607|tester612|tester613|tester616|tester619|tester621|tester626|tester629|tester636|tester638|tester653|tester662|tester663|tester664|tester668|tester673|tester674|tester677|tester683|tester686|tester689|tester694|tester704
644,59,UNDEF|tester1061|tester1085|tester1093|tester1094|tester1095|tester1097|tester1099|tester1101|tester1108|tester1110|tester1112|tester1447|tester1463|tester1471|tester1472|tester1495|tester1498|tester1504|tester1506|tester1508|tester1510|tester301|tester310|tester311|tester312|tester313|tester315|tester580|tester582|tester585|tester594|tester595|tester598|tester601|tester604|tester607|tester612|tester613|tester616|tester619|tester621|tester626|tester629|tester636|tester638|tester653|tester662|tester663|tester664|tester668|tester673|tester674|tester677|tester683|tester686|tester689|tester694|tester704
645,59,UNDEF|tester1061|tester1085|tester1093|tester1094|tester1095|tester1097|tester1099|tester1101|tester1108|tester1110|tester1112|tester1447|tester1463|tester1471|tester1472|tester1495|tester1498|tester1504|tester1506|tester1508|tester1510|tester1513|tester301|tester310|tester311|tester312|tester313|tester315|tester580|tester582|tester585|tester594|tester595|tester598|tester601|tester604|tester607|tester612|tester613|tester616|tester619|tester621|tester626|tester629|tester636|tester638|tester653|tester662|tester663|tester664|tester668|tester674|tester677|tester683|tester686|tester689|tester694|tester704
646,53,UNDEF|tester1061|tester1085|tester1093|tester1094|tester1095|tester1097|tester1099|tester1101|tester1108|tester1112|tester1113|tester1447|tester1463|tester1471|tester1472|tester1495|tester1498|tester1504|tester1506|tester1508|tester1510|tester1513|tester301|tester310|tester311|tester312|tester313|tester315|tester582|tester585|tester594|tester595|tester598|tester601|tester604|tester607|tester612|tester616|tester619|tester626|tester629|tester638|tester662|tester663|tester664|tester668|tester674|tester677|tester683|tester686|tester689|tester694
647,54,UNDEF|tester1061|tester1085|tester1093|tester1094|tester1095|tester1097|tester1099|tester1101|tester1108|tester1112|tester1113|tester1447|tester1463|tester1471|tester1472|tester1495|tester1498|tester1504|tester1506|tester1508|tester1510|tester1513|tester301|tester310|tester311|tester312|tester313|tester315|tester582|tester585|tester594|tester595|tester598|tester601|tester604|tester607|tester612|tester616|tester619|tester626|tester629|tester638|tester662|tester663|tester664|tester668|tester674|tester677|tester683|tester686|tester689|tester694|tester713
648,55,UNDEF|tester1061|tester1085|tester1093|tester1094|tester1095|tester1097|tester1099|tester1101|tester1108|tester1112|tester1113|tester1447|tester1463|tester1471|tester1472|tester1495|tester1498|tester1504|tester1506|tester1508|tester1510|tester1513|tester301|tester310|tester312|tester313|tester315|tester317|tester582|tester585|tester594|tester595|tester598|tester601|tester604|tester607|tester612|tester616|tester619|tester626|tester629|tester638|tester662|tester663|tester664|tester668|tester674|tester677|tester683|tester686|tester689|tester694|tester713|tester714
649,56,UNDEF|tester1061|tester1085|tester1093|tester1094|tester1095|tester1097|tester1099|tester1101|tester1108|tester1109|tester1112|tester1113|tester1447|tester1463|tester1471|tester1472|tester1495|tester1498|tester1504|tester1506|tester1508|tester1510|tester1513|tester301|tester310|tester312|tester313|tester315|tester317|tester582|tester585|tester594|tester595|tester598|tester601|tester604|tester607|tester612|tester616|tester619|tester626|tester629|tester638|tester662|tester663|tester664|tester668|tester674|tester677|tester683|tester686|tester689|tester694|tester713|tester714
650,56,UNDEF|tester1061|tester1085|tester1093|tester1094|tester1095|tester1097|tester1099|tester1101|tester1108|tester1109|tester1112|tester1113|tester1447|tester1463|tester1471|tester1472|tester1495|tester1498|tester1504|tester1506|tester1508|tester1510|tester1513|tester310|tester312|tester313|tester315|tester316|tester317|tester582|tester585|tester594|tester595|tester598|tester601|tester604|tester607|tester612|tester616|tester619|tester626|tester629|tester638|tester662|tester663|tester664|tester668|tester674|tester677|tester683|tester686|tester689|tester694|tester713|tester714
651,56,UNDEF|tester1061|tester1085|tester1093|tester1094|tester1095|tester1097|tester1099|tester1101|tester1109|tester1112|tester1113|tester1115|tester1116|tester1447|tester1471|tester1472|tester1495|tester1498|tester1504|tester1506|tester1508|tester1510|tester1513|tester310|tester312|tester313|tester315|tester316|tester317|tester582|tester585|tester594|tester595|tester598|tester601|tester604|tester607|tester612|tester616|tester619|tester626|tester629|tester638|tester662|tester663|tester664|tester668|tester674|tester677|tester683|tester686|tester689|tester694|tester713|tester714
652,56,UNDEF|tester1061|tester1085|tester1093|tester1094|tester1095|tester1097|tester1099|tester1101|tester1109|tester1112|tester1113|tester1115|tester1116|tester1447|tester1471|tester1472|tester1495|tester1498|tester1504|tester1506|tester1508|tester1510|tester1513|tester310|tester312|tester313|tester315|tester316|tester317|tester582|tester585|tester594|tester595|tester598|tester601|tester604|tester607|tester612|tester616|tester619|tester626|tester629|tester638|tester662|tester663|tester664|tester668|tester674|tester677|tester683|tester686|tester689|tester694|tester713|tester714
653,57,UNDEF|tester1061|tester1085|tester1093|tester1094|tester1095|tester1097|tester1099|tester1101|tester1109|tester1112|tester1113|tester1115|tester1116|tester1447|tester1471|tester1472|tester1495|tester1498|tester1504|tester1506|tester1508|tester1510|tester1513|tester310|tester312|tester313|tester315|tester316|tester317|tester582|tester585|tester594|tester595|tester598|tester601|tester604|tester607|tester612|tester616|tester619|tester626|tester629|tester638|tester662|tester663|tester664|tester668|tester674|tester677|tester683|tester686|tester689|tester694|tester713|tester714|tester717
654,59,UNDEF|tester1061|tester1085|tester1093|tester1094|tester1095|tester1097|tester1099|tester1101|tester1109|tester1112|tester1113|tester1115|tester1116|tester1447|tester1471|tester1472|tester1495|tester1498|tester1504|tester1506|tester1508|tester1510|tester1513|tester1517|tester1518|tester310|tester312|tester313|tester315|tester316|tester317|tester582|tester585|tester594|tester595|tester598|tester601|tester604|tester607|tester612|tester616|tester619|tester626|tester629|tester638|tester662|tester663|tester664|tester668|tester674|tester677|tester683|tester686|tester689|tester694|tester713|tester714|tester717
655,59,UNDEF|tester1061|tester1085|tester1093|tester1094|tester1095|tester1097|tester1099|tester1101|tester1109|tester1112|tester1113|tester1115|tester1116|tester1447|tester1471|tester1472|tester1495|tester1498|tester1504|tester1506|tester1508|tester1510|tester1513|tester1517|tester1518|tester310|tester312|tester313|tester315|tester316|tester317|tester582|tester585|tester594|tester595|tester598|tester601|tester604|tester607|tester612|tester616|tester619|tester626|tester629|tester638|tester662|tester663|tester664|tester668|tester674|tester677|tester683|tester686|tester689|tester694|tester713|tester714|tester717
656,58,UNDEF|tester1061|tester1085|tester1093|tester1094|tester1095|tester1097|tester1099|tester1101|tester1112|tester1113|tester1115|tester1116|tester1447|tester1471|tester1472|tester1495|tester1498|tester1504|tester1506|tester1508|tester1510|tester1513|tester1517|tester1518|tester310|tester312|tester313|tester315|tester316|tester317|tester582|tester585|tester594|tester595|tester598|tester601|tester604|tester607|tester612|tester616|tester619|tester626|tester629|tester638|tester662|tester663|tester664|tester668|tester674|tester677|tester683|tester686|tester689|tester694|tester713|tester714|tester717
657,61,UNDEF|tester1061|tester1085|tester1093|tester1094|tester1095|tester1097|tester1099|tester1101|tester1112|tester1113|tester1115|tester1116|tester1121|tester1447|tester1471|tester1472|tester1495|tester1498|tester1504|tester1506|tester1508|tester1510|tester1513|tester1517|tester1518|tester1519|tester310|tester312|tester313|tester315|tester316|tester317|tester322|tester323|tester582|tester585|tester594|tester595|tester598|tester601|tester604|tester607|tester612|tester616|tester619|tester626|tester629|tester638|tester662|tester663|tester664|tester668|tester674|tester677|tester683|tester686|tester689|tester694|tester713|tester714
658,51,UNDEF|tester1061|tester1085|tester1093|tester1094|tester1095|tester1097|tester1099|tester1101|tester1112|tester1113|tester1115|tester1116|tester1121|tester1447|tester1471|tester1472|tester1495|tester1498|tester1504|tester1506|tester1508|tester1510|tester1513|tester1517|tester1518|tester1519|tester310|tester312|tester313|tester315|tester316|tester317|tester322|tester323|tester582|tester594|tester598|tester601|tester607|tester616|tester626|tester638|tester662|tester663|tester664|tester668|tester674|tester686|tester694|tester713
659,40,UNDEF|tester1061|tester1085|tester1093|tester1094|tester1095|tester1097|tester1099|tester1101|tester1112|tester1113|tester1115|tester1116|tester1121|tester1447|tester1471|tester1472|tester1495|tester1498|tester1504|tester1506|tester1508|tester1510|tester1513|tester1517|tester1518|tester1519|tester310|tester312|tester313|tester315|tester316|tester317|tester322|tester323|tester598|tester662|tester668|tester686|tester713
660,36,UNDEF|tester1061|tester1085|tester1093|tester1094|tester1095|tester1097|tester1099|tester1101|tester1112|tester1113|tester1115|tester1116|tester1121|tester1447|tester1471|tester1472|tester1495|tester1498|tester1504|tester1506|tester1508|tester1510|tester1513|tester1517|tester1518|tester1519|tester1522|tester310|tester312|tester313|tester315|tester316|tester317|tester322|tester323
661,36,UNDEF|tester1061|tester1085|tester1093|tester1094|tester1095|tester1097|tester1099|tester1101|tester1112|tester1113|tester1115|tester1116|tester1121|tester1447|tester1471|tester1472|tester1495|tester1498|tester1504|tester1506|tester1508|tester1510|tester1513|tester1517|tester1518|tester1519|tester1522|tester310|tester312|tester313|tester315|tester316|tester317|tester322|tester323
662,37,UNDEF|tester1061|tester1085|tester1093|tester1094|tester1095|tester1097|tester1099|tester1101|tester1112|tester1113|tester1115|tester1116|tester1121|tester1447|tester1471|tester1472|tester1495|tester1498|tester1504|tester1506|tester1508|tester1510|tester1513|tester1517|tester1518|tester1519|tester1522|tester310|tester312|tester313|tester315|tester316|tester317|tester322|tester323|tester324
663,38,UNDEF|tester1061|tester1085|tester1093|tester1094|tester1095|tester1097|tester1099|tester1101|tester1112|tester1113|tester1115|tester1116|tester1121|tester1123|tester1447|tester1471|tester1472|tester1495|tester1498|tester1504|tester1506|tester1508|tester1510|tester1513|tester1517|tester1518|tester1519|tester1522|tester310|tester312|tester313|tester315|tester316|tester317|tester322|tester323|tester324
664,38,UNDEF|tester1061|tester1085|tester1093|tester1094|tester1095|tester1097|tester1099|tester1101|tester1112|tester1113|tester1115|tester1116|tester1121|tester1123|tester1447|tester1471|tester1472|tester1495|tester1498|tester1504|tester1506|tester1508|tester1510|tester1513|tester1517|tester1518|tester1519|tester1522|tester310|tester312|tester313|tester315|tester316|tester317|tester322|tester323|tester324
665,38,UNDEF|tester1061|tester1085|tester1093|tester1094|tester1095|tester1097|tester1099|tester1101|tester1112|tester1113|tester1115|tester1116|tester1121|tester1123|tester1447|tester1471|tester1472|tester1495|tester1498|tester1504|tester1506|tester1508|tester1510|tester1513|tester1517|tester1518|tester1519|tester1522|tester310|tester312|tester313|tester315|tester316|tester317|tester322|tester323|tester324
666,40,UNDEF|tester1061|tester1085|tester1093|tester1094|tester1095|tester1097|tester1099|tester1101|tester1112|tester1113|tester1115|tester1116|tester1121|tester1123|tester1124|tester1447|tester1471|tester1472|tester1495|tester1498|tester1504|tester1506|tester1508|tester1510|tester1513|tester1517|tester1518|tester1519|tester1522|tester310|tester312|tester313|tester315|tester316|tester317|tester322|tester323|tester324|tester719
667,41,UNDEF|tester1061|tester1085|tester1093|tester1094|tester1095|tester1097|tester1099|tester1101|tester1112|tester1113|tester1115|tester1116|tester1123|tester1124|tester1447|tester1471|tester1472|tester1495|tester1498|tester1504|tester1506|tester1508|tester1510|tester1513|tester1517|tester1518|tester1519|tester1522|tester1525|tester310|tester312|tester313|tester315|tester316|tester317|tester322|tester323|tester324|tester710|tester719
668,42,UNDEF|tester1061|tester1085|tester1093|tester1094|tester1095|tester1097|tester1099|tester1101|tester1112|tester1113|tester1115|tester1116|tester1123|tester1124|tester1447|tester1471|tester1472|tester1495|tester1498|tester1504|tester1506|tester1508|tester1510|tester1513|tester1517|tester1519|tester1522|tester1525|tester1528|tester310|tester312|tester313|tester315|tester316|tester317|tester322|tester323|tester324|tester325|tester710|tester719
669,43,UNDEF|tester1061|tester1085|tester1093|tester1094|tester1095|tester1097|tester1101|tester1112|tester1113|tester1115|tester1116|tester1123|tester1124|tester1126|tester1447|tester1471|tester1472|tester1495|tester1498|tester1504|tester1506|tester1508|tester1510|tester1513|tester1517|tester1519|tester1522|tester1525|tester1528|tester310|tester312|tester313|tester315|tester316|tester317|tester322|tester323|tester324|tester325|tester710|tester719|tester727
670,44,UNDEF|tester1061|tester1085|tester1093|tester1095|tester1097|tester1101|tester1112|tester1113|tester1115|tester1116|tester1123|tester1124|tester1126|tester1447|tester1471|tester1472|tester1495|tester1498|tester1504|tester1506|tester1508|tester1510|tester1513|tester1517|tester1519|tester1522|tester1525|tester1528|tester310|tester312|tester313|tester315|tester316|tester317|tester319|tester322|tester323|tester324|tester325|tester710|tester719|tester727|tester728
671,44,UNDEF|tester1061|tester1085|tester1093|tester1095|tester1097|tester1101|tester1112|tester1113|tester1115|tester1116|tester1123|tester1124|tester1126|tester1447|tester1471|tester1472|tester1495|tester1498|tester1504|tester1506|tester1508|tester1510|tester1513|tester1517|tester1519|tester1522|tester1525|tester1528|tester310|tester312|tester313|tester315|tester316|tester317|tester319|tester322|tester323|tester324|tester325|tester710|tester719|tester727|tester728
672,45,UNDEF|tester1061|tester1085|tester1093|tester1095|tester1097|tester1101|tester1112|tester1113|tester1115|tester1116|tester1123|tester1124|tester1126|tester1447|tester1471|tester1472|tester1495|tester1498|tester1504|tester1506|tester1508|tester1510|tester1513|tester1514|tester1517|tester1519|tester1522|tester1528|tester310|tester312|tester313|tester315|tester316|tester317|tester319|tester322|tester323|tester324|tester325|tester710|tester719|tester726|tester727|tester728
673,46,UNDEF|tester1061|tester1085|tester1093|tester1095|tester1097|tester1101|tester1112|tester1113|tester1115|tester1116|tester1123|tester1124|tester1126|tester1447|tester1471|tester1472|tester1495|tester1498|tester1504|tester1506|tester1508|tester1510|tester1513|tester1514|tester1517|tester1519|tester1522|tester1528|tester310|tester312|tester313|tester315|tester316|tester317|tester319|tester322|tester323|tester324|tester325|tester328|tester710|tester719|tester726|tester727|tester728
674,46,UNDEF|tester1061|tester1085|tester1093|tester1095|tester1097|tester1101|tester1112|tester1113|tester1115|tester1116|tester1123|tester1124|tester1126|tester1447|tester1471|tester1472|tester1495|tester1498|tester1504|tester1506|tester1508|tester1510|tester1513|tester1514|tester1517|tester1519|tester1522|tester1528|tester1531|tester310|tester312|tester313|tester315|tester316|tester317|tester319|tester322|tester323|tester324|tester325|tester328|tester710|tester719|tester726|tester727
675,44,UNDEF|tester1061|tester1085|tester1093|tester1095|tester1097|tester1112|tester1113|tester1115|tester1116|tester1123|tester1124|tester1126|tester1447|tester1471|tester1472|tester1495|tester1498|tester1504|tester1506|tester1508|tester1510|tester1513|tester1514|tester1517|tester1519|tester1522|tester1528|tester1531|tester310|tester312|tester313|tester315|tester316|tester317|tester319|tester323|tester324|tester325|tester328|tester710|tester719|tester726|tester727
676,43,UNDEF|tester1061|tester1085|tester1093|tester1095|tester1097|tester1112|tester1113|tester1116|tester1123|tester1124|tester1126|tester1447|tester1471|tester1472|tester1495|tester1498|tester1504|tester1506|tester1508|tester1510|tester1513|tester1514|tester1517|tester1519|tester1522|tester1528|tester1531|tester310|tester312|tester313|tester315|tester316|tester317|tester319|tester323|tester324|tester325|tester328|tester710|tester719|tester726|tester727
677,42,UNDEF|tester1061|tester1085|tester1093|tester1095|tester1097|tester1112|tester1113|tester1116|tester1123|tester1124|tester1447|tester1471|tester1472|tester1495|tester1498|tester1504|tester1506|tester1508|tester1510|tester1513|tester1514|tester1517|tester1519|tester1522|tester1528|tester1531|tester310|tester312|tester313|tester315|tester316|tester317|tester319|tester323|tester324|tester325|tester328|tester710|tester719|tester726|tester727
678,42,UNDEF|tester1061|tester1085|tester1093|tester1095|tester1097|tester1112|tester1113|tester1116|tester1123|tester1124|tester1447|tester1471|tester1472|tester1495|tester1498|tester1504|tester1506|tester1508|tester1510|tester1513|tester1514|tester1517|tester1519|tester1522|tester1528|tester1531|tester310|tester312|tester313|tester315|tester316|tester317|tester319|tester323|tester324|tester325|tester328|tester710|tester719|tester726|tester727
679,40,UNDEF|tester1061|tester1085|tester1095|tester1097|tester1112|tester1113|tester1116|tester1123|tester1124|tester1447|tester1471|tester1472|tester1495|tester1498|tester1504|tester1506|tester1508|tester1510|tester1513|tester1517|tester1519|tester1522|tester1528|tester1531|tester310|tester312|tester313|tester315|tester316|tester317|tester319|tester323|tester324|tester325|tester328|tester710|tester719|tester726|tester727
680,39,UNDEF|tester1061|tester1085|tester1095|tester1097|tester1112|tester1113|tester1116|tester1123|tester1124|tester1447|tester1471|tester1472|tester1495|tester1498|tester1504|tester1506|tester1508|tester1513|tester1517|tester1519|tester1522|tester1528|tester1531|tester310|tester312|tester313|tester315|tester316|tester317|tester319|tester323|tester324|tester325|tester328|tester331|tester719|tester726|tester727
681,41,UNDEF|tester1061|tester1085|tester1095|tester1097|tester1112|tester1113|tester1116|tester1123|tester1124|tester1447|tester1471|tester1472|tester1495|tester1498|tester1504|tester1506|tester1508|tester1513|tester1517|tester1519|tester1522|tester1528|tester1529|tester1531|tester1533|tester310|tester312|tester313|tester315|tester316|tester317|tester319|tester323|tester324|tester325|tester328|tester331|tester719|tester727|tester730
682,42,UNDEF|tester1061|tester1085|tester1095|tester1097|tester1112|tester1113|tester1116|tester1123|tester1124|tester1447|tester1471|tester1472|tester1495|tester1498|tester1504|tester1506|tester1508|tester1513|tester1517|tester1519|tester1522|tester1528|tester1529|tester1531|tester1533|tester1534|tester310|tester312|tester313|tester315|tester316|tester317|tester319|tester323|tester324|tester325|tester328|tester331|tester334|tester719|tester730
683,45,UNDEF|tester1061|tester1085|tester1095|tester1097|tester1112|tester1113|tester1116|tester1123|tester1124|tester1133|tester1134|tester1447|tester1471|tester1472|tester1495|tester1498|tester1504|tester1506|tester1508|tester1513|tester1517|tester1519|tester1522|tester1528|tester1529|tester1531|tester1533|tester1534|tester310|tester312|tester313|tester315|tester316|tester317|tester319|tester323|tester324|tester325|tester328|tester331|tester334|tester719|tester730|tester731
684,47,UNDEF|tester1061|tester1085|tester1095|tester1097|tester1112|tester1113|tester1116|tester1123|tester1124|tester1133|tester1134|tester1447|tester1471|tester1472|tester1495|tester1498|tester1504|tester1506|tester1508|tester1513|tester1517|tester1519|tester1522|tester1528|tester1529|tester1531|tester1533|tester1534|tester310|tester312|tester313|tester315|tester316|tester317|tester319|tester323|tester324|tester325|tester328|tester331|tester333|tester334|tester719|tester730|tester731|tester734
685,46,UNDEF|tester1061|tester1095|tester1097|tester1112|tester1113|tester1116|tester1123|tester1124|tester1133|tester1134|tester1447|tester1471|tester1472|tester1495|tester1498|tester1504|tester1506|tester1508|tester1513|tester1517|tester1519|tester1522|tester1528|tester1529|tester1531|tester1533|tester1534|tester310|tester312|tester313|tester315|tester316|tester317|tester319|tester323|tester324|tester325|tester328|tester331|tester333|tester334|tester719|tester730|tester731|tester734
686,46,UNDEF|tester1061|tester1095|tester1097|tester1112|tester1113|tester1116|tester1123|tester1124|tester1133|tester1134|tester1447|tester1471|tester1472|tester1495|tester1498|tester1504|tester1506|tester1508|tester1513|tester1517|tester1519|tester1522|tester1528|tester1529|tester1531|tester1533|tester1534|tester310|tester312|tester313|tester315|tester316|tester317|tester319|tester323|tester324|tester325|tester328|tester331|tester333|tester334|tester719|tester730|tester731|tester734
687,47,UNDEF|tester1061|tester1095|tester1097|tester1112|tester1113|tester1116|tester1123|tester1124|tester1130|tester1133|tester1134|tester1447|tester1471|tester1472|tester1495|tester1498|tester1504|tester1506|tester1508|tester1513|tester1517|tester1519|tester1522|tester1528|tester1529|tester1531|tester1533|tester1534|tester310|tester312|tester313|tester315|tester316|tester317|tester319|tester323|tester324|tester325|tester328|tester331|tester333|tester334|tester719|tester730|tester731|tester734
688,45,UNDEF|tester1061|tester1095|tester1097|tester1113|tester1116|tester1124|tester1130|tester1133|tester1134|tester1447|tester1471|tester1472|tester1495|tester1498|tester1504|tester1506|tester1508|tester1513|tester1517|tester1519|tester1522|tester1528|tester1529|tester1531|tester1533|tester1534|tester310|tester312|tester313|tester315|tester316|tester317|tester319|tester323|tester324|tester325|tester328|tester331|tester333|tester334|tester719|tester730|tester731|tester734
689,45,UNDEF|tester1061|tester1095|tester1097|tester1113|tester1116|tester1124|tester1130|tester1133|tester1134|tester1447|tester1471|tester1472|tester1495|tester1498|tester1504|tester1506|tester1508|tester1513|tester1517|tester1519|tester1522|tester1528|tester1529|tester1531|tester1533|tester1534|tester310|tester312|tester313|tester315|tester316|tester317|tester319|tester323|tester324|tester325|tester328|tester331|tester333|tester334|tester719|tester730|tester731|tester734
690,48,UNDEF|tester1061|tester1095|tester1097|tester1113|tester1116|tester1124|tester1130|tester1133|tester1134|tester1137|tester1447|tester1471|tester1472|tester1495|tester1498|tester1504|tester1506|tester1508|tester1513|tester1517|tester1519|tester1522|tester1528|tester1529|tester1531|tester1533|tester1534|tester1537|tester1538|tester310|tester312|tester313|tester315|tester316|tester317|tester319|tester323|tester324|tester325|tester328|tester331|tester333|tester334|tester719|tester730|tester731|tester734
691,49,UNDEF|tester1061|tester1095|tester1097|tester1113|tester1116|tester1124|tester1130|tester1133|tester1134|tester1137|tester1447|tester1471|tester1472|tester1495|tester1498|tester1504|tester1506|tester1508|tester1513|tester1517|tester1519|tester1522|tester1528|tester1529|tester1531|tester1533|tester1534|tester1536|tester1537|tester1538|tester310|tester312|tester313|tester315|tester316|tester317|tester319|tester323|tester324|tester325|tester328|tester331|tester333|tester334|tester719|tester730|tester731|tester734
692,48,UNDEF|tester1061|tester1095|tester1097|tester1113|tester1116|tester1124|tester1130|tester1133|tester1134|tester1137|tester1447|tester1471|tester1472|tester1495|tester1498|tester1504|tester1506|tester1508|tester1513|tester1517|tester1519|tester1522|tester1528|tester1529|tester1531|tester1533|tester1534|tester1536|tester1537|tester1538|tester310|tester312|tester313|tester315|tester317|tester319|tester323|tester324|tester325|tester328|tester331|tester333|tester334|tester719|tester730|tester731|tester734
693,49,UNDEF|tester1061|tester1095|tester1097|tester1113|tester1116|tester1124|tester1130|tester1133|tester1134|tester1137|tester1447|tester1471|tester1472|tester1495|tester1498|tester1504|tester1506|tester1508|tester1513|tester1517|tester1519|tester1522|tester1528|tester1529|tester1531|tester1533|tester1534|tester1536|tester1537|tester1538|tester310|tester312|tester313|tester315|tester317|tester319|tester323|tester324|tester325|tester328|tester331|tester333|tester334|tester337|tester719|tester730|tester731|tester734
694,50,UNDEF|tester1061|tester1095|tester1097|tester1113|tester1116|tester1124|tester1130|tester1133|tester1134|tester1137|tester1139|tester1447|tester1471|tester1472|tester1495|tester1498|tester1504|tester1506|tester1508|tester1513|tester1517|tester1519|tester1522|tester1528|tester1529|tester1531|tester1533|tester1534|tester1536|tester1537|tester1538|tester310|tester312|tester313|tester315|tester317|tester319|tester323|tester324|tester325|tester328|tester331|tester333|tester334|tester337|tester719|tester730|tester731|tester734
695,52,UNDEF|tester1061|tester1095|tester1097|tester1113|tester1116|tester1124|tester1130|tester1133|tester1134|tester1137|tester1138|tester1139|tester1447|tester1471|tester1472|tester1495|tester1498|tester1504|tester1506|tester1508|tester1513|tester1517|tester1519|tester1522|tester1528|tester1529|tester1531|tester1533|tester1534|tester1536|tester1537|tester1538|tester1539|tester310|tester312|tester313|tester315|tester317|tester319|tester323|tester324|tester325|tester328|tester331|tester333|tester334|tester337|tester719|tester730|tester731|tester734
696,52,UNDEF|tester1061|tester1095|tester1097|tester1113|tester1116|tester1124|tester1130|tester1133|tester1134|tester1137|tester1138|tester1139|tester1447|tester1471|tester1472|tester1495|tester1498|tester1504|tester1506|tester1508|tester1513|tester1517|tester1519|tester1522|tester1528|tester1529|tester1531|tester1533|tester1534|tester1536|tester1537|tester1538|tester1539|tester310|tester312|tester313|tester315|tester317|tester319|tester323|tester324|tester325|tester328|tester331|tester333|tester334|tester337|tester719|tester730|tester731|tester734
697,55,UNDEF|tester1061|tester1095|tester1097|tester1113|tester1116|tester1124|tester1130|tester1133|tester1134|tester1137|tester1138|tester1139|tester1140|tester1447|tester1471|tester1472|tester1495|tester1498|tester1504|tester1506|tester1508|tester1513|tester1517|tester1519|tester1522|tester1528|tester1529|tester1531|tester1533|tester1534|tester1536|tester1537|tester1538|tester1539|tester310|tester312|tester313|tester315|tester317|tester319|tester323|tester324|tester325|tester327|tester328|tester331|tester333|tester334|tester337|tester719|tester730|tester731|tester734|tester738
698,56,UNDEF|tester1061|tester1095|tester1097|tester1113|tester1116|tester1124|tester1130|tester1133|tester1134|tester1137|tester1138|tester1139|tester1140|tester1447|tester1471|tester1472|tester1495|tester1498|tester1504|tester1506|tester1508|tester1513|tester1517|tester1519|tester1522|tester1528|tester1529|tester1531|tester1533|tester1534|tester1536|tester1537|tester1538|tester1539|tester310|tester312|tester313|tester315|tester317|tester319|tester323|tester324|tester325|tester327|tester328|tester331|tester333|tester334|tester337|tester719|tester730|tester731|tester734|tester738|tester739
699,56,UNDEF|tester1061|tester1095|tester1097|tester1113|tester1116|tester1124|tester1130|tester1133|tester1134|tester1137|tester1138|tester1139|tester1140|tester1447|tester1471|tester1472|tester1495|tester1498|tester1504|tester1506|tester1508|tester1513|tester1517|tester1519|tester1522|tester1528|tester1529|tester1531|tester1533|tester1534|tester1536|tester1537|tester1539|tester310|tester312|tester313|tester315|tester317|tester319|tester323|tester324|tester325|tester327|tester328|tester331|tester333|tester334|tester337|tester719|tester730|tester731|tester734|tester738|tester739|tester743
700,56,UNDEF|tester1061|tester1095|tester1097|tester1113|tester1116|tester1124|tester1130|tester1133|tester1134|tester1137|tester1138|tester1139|tester1140|tester1447|tester1471|tester1472|tester1495|tester1498|tester1504|tester1506|tester1508|tester1513|tester1517|tester1519|tester1522|tester1528|tester1529|tester1531|tester1533|tester1534|tester1536|tester1537|tester1539|tester1543|tester310|tester312|tester315|tester317|tester319|tester323|tester325|tester327|tester328|tester331|tester333|tester334|tester336|tester337|tester719|tester730|tester731|tester734|tester738|tester739|tester743
701,56,UNDEF|tester1061|tester1095|tester1097|tester1113|tester1116|tester1124|tester1130|tester1133|tester1134|tester1137|tester1138|tester1139|tester1140|tester1447|tester1471|tester1472|tester1495|tester1498|tester1504|tester1506|tester1508|tester1513|tester1517|tester1519|tester1522|tester1528|tester1529|tester1531|tester1533|tester1534|tester1536|tester1537|tester1539|tester1543|tester310|tester312|tester315|tester317|tester319|tester323|tester325|tester327|tester328|tester331|tester333|tester334|tester336|tester337|tester719|tester730|tester731|tester734|tester738|tester739|tester743
702,56,UNDEF|tester1061|tester1095|tester1097|tester1113|tester1116|tester1124|tester1130|tester1133|tester1134|tester1137|tester1138|tester1139|tester1140|tester1447|tester1471|tester1472|tester1495|tester1498|tester1504|tester1506|tester1508|tester1513|tester1517|tester1519|tester1522|tester1528|tester1529|tester1531|tester1533|tester1534|tester1536|tester1537|tester1539|tester1543|tester310|tester312|tester315|tester317|tester319|tester323|tester325|tester327|tester328|tester331|tester333|tester334|tester336|tester337|tester719|tester730|tester731|tester734|tester738|tester739|tester743
703,55,UNDEF|tester1061|tester1095|tester1097|tester1113|tester1116|tester1124|tester1130|tester1133|tester1134|tester1137|tester1138|tester1139|tester1140|tester1447|tester1471|tester1472|tester1495|tester1498|tester1504|tester1506|tester1508|tester1513|tester1517|tester1519|tester1522|tester1528|tester1529|tester1531|tester1533|tester1534|tester1536|tester1537|tester1539|tester1543|tester310|tester312|tester315|tester317|tester319|tester323|tester325|tester327|tester328|tester331|tester333|tester334|tester337|tester719|tester730|tester731|tester734|tester738|tester739|tester743
704,55,UNDEF|tester1061|tester1095|tester1097|tester1113|tester1116|tester1124|tester1130|tester1133|tester1134|tester1137|tester1138|tester1139|tester1140|tester1145|tester1447|tester1471|tester1472|tester1495|tester1498|tester1504|tester1506|tester1508|tester1513|tester1517|tester1519|tester1522|tester1528|tester1529|tester1531|tester1533|tester1534|tester1536|tester1537|tester1539|tester1543|tester310|tester312|tester315|tester317|tester319|tester323|tester325|tester328|tester331|tester333|tester334|tester337|tester719|tester730|tester731|tester734|tester738|tester739|tester743
705,54,UNDEF|tester1061|tester1095|tester1097|tester1113|tester1116|tester1124|tester1130|tester1133|tester1134|tester1137|tester1138|tester1139|tester1140|tester1145|tester1447|tester1471|tester1472|tester1495|tester1498|tester1504|tester1506|tester1508|tester1513|tester1517|tester1519|tester1522|tester1528|tester1529|tester1533|tester1534|tester1537|tester1539|tester1543|tester310|tester312|tester315|tester317|tester319|tester323|tester325|tester328|tester331|tester333|tester334|tester337|tester343|tester719|tester730|tester731|tester734|tester738|tester739|tester743
706,54,UNDEF|tester1061|tester1095|tester1097|tester1113|tester1116|tester1124|tester1130|tester1133|tester1134|tester1137|tester1138|tester1139|tester1140|tester1145|tester1447|tester1471|tester1472|tester1495|tester1498|tester1504|tester1506|tester1508|tester1513|tester1517|tester1519|tester1522|tester1528|tester1529|tester1533|tester1534|tester1537|tester1539|tester1543|tester310|tester312|tester315|tester317|tester319|tester323|tester325|tester328|tester331|tester333|tester334|tester337|tester343|tester719|tester730|tester731|tester734|tester738|tester739|tester743
707,54,UNDEF|tester1061|tester1095|tester1097|tester1113|tester1116|tester1124|tester1130|tester1133|tester1134|tester1137|tester1138|tester1139|tester1140|tester1145|tester1447|tester1471|tester1472|tester1495|tester1498|tester1504|tester1506|tester1508|tester1513|tester1517|tester1519|tester1522|tester1528|tester1529|tester1533|tester1534|tester1537|tester1539|tester1543|tester310|tester312|tester315|tester317|tester319|tester323|tester325|tester328|tester331|tester333|tester334|tester337|tester343|tester719|tester730|tester731|tester734|tester738|tester739|tester743
708,53,UNDEF|tester1061|tester1095|tester1097|tester1113|tester1116|tester1124|tester1130|tester1133|tester1134|tester1137|tester1138|tester1139|tester1140|tester1145|tester1447|tester1471|tester1472|tester1495|tester1498|tester1504|tester1506|tester1508|tester1513|tester1517|tester1519|tester1522|tester1528|tester1529|tester1533|tester1534|tester1537|tester1539|tester1543|tester310|tester312|tester315|tester317|tester319|tester323|tester325|tester328|tester331|tester333|tester334|tester337|tester719|tester730|tester731|tester734|tester738|tester739|tester743
709,53,UNDEF|tester1061|tester1095|tester1097|tester1113|tester1116|tester1124|tester1130|tester1133|tester1134|tester1137|tester1138|tester1139|tester1140|tester1145|tester1447|tester1471|tester1472|tester1495|tester1498|tester1504|tester1506|tester1508|tester1513|tester1517|tester1519|tester1522|tester1528|tester1529|tester1533|tester1534|tester1537|tester1539|tester1543|tester1547|tester310|tester312|tester315|tester317|tester319|tester323|tester328|tester331|tester333|tester334|tester337|tester719|tester730|tester731|tester734|tester738|tester739|tester743
710,54,UNDEF|tester1061|tester1095|tester1097|tester1113|tester1116|tester1124|tester1130|tester1133|tester1134|tester1137|tester1138|tester1139|tester1140|tester1145|tester1447|tester1471|tester1472|tester1495|tester1498|tester1504|tester1506|tester1508|tester1513|tester1517|tester1519|tester1522|tester1528|tester1529|tester1533|tester1534|tester1537|tester1539|tester1543|tester1547|tester310|tester312|tester315|tester317|tester319|tester323|tester328|tester331|tester333|tester334|tester337|tester719|tester730|tester731|tester734|tester738|tester739|tester743|tester748
711,55,UNDEF|tester1061|tester1095|tester1097|tester1113|tester1116|tester1124|tester1130|tester1133|tester1134|tester1137|tester1138|tester1139|tester1140|tester1145|tester1147|tester1447|tester1471|tester1472|tester1495|tester1498|tester1504|tester1506|tester1508|tester1513|tester1517|tester1519|tester1522|tester1528|tester1529|tester1533|tester1534|tester1537|tester1539|tester1543|tester1547|tester310|tester312|tester315|tester317|tester319|tester323|tester328|tester331|tester333|tester334|tester337|tester719|tester730|tester731|tester734|tester738|tester739|tester743|tester748
712,56,UNDEF|tester1061|tester1095|tester1097|tester1113|tester1116|tester1124|tester1130|tester1133|tester1134|tester1137|tester1138|tester1139|tester1140|tester1145|tester1147|tester1447|tester1471|tester1472|tester1495|tester1498|tester1504|tester1506|tester1508|tester1513|tester1517|tester1519|tester1522|tester1528|tester1529|tester1533|tester1534|tester1537|tester1539|tester1543|tester1547|tester310|tester312|tester315|tester317|tester319|tester323|tester328|tester331|tester333|tester334|tester337|tester350|tester719|tester730|tester731|tester734|tester738|tester739|tester743|tester748
713,57,UNDEF|tester1061|tester1095|tester1097|tester1113|tester1116|tester1124|tester1130|tester1133|tester1134|tester1137|tester1138|tester1139|tester1140|tester1145|tester1147|tester1447|tester1471|tester1472|tester1495|tester1498|tester1504|tester1506|tester1508|tester1513|tester1517|tester1519|tester1522|tester1528|tester1529|tester1533|tester1534|tester1537|tester1539|tester1543|tester1547|tester310|tester312|tester315|tester317|tester319|tester323|tester328|tester331|tester333|tester334|tester337|tester349|tester350|tester719|tester730|tester731|tester734|tester738|tester739|tester743|tester748
714,57,UNDEF|tester1061|tester1095|tester1097|tester1113|tester1116|tester1124|tester1130|tester1133|tester1134|tester1137|tester1138|tester1139|tester1140|tester1145|tester1147|tester1447|tester1471|tester1472|tester1495|tester1498|tester1504|tester1506|tester1508|tester1513|tester1517|tester1519|tester1522|tester1528|tester1529|tester1533|tester1534|tester1537|tester1539|tester1543|tester1547|tester310|tester312|tester315|tester317|tester319|tester323|tester328|tester331|tester333|tester334|tester337|tester349|tester350|tester719|tester730|tester731|tester734|tester738|tester739|tester743|tester748
715,56,UNDEF|tester1061|tester1095|tester1097|tester1113|tester1116|tester1124|tester1130|tester1133|tester1134|tester1137|tester1138|tester1139|tester1140|tester1145|tester1147|tester1447|tester1471|tester1472|tester1495|tester1498|tester1504|tester1506|tester1508|tester1513|tester1517|tester1519|tester1522|tester1528|tester1529|tester1533|tester1534|tester1537|tester1539|tester1543|tester1547|tester310|tester312|tester315|tester317|tester319|tester323|tester328|tester331|tester333|tester334|tester337|tester349|tester350|tester719|tester730|tester731|tester734|tester738|tester739|tester743
716,58,UNDEF|tester1061|tester1095|tester1097|tester1113|tester1116|tester1124|tester1130|tester1133|tester1134|tester1137|tester1138|tester1139|tester1140|tester1145|tester1147|tester1150|tester1447|tester1471|tester1472|tester1495|tester1498|tester1504|tester1506|tester1508|tester1513|tester1517|tester1519|tester1522|tester1528|tester1529|tester1533|tester1534|tester1537|tester1539|tester1543|tester1547|tester310|tester312|tester315|tester317|tester319|tester323|tester328|tester331|tester333|tester334|tester337|tester349|tester350|tester719|tester730|tester731|tester734|tester738|tester739|tester743|tester753
717,58,UNDEF|tester1061|tester1097|tester1113|tester1116|tester1124|tester1130|tester1133|tester1134|tester1137|tester1138|tester1139|tester1140|tester1145|tester1147|tester1150|tester1447|tester1471|tester1472|tester1495|tester1498|tester1504|tester1506|tester1508|tester1513|tester1517|tester1519|tester1522|tester1528|tester1529|tester1533|tester1534|tester1537|tester1539|tester1543|tester1547|tester310|tester312|tester315|tester317|tester319|tester323|tester328|tester331|tester333|tester334|tester337|tester349|tester350|tester719|tester730|tester731|tester734|tester738|tester739|tester743|tester747|tester753
718,58,UNDEF|tester1061|tester1097|tester1113|tester1116|tester1124|tester1130|tester1133|tester1134|tester1137|tester1138|tester1139|tester1140|tester1145|tester1147|tester1150|tester1447|tester1471|tester1472|tester1495|tester1498|tester1504|tester1506|tester1508|tester1513|tester1517|tester1519|tester1522|tester1528|tester1529|tester1533|tester1534|tester1537|tester1539|tester1543|tester1547|tester310|tester312|tester315|tester317|tester319|tester323|tester328|tester331|tester333|tester334|tester337|tester349|tester350|tester719|tester730|tester731|tester734|tester738|tester739|tester743|tester747|tester753
719,58,UNDEF|tester1061|tester1097|tester1113|tester1116|tester1124|tester1130|tester1133|tester1134|tester1137|tester1138|tester1139|tester1140|tester1145|tester1147|tester1150|tester1447|tester1471|tester1472|tester1495|tester1498|tester1504|tester1506|tester1508|tester1513|tester1517|tester1519|tester1522|tester1528|tester1529|tester1533|tester1534|tester1537|tester1539|tester1543|tester1547|tester310|tester312|tester315|tester317|tester319|tester323|tester328|tester331|tester333|tester334|tester337|tester349|tester350|tester719|tester730|tester731|tester734|tester738|tester739|tester743|tester747|tester753
720,60,UNDEF|tester1061|tester1097|tester1113|tester1116|tester1124|tester1130|tester1133|tester1134|tester1137|tester1138|tester1139|tester1140|tester1145|tester1147|tester1150|tester1152|tester1447|tester1471|tester1472|tester1495|tester1498|tester1504|tester1506|tester1508|tester1513|tester1517|tester1519|tester1522|tester1528|tester1529|tester1533|tester1534|tester1537|tester1539|tester1543|tester1547|tester310|tester312|tester315|tester317|tester319|tester323|tester328|tester331|tester333|tester334|tester337|tester349|tester350|tester719|tester730|tester731|tester734|tester738|tester739|tester743|tester746|tester747|tester753
721,61,UNDEF|tester1061|tester1097|tester1113|tester1116|tester1124|tester1130|tester1133|tester1134|tester1137|tester1138|tester1139|tester1140|tester1145|tester1147|tester1150|tester1152|tester1447|tester1471|tester1472|tester1495|tester1498|tester1504|tester1506|tester1508|tester1513|tester1517|tester1519|tester1522|tester1528|tester1529|tester1533|tester1534|tester1537|tester1539|tester1543|tester1547|tester1550|tester310|tester312|tester315|tester317|tester319|tester323|tester328|tester331|tester333|tester334|tester337|tester349|tester350|tester719|tester730|tester731|tester734|tester738|tester739|tester743|tester746|tester747|tester753
722,62,UNDEF|tester1061|tester1097|tester1113|tester1116|tester1124|tester1130|tester1133|tester1134|tester1137|tester1138|tester1139|tester1140|tester1145|tester1147|tester1150|tester1152|tester1447|tester1471|tester1472|tester1495|tester1498|tester1504|tester1506|tester1508|tester1513|tester1517|tester1519|tester1522|tester1528|tester1529|tester1533|tester1534|tester1537|tester1539|tester1543|tester1547|tester1550|tester1553|tester310|tester312|tester315|tester317|tester319|tester323|tester328|tester331|tester333|tester334|tester337|tester349|tester350|tester719|tester730|tester731|tester734|tester738|tester739|tester743|tester746|tester747|tester753
723,63,UNDEF|tester1061|tester1097|tester1113|tester1116|tester1124|tester1130|tester1133|tester1134|tester1137|tester1138|tester1139|tester1140|tester1145|tester1147|tester1150|tester1152|tester1447|tester1471|tester1472|tester1495|tester1498|tester1504|tester1506|tester1508|tester1513|tester1517|tester1519|tester1522|tester1528|tester1529|tester1533|tester1534|tester1537|tester1539|tester1543|tester1547|tester1550|tester1552|tester1553|tester310|tester312|tester315|tester317|tester319|tester323|tester328|tester331|tester333|tester334|tester337|tester349|tester350|tester719|tester730|tester731|tester734|tester738|tester739|tester743|tester746|tester747|tester753
724,64,UNDEF|tester1061|tester1097|tester1113|tester1116|tester1124|tester1130|tester1133|tester1134|tester1137|tester1138|tester1139|tester1140|tester1145|tester1147|tester1150|tester1152|tester1447|tester1471|tester1472|tester1495|tester1498|tester1504|tester1506|tester1508|tester1513|tester1517|tester1519|tester1522|tester1528|tester1529|tester1533|tester1534|tester1537|tester1539|tester1543|tester1547|tester1550|tester1551|tester1552|tester1553|tester310|tester312|tester315|tester317|tester319|tester323|tester328|tester331|tester333|tester334|tester337|tester349|tester350|tester719|tester730|tester731|tester734|tester738|tester739|tester743|tester746|tester747|tester753
725,64,UNDEF|tester1061|tester1097|tester1113|tester1116|tester1124|tester1130|tester1133|tester1134|tester1137|tester1138|tester1139|tester1140|tester1145|tester1147|tester1150|tester1152|tester1447|tester1471|tester1472|tester1495|tester1498|tester1504|tester1506|tester1508|tester1513|tester1517|tester1519|tester1522|tester1528|tester1529|tester1533|tester1534|tester1537|tester1539|tester1543|tester1547|tester1550|tester1551|tester1552|tester1553|tester310|tester312|tester315|tester317|tester319|tester323|tester328|tester331|tester333|tester334|tester337|tester349|tester350|tester719|tester730|tester731|tester734|tester738|tester739|tester743|tester746|tester747|tester753
726,66,UNDEF|tester1061|tester1097|tester1113|tester1116|tester1124|tester1130|tester1133|tester1134|tester1137|tester1138|tester1139|tester1140|tester1145|tester1147|tester1150|tester1152|tester1447|tester1471|tester1472|tester1495|tester1498|tester1504|tester1506|tester1508|tester1513|tester1517|tester1519|tester1522|tester1528|tester1529|tester1533|tester1534|tester1537|tester1539|tester1543|tester1547|tester1550|tester1551|tester1552|tester1553|tester310|tester312|tester315|tester317|tester319|tester323|tester328|tester331|tester333|tester334|tester337|tester349|tester350|tester719|tester730|tester731|tester734|tester738|tester739|tester743|tester746|tester747|tester753|tester755|tester757
727,65,UNDEF|tester1061|tester1113|tester1116|tester1124|tester1130|tester1133|tester1134|tester1137|tester1138|tester1139|tester1140|tester1145|tester1147|tester1150|tester1152|tester1447|tester1471|tester1472|tester1495|tester1498|tester1504|tester1506|tester1508|tester1513|tester1517|tester1519|tester1522|tester1528|tester1529|tester1533|tester1534|tester1537|tester1539|tester1543|tester1547|tester1550|tester1551|tester1552|tester1553|tester310|tester312|tester315|tester317|tester319|tester323|tester328|tester331|tester333|tester334|tester337|tester349|tester350|tester719|tester730|tester731|tester734|tester738|tester739|tester743|tester746|tester747|tester753|tester755|tester757
728,65,UNDEF|tester1061|tester1113|tester1116|tester1124|tester1130|tester1133|tester1134|tester1137|tester1138|tester1139|tester1140|tester1145|tester1147|tester1150|tester1152|tester1447|tester1471|tester1472|tester1495|tester1498|tester1504|tester1506|tester1508|tester1517|tester1519|tester1522|tester1528|tester1529|tester1533|tester1534|tester1537|tester1539|tester1543|tester1547|tester1550|tester1551|tester1552|tester1553|tester310|tester312|tester315|tester317|tester319|tester323|tester328|tester331|tester333|tester334|tester337|tester349|tester350|tester719|tester730|tester731|tester734|tester738|tester739|tester743|tester746|tester747|tester753|tester754|tester755|tester757
729,67,UNDEF|tester1061|tester1113|tester1116|tester1124|tester1130|tester1133|tester1134|tester1137|tester1138|tester1139|tester1140|tester1145|tester1147|tester1150|tester1152|tester1155|tester1447|tester1471|tester1472|tester1495|tester1498|tester1504|tester1506|tester1508|tester1517|tester1519|tester1522|tester1528|tester1529|tester1533|tester1534|tester1537|tester1539|tester1543|tester1547|tester1550|tester1551|tester1552|tester1553|tester310|tester312|tester315|tester317|tester319|tester323|tester328|tester331|tester333|tester334|tester337|tester349|tester350|tester355|tester719|tester730|tester731|tester734|tester738|tester739|tester743|tester746|tester747|tester753|tester754|tester755|tester757
730,67,UNDEF|tester1061|tester1113|tester1116|tester1124|tester1130|tester1133|tester1134|tester1137|tester1138|tester1139|tester1140|tester1145|tester1147|tester1150|tester1152|tester1155|tester1447|tester1471|tester1472|tester1495|tester1498|tester1504|tester1506|tester1508|tester1517|tester1519|tester1522|tester1528|tester1529|tester1533|tester1534|tester1537|tester1539|tester1543|tester1547|tester1550|tester1551|tester1552|tester1553|tester310|tester312|tester315|tester317|tester319|tester323|tester328|tester331|tester333|tester337|tester349|tester350|tester354|tester355|tester719|tester730|tester731|tester734|tester738|tester739|tester743|tester746|tester747|tester753|tester754|tester755|tester757
731,70,UNDEF|tester1061|tester1113|tester1116|tester1124|tester1130|tester1133|tester1134|tester1137|tester1138|tester1139|tester1140|tester1145|tester1147|tester1150|tester1152|tester1155|tester1157|tester1158|tester1447|tester1471|tester1472|tester1495|tester1498|tester1504|tester1506|tester1508|tester1517|tester1519|tester1522|tester1528|tester1529|tester1533|tester1534|tester1539|tester1543|tester1547|tester1550|tester1551|tester1552|tester1553|tester1554|tester310|tester312|tester315|tester317|tester319|tester323|tester328|tester331|tester333|tester337|tester349|tester350|tester354|tester355|tester719|tester730|tester731|tester734|tester738|tester739|tester743|tester746|tester747|tester753|tester754|tester755|tester757|tester759
732,70,UNDEF|tester1061|tester1113|tester1116|tester1124|tester1130|tester1133|tester1134|tester1137|tester1138|tester1139|tester1140|tester1145|tester1147|tester1150|tester1152|tester1155|tester1157|tester1158|tester1447|tester1471|tester1472|tester1495|tester1504|tester1506|tester1508|tester1517|tester1519|tester1522|tester1528|tester1529|tester1533|tester1534|tester1539|tester1543|tester1547|tester1550|tester1551|tester1552|tester1553|tester1554|tester310|tester312|tester315|tester317|tester319|tester323|tester328|tester331|tester333|tester337|tester349|tester350|tester354|tester355|tester358|tester719|tester730|tester731|tester734|tester738|tester739|tester743|tester746|tester747|tester753|tester754|tester755|tester757|tester759
733,70,UNDEF|tester1061|tester1113|tester1116|tester1124|tester1130|tester1133|tester1134|tester1137|tester1138|tester1139|tester1140|tester1145|tester1147|tester1150|tester1152|tester1155|tester1157|tester1158|tester1447|tester1471|tester1472|tester1495|tester1504|tester1506|tester1508|tester1517|tester1519|tester1522|tester1528|tester1529|tester1533|tester1534|tester1539|tester1543|tester1547|tester1550|tester1551|tester1552|tester1553|tester1554|tester310|tester312|tester315|tester317|tester319|tester323|tester328|tester331|tester333|tester337|tester349|tester350|tester354|tester355|tester358|tester719|tester730|tester731|tester734|tester738|tester739|tester743|tester746|tester747|tester753|tester754|tester755|tester757|tester759
734,70,UNDEF|tester1061|tester1113|tester1116|tester1124|tester1130|tester1133|tester1134|tester1137|tester1138|tester1139|tester1140|tester1145|tester1147|tester1150|tester1152|tester1155|tester1157|tester1158|tester1447|tester1471|tester1472|tester1495|tester1504|tester1506|tester1508|tester1517|tester1519|tester1522|tester1528|tester1529|tester1533|tester1534|tester1539|tester1543|tester1547|tester1550|tester1551|tester1552|tester1553|tester1554|tester310|tester312|tester315|tester317|tester319|tester323|tester328|tester331|tester333|tester337|tester349|tester350|tester354|tester355|tester358|tester719|tester730|tester731|tester734|tester738|tester739|tester743|tester746|tester747|tester753|tester754|tester755|tester757|tester759
735,74,UNDEF|tester1061|tester1113|tester1116|tester1124|tester1130|tester1133|tester1134|tester1137|tester1138|tester1139|tester1140|tester1145|tester1147|tester1150|tester1152|tester1155|tester1157|tester1158|tester1447|tester1471|tester1472|tester1495|tester1504|tester1506|tester1508|tester1517|tester1519|tester1522|tester1528|tester1529|tester1533|tester1534|tester1539|tester1543|tester1547|tester1550|tester1551|tester1552|tester1553|tester1554|tester1555|tester1556|tester1560|tester310|tester312|tester315|tester317|tester319|tester323|tester328|tester331|tester333|tester337|tester349|tester350|tester354|tester355|tester358|tester361|tester719|tester730|tester731|tester734|tester738|tester739|tester743|tester746|tester747|tester753|tester754|tester755|tester757|tester759
736,71,UNDEF|tester1061|tester1116|tester1130|tester1134|tester1137|tester1138|tester1139|tester1140|tester1145|tester1147|tester1150|tester1152|tester1155|tester1157|tester1158|tester1447|tester1471|tester1472|tester1495|tester1504|tester1506|tester1508|tester1517|tester1519|tester1522|tester1528|tester1529|tester1533|tester1534|tester1539|tester1543|tester1547|tester1550|tester1551|tester1552|tester1553|tester1554|tester1555|tester1556|tester1560|tester310|tester312|tester315|tester317|tester319|tester323|tester328|tester331|tester333|tester337|tester349|tester350|tester354|tester355|tester358|tester361|tester719|tester730|tester731|tester734|tester738|tester739|tester743|tester746|tester747|tester753|tester754|tester755|tester757|tester759
737,70,UNDEF|tester1061|tester1116|tester1130|tester1134|tester1137|tester1138|tester1139|tester1140|tester1145|tester1147|tester1150|tester1152|tester1157|tester1158|tester1447|tester1471|tester1472|tester1495|tester1504|tester1506|tester1508|tester1517|tester1519|tester1522|tester1528|tester1529|tester1533|tester1534|tester1539|tester1543|tester1547|tester1550|tester1551|tester1552|tester1553|tester1554|tester1555|tester1556|tester1560|tester310|tester312|tester315|tester317|tester319|tester323|tester328|tester331|tester333|tester337|tester349|tester350|tester354|tester355|tester358|tester361|tester719|tester730|tester731|tester734|tester738|tester739|tester743|tester746|tester747|tester753|tester754|tester755|tester757|tester759
738,71,UNDEF|tester1061|tester1116|tester1130|tester1134|tester1137|tester1138|tester1139|tester1140|tester1145|tester1147|tester1150|tester1152|tester1157|tester1158|tester1447|tester1471|tester1472|tester1495|tester1504|tester1506|tester1508|tester1517|tester1519|tester1522|tester1528|tester1529|tester1533|tester1534|tester1539|tester1543|tester1547|tester1550|tester1551|tester1552|tester1553|tester1554|tester1555|tester1556|tester1559|tester1560|tester310|tester312|tester315|tester317|tester319|tester323|tester328|tester331|tester333|tester337|tester349|tester350|tester354|tester355|tester358|tester361|tester719|tester730|tester731|tester734|tester738|tester739|tester743|tester746|tester747|tester753|tester754|tester755|tester757|tester759
739,71,UNDEF|tester1061|tester1116|tester1130|tester1134|tester1137|tester1138|tester1139|tester1140|tester1145|tester1147|tester1150|tester1152|tester1153|tester1157|tester1158|tester1447|tester1471|tester1472|tester1495|tester1504|tester1506|tester1508|tester1517|tester1519|tester1522|tester1528|tester1529|tester1533|tester1534|tester1539|tester1543|tester1547|tester1550|tester1551|tester1552|tester1553|tester1554|tester1555|tester1556|tester1559|tester1560|tester310|tester312|tester315|tester317|tester319|tester323|tester328|tester331|tester333|tester337|tester349|tester354|tester355|tester358|tester361|tester719|tester730|tester731|tester734|tester738|tester739|tester743|tester746|tester747|tester753|tester754|tester755|tester757|tester759
740,70,UNDEF|tester1061|tester1116|tester1130|tester1137|tester1138|tester1139|tester1140|tester1145|tester1147|tester1150|tester1152|tester1153|tester1157|tester1158|tester1447|tester1471|tester1472|tester1495|tester1504|tester1506|tester1508|tester1517|tester1519|tester1522|tester1528|tester1529|tester1533|tester1534|tester1539|tester1543|tester1547|tester1550|tester1551|tester1552|tester1553|tester1554|tester1555|tester1556|tester1559|tester1560|tester310|tester312|tester315|tester317|tester319|tester323|tester328|tester331|tester333|tester337|tester349|tester354|tester355|tester358|tester361|tester719|tester730|tester731|tester734|tester738|tester739|tester743|tester746|tester747|tester753|tester754|tester755|tester757|tester759
741,64,UNDEF|tester1061|tester1116|tester1130|tester1137|tester1138|tester1139|tester1140|tester1145|tester1147|tester1150|tester1152|tester1153|tester1157|tester1158|tester1447|tester1471|tester1472|tester1495|tester1504|tester1506|tester1508|tester1517|tester1519|tester1522|tester1528|tester1529|tester1533|tester1534|tester1539|tester1543|tester1547|tester1550|tester1551|tester1552|tester1553|tester1554|tester1555|tester1556|tester1559|tester1560|tester312|tester315|tester317|tester319|tester333|tester349|tester354|tester358|tester359|tester719|tester730|tester731|tester734|tester738|tester739|tester743|tester746|tester747|tester753|tester754|tester755|tester757|tester759
742,59,UNDEF|tester1061|tester1116|tester1130|tester1137|tester1138|tester1139|tester1140|tester1145|tester1147|tester1150|tester1152|tester1153|tester1157|tester1158|tester1447|tester1471|tester1472|tester1495|tester1504|tester1506|tester1508|tester1517|tester1519|tester1522|tester1528|tester1529|tester1533|tester1534|tester1539|tester1543|tester1547|tester1550|tester1551|tester1552|tester1553|tester1554|tester1555|tester1556|tester1559|tester1560|tester315|tester317|tester319|tester359|tester719|tester730|tester731|tester734|tester738|tester739|tester743|tester746|tester747|tester753|tester754|tester755|tester757|tester759
743,59,UNDEF|tester1061|tester1116|tester1130|tester1137|tester1138|tester1139|tester1140|tester1145|tester1147|tester1150|tester1152|tester1153|tester1157|tester1158|tester1447|tester1471|tester1472|tester1495|tester1504|tester1506|tester1508|tester1517|tester1519|tester1522|tester1528|tester1529|tester1533|tester1534|tester1539|tester1543|tester1547|tester1550|tester1551|tester1552|tester1553|tester1554|tester1555|tester1556|tester1559|tester1560|tester315|tester317|tester319|tester359|tester719|tester730|tester731|tester734|tester738|tester739|tester743|tester746|tester747|tester753|tester754|tester755|tester757|tester759
744,62,UNDEF|tester1061|tester1116|tester1130|tester1137|tester1138|tester1139|tester1140|tester1145|tester1147|tester1150|tester1152|tester1153|tester1157|tester1158|tester1447|tester1471|tester1472|tester1495|tester1504|tester1506|tester1508|tester1517|tester1519|tester1522|tester1528|tester1529|tester1533|tester1534|tester1539|tester1543|tester1547|tester1550|tester1551|tester1552|tester1553|tester1554|tester1555|tester1556|tester1559|tester1560|tester1561|tester1562|tester315|tester317|tester319|tester359|tester719|tester730|tester731|tester734|tester738|tester739|tester743|tester746|tester747|tester753|tester754|tester755|tester757|tester759|tester766
745,61,UNDEF|tester1061|tester1116|tester1137|tester1138|tester1139|tester1140|tester1145|tester1147|tester1150|tester1152|tester1153|tester1157|tester1158|tester1164|tester1447|tester1471|tester1495|tester1504|tester1506|tester1508|tester1517|tester1519|tester1522|tester1528|tester1529|tester1533|tester1534|tester1539|tester1543|tester1547|tester1550|tester1551|tester1552|tester1553|tester1554|tester1555|tester1556|tester1559|tester1560|tester1561|tester1562|tester315|tester317|tester319|tester359|tester719|tester730|tester731|tester734|tester738|tester739|tester743|tester746|tester747|tester753|tester754|tester755|tester757|tester759|tester766
746,61,UNDEF|tester1061|tester1116|tester1137|tester1138|tester1139|tester1140|tester1145|tester1147|tester1150|tester1152|tester1153|tester1157|tester1158|tester1162|tester1164|tester1447|tester1471|tester1495|tester1504|tester1506|tester1508|tester1517|tester1519|tester1522|tester1528|tester1529|tester1533|tester1534|tester1539|tester1543|tester1547|tester1550|tester1551|tester1552|tester1553|tester1554|tester1555|tester1556|tester1559|tester1560|tester1561|tester1562|tester315|tester359|tester367|tester719|tester730|tester731|tester734|tester738|tester739|tester743|tester746|tester747|tester753|tester754|tester755|tester757|tester759|tester766
747,64,UNDEF|tester1061|tester1116|tester1137|tester1138|tester1139|tester1140|tester1145|tester1147|tester1150|tester1152|tester1153|tester1157|tester1158|tester1161|tester1162|tester1164|tester1447|tester1471|tester1495|tester1504|tester1506|tester1508|tester1517|tester1519|tester1522|tester1528|tester1529|tester1533|tester1534|tester1539|tester1543|tester1547|tester1550|tester1551|tester1552|tester1553|tester1554|tester1555|tester1556|tester1559|tester1560|tester1561|tester1562|tester315|tester359|tester362|tester365|tester367|tester719|tester730|tester731|tester734|tester738|tester739|tester743|tester746|tester747|tester753|tester754|tester755|tester757|tester759|tester766
748,61,UNDEF|tester1061|tester1116|tester1138|tester1139|tester1145|tester1147|tester1150|tester1152|tester1153|tester1157|tester1161|tester1162|tester1164|tester1447|tester1471|tester1495|tester1504|tester1506|tester1508|tester1517|tester1519|tester1522|tester1528|tester1529|tester1533|tester1534|tester1539|tester1543|tester1547|tester1550|tester1551|tester1552|tester1553|tester1554|tester1555|tester1556|tester1559|tester1560|tester1561|tester1562|tester315|tester359|tester362|tester365|tester367|tester719|tester730|tester731|tester734|tester738|tester739|tester743|tester746|tester747|tester753|tester754|tester755|tester757|tester759|tester766
749,61,UNDEF|tester1061|tester1138|tester1139|tester1145|tester1147|tester1150|tester1153|tester1157|tester1161|tester1162|tester1164|tester1447|tester1471|tester1495|tester1504|tester1506|tester1508|tester1517|tester1519|tester1522|tester1528|tester1529|tester1533|tester1534|tester1539|tester1543|tester1547|tester1550|tester1551|tester1552|tester1553|tester1554|tester1555|tester1556|tester1559|tester1560|tester1561|tester1562|tester315|tester359|tester362|tester365|tester366|tester367|tester719|tester730|tester731|tester734|tester738|tester739|tester743|tester746|tester747|tester753|tester754|tester755|tester757|tester759|tester766|tester768
750,61,UNDEF|tester1061|tester1138|tester1139|tester1145|tester1147|tester1150|tester1153|tester1157|tester1161|tester1162|tester1164|tester1447|tester1471|tester1495|tester1504|tester1506|tester1508|tester1517|tester1519|tester1522|tester1528|tester1529|tester1533|tester1534|tester1539|tester1543|tester1547|tester1550|tester1551|tester1552|tester1553|tester1554|tester1555|tester1556|tester1559|tester1560|tester1561|tester1562|tester315|tester359|tester362|tester365|tester366|tester367|tester719|tester730|tester731|tester734|tester738|tester739|tester743|tester746|tester747|tester753|tester754|tester755|tester757|tester759|tester766|tester768
751,58,UNDEF|tester1061|tester1138|tester1139|tester1147|tester1150|tester1153|tester1157|tester1161|tester1162|tester1164|tester1447|tester1471|tester1495|tester1504|tester1506|tester1508|tester1517|tester1519|tester1522|tester1528|tester1529|tester1533|tester1534|tester1539|tester1543|tester1547|tester1551|tester1552|tester1553|tester1554|tester1555|tester1556|tester1560|tester1561|tester1562|tester315|tester359|tester362|tester365|tester366|tester367|tester719|tester730|tester731|tester734|tester738|tester739|tester743|tester746|tester747|tester753|tester754|tester755|tester757|tester759|tester766|tester768
752,57,UNDEF|tester1061|tester1138|tester1139|tester1147|tester1150|tester1153|tester1157|tester1161|tester1162|tester1164|tester1165|tester1447|tester1471|tester1495|tester1504|tester1506|tester1508|tester1517|tester1519|tester1528|tester1529|tester1533|tester1534|tester1539|tester1543|tester1547|tester1551|tester1552|tester1553|tester1555|tester1556|tester1560|tester1561|tester1562|tester315|tester359|tester362|tester365|tester366|tester367|tester719|tester730|tester731|tester734|tester738|tester739|tester743|tester746|tester747|tester753|tester754|tester755|tester757|tester759|tester766|tester768
753,56,UNDEF|tester1061|tester1138|tester1139|tester1147|tester1150|tester1153|tester1157|tester1161|tester1162|tester1164|tester1165|tester1447|tester1471|tester1495|tester1504|tester1506|tester1508|tester1517|tester1519|tester1528|tester1533|tester1534|tester1539|tester1543|tester1547|tester1551|tester1552|tester1553|tester1555|tester1556|tester1560|tester1561|tester1562|tester315|tester359|tester362|tester365|tester366|tester367|tester719|tester730|tester731|tester734|tester738|tester739|tester743|tester746|tester747|tester753|tester754|tester755|tester757|tester759|tester766|tester768
754,55,UNDEF|tester1061|tester1138|tester1139|tester1147|tester1150|tester1157|tester1162|tester1164|tester1165|tester1166|tester1447|tester1471|tester1495|tester1504|tester1506|tester1508|tester1517|tester1519|tester1528|tester1533|tester1534|tester1539|tester1543|tester1547|tester1551|tester1552|tester1553|tester1555|tester1556|tester1560|tester1561|tester1562|tester315|tester359|tester362|tester365|tester366|tester367|tester719|tester730|tester731|tester734|tester738|tester739|tester743|tester746|tester747|tester753|tester754|tester755|tester757|tester759|tester766|tester768
755,55,UNDEF|tester1061|tester1138|tester1139|tester1147|tester1150|tester1157|tester1162|tester1164|tester1165|tester1166|tester1447|tester1471|tester1495|tester1504|tester1506|tester1508|tester1517|tester1519|tester1528|tester1533|tester1534|tester1539|tester1543|tester1547|tester1551|tester1552|tester1553|tester1555|tester1556|tester1560|tester1561|tester1562|tester315|tester359|tester362|tester365|tester366|tester367|tester719|tester730|tester731|tester734|tester738|tester739|tester743|tester746|tester747|tester753|tester754|tester755|tester757|tester759|tester766|tester768
756,57,UNDEF|tester1061|tester1138|tester1139|tester1147|tester1150|tester1157|tester1162|tester1164|tester1165|tester1166|tester1447|tester1471|tester1495|tester1504|tester1506|tester1508|tester1517|tester1519|tester1528|tester1533|tester1534|tester1539|tester1543|tester1547|tester1551|tester1552|tester1553|tester1555|tester1556|tester1560|tester1561|tester1562|tester1567|tester315|tester359|tester362|tester365|tester366|tester367|tester719|tester730|tester731|tester734|tester738|tester739|tester743|tester746|tester747|tester749|tester753|tester754|tester755|tester757|tester759|tester766|tester768
757,57,UNDEF|tester1061|tester1138|tester1139|tester1147|tester1150|tester1157|tester1162|tester1164|tester1165|tester1166|tester1167|tester1447|tester1471|tester1495|tester1504|tester1506|tester1508|tester1517|tester1519|tester1528|tester1533|tester1534|tester1539|tester1543|tester1547|tester1551|tester1552|tester1553|tester1555|tester1556|tester1560|tester1561|tester1562|tester1567|tester315|tester359|tester362|tester365|tester366|tester367|tester719|tester730|tester731|tester734|tester738|tester739|tester743|tester746|tester749|tester753|tester754|tester755|tester757|tester759|tester766|tester768
758,57,UNDEF|tester1061|tester1138|tester1139|tester1147|tester1150|tester1157|tester1162|tester1164|tester1165|tester1166|tester1167|tester1447|tester1471|tester1495|tester1504|tester1506|tester1508|tester1517|tester1519|tester1528|tester1533|tester1534|tester1539|tester1543|tester1547|tester1551|tester1552|tester1553|tester1555|tester1556|tester1560|tester1561|tester1562|tester1567|tester315|tester359|tester362|tester365|tester366|tester367|tester719|tester730|tester731|tester734|tester738|tester739|tester743|tester746|tester749|tester753|tester754|tester755|tester757|tester759|tester766|tester768
759,59,UNDEF|tester1061|tester1138|tester1139|tester1147|tester1150|tester1157|tester1162|tester1164|tester1165|tester1166|tester1167|tester1171|tester1447|tester1471|tester1495|tester1504|tester1506|tester1508|tester1517|tester1519|tester1528|tester1533|tester1534|tester1539|tester1543|tester1547|tester1551|tester1552|tester1553|tester1555|tester1556|tester1560|tester1561|tester1562|tester1567|tester315|tester362|tester365|tester366|tester367|tester719|tester730|tester731|tester734|tester738|tester739|tester743|tester746|tester749|tester753|tester754|tester755|tester757|tester759|tester766|tester768|tester770|tester773
760,59,UNDEF|tester1061|tester1138|tester1139|tester1147|tester1150|tester1157|tester1162|tester1164|tester1165|tester1166|tester1167|tester1171|tester1447|tester1471|tester1495|tester1504|tester1506|tester1508|tester1517|tester1519|tester1528|tester1533|tester1534|tester1539|tester1543|tester1547|tester1551|tester1552|tester1553|tester1555|tester1556|tester1560|tester1561|tester1562|tester1567|tester315|tester362|tester365|tester366|tester367|tester719|tester730|tester731|tester734|tester738|tester739|tester743|tester746|tester749|tester753|tester754|tester755|tester757|tester759|tester766|tester768|tester770|tester773
761,59,UNDEF|tester1061|tester1138|tester1139|tester1147|tester1150|tester1157|tester1162|tester1164|tester1165|tester1166|tester1167|tester1171|tester1447|tester1471|tester1495|tester1504|tester1506|tester1508|tester1517|tester1519|tester1528|tester1533|tester1534|tester1539|tester1543|tester1547|tester1551|tester1552|tester1553|tester1555|tester1556|tester1560|tester1561|tester1562|tester1567|tester315|tester362|tester365|tester366|tester367|tester719|tester730|tester731|tester734|tester738|tester739|tester743|tester746|tester749|tester753|tester754|tester755|tester757|tester759|tester766|tester768|tester770|tester773
762,51,UNDEF|tester1139|tester1157|tester1162|tester1447|tester1471|tester1495|tester1504|tester1506|tester1508|tester1517|tester1519|tester1528|tester1533|tester1534|tester1539|tester1543|tester1547|tester1551|tester1552|tester1553|tester1555|tester1556|tester1560|tester1561|tester1562|tester1567|tester315|tester362|tester365|tester366|tester367|tester371|tester719|tester730|tester731|tester734|tester738|tester739|tester743|tester746|tester749|tester753|tester754|tester755|tester757|tester759|tester766|tester768|tester770|tester773
763,49,UNDEF|tester1447|tester1471|tester1495|tester1506|tester1508|tester1517|tester1519|tester1528|tester1533|tester1534|tester1539|tester1543|tester1547|tester1551|tester1552|tester1553|tester1555|tester1556|tester1560|tester1561|tester1562|tester1567|tester315|tester362|tester365|tester366|tester367|tester371|tester375|tester719|tester730|tester731|tester734|tester738|tester739|tester743|tester746|tester749|tester753|tester754|tester755|tester757|tester759|tester766|tester768|tester769|tester770|tester773
764,49,UNDEF|tester1447|tester1471|tester1495|tester1506|tester1508|tester1517|tester1519|tester1528|tester1533|tester1534|tester1539|tester1543|tester1547|tester1551|tester1552|tester1553|tester1555|tester1556|tester1560|tester1561|tester1562|tester1567|tester315|tester362|tester365|tester366|tester367|tester371|tester375|tester719|tester730|tester731|tester734|tester738|tester739|tester743|tester746|tester749|tester753|tester754|tester755|tester757|tester759|tester766|tester768|tester769|tester770|tester773
765,51,UNDEF|tester1447|tester1471|tester1495|tester1506|tester1508|tester1517|tester1519|tester1528|tester1533|tester1534|tester1539|tester1543|tester1547|tester1551|tester1552|tester1553|tester1555|tester1556|tester1560|tester1561|tester1562|tester1567|tester1574|tester315|tester362|tester365|tester366|tester367|tester371|tester375|tester719|tester730|tester731|tester734|tester738|tester739|tester743|tester746|tester749|tester753|tester754|tester755|tester757|tester759|tester766|tester768|tester769|tester770|tester773|tester775
766,51,UNDEF|tester1447|tester1471|tester1495|tester1506|tester1508|tester1517|tester1519|tester1528|tester1533|tester1534|tester1539|tester1543|tester1547|tester1551|tester1552|tester1553|tester1555|tester1556|tester1560|tester1561|tester1562|tester1567|tester1574|tester315|tester362|tester365|tester366|tester367|tester371|tester375|tester719|tester730|tester731|tester734|tester738|tester739|tester743|tester746|tester749|tester753|tester754|tester755|tester757|tester759|tester766|tester768|tester769|tester770|tester773|tester775
767,51,UNDEF|tester1173|tester1447|tester1471|tester1495|tester1506|tester1508|tester1517|tester1519|tester1528|tester1533|tester1534|tester1539|tester1543|tester1547|tester1551|tester1552|tester1553|tester1555|tester1556|tester1560|tester1561|tester1562|tester1567|tester1574|tester315|tester362|tester365|tester366|tester371|tester372|tester719|tester730|tester731|tester734|tester738|tester739|tester743|tester746|tester749|tester753|tester754|tester755|tester757|tester759|tester766|tester768|tester769|tester770|tester773|tester775
768,51,UNDEF|tester1173|tester1447|tester1471|tester1495|tester1506|tester1508|tester1517|tester1519|tester1528|tester1533|tester1534|tester1539|tester1543|tester1547|tester1551|tester1552|tester1553|tester1555|tester1556|tester1560|tester1561|tester1562|tester1567|tester1574|tester315|tester362|tester365|tester366|tester371|tester372|tester719|tester730|tester731|tester734|tester738|tester739|tester743|tester746|tester749|tester753|tester754|tester755|tester757|tester759|tester766|tester768|tester769|tester770|tester773|tester775
769,52,UNDEF|tester1173|tester1176|tester1447|tester1471|tester1495|tester1506|tester1508|tester1517|tester1519|tester1528|tester1533|tester1534|tester1539|tester1543|tester1547|tester1551|tester1552|tester1553|tester1555|tester1556|tester1560|tester1561|tester1562|tester1567|tester1574|tester315|tester362|tester365|tester366|tester371|tester372|tester719|tester730|tester731|tester734|tester738|tester739|tester743|tester746|tester749|tester753|tester754|tester755|tester757|tester759|tester766|tester768|tester769|tester770|tester773|tester775
770,52,UNDEF|tester1173|tester1176|tester1447|tester1471|tester1495|tester1506|tester1508|tester1517|tester1519|tester1528|tester1533|tester1534|tester1539|tester1543|tester1547|tester1551|tester1552|tester1553|tester1555|tester1556|tester1560|tester1561|tester1562|tester1567|tester1574|tester315|tester362|tester365|tester366|tester371|tester372|tester719|tester730|tester731|tester734|tester738|tester739|tester743|tester746|tester749|tester753|tester754|tester755|tester757|tester759|tester766|tester768|tester769|tester770|tester773|tester775
771,53,UNDEF|tester1173|tester1176|tester1447|tester1471|tester1495|tester1506|tester1508|tester1517|tester1519|tester1528|tester1533|tester1534|tester1539|tester1543|tester1547|tester1551|tester1552|tester1553|tester1555|tester1556|tester1560|tester1561|tester1562|tester1567|tester1574|tester315|tester362|tester365|tester366|tester371|tester372|tester377|tester719|tester730|tester731|tester734|tester738|tester739|tester743|tester746|tester749|tester753|tester754|tester755|tester757|tester759|tester766|tester768|tester769|tester770|tester773|tester775
772,55,UNDEF|tester1173|tester1176|tester1177|tester1447|tester1471|tester1495|tester1506|tester1508|tester1517|tester1519|tester1528|tester1533|tester1534|tester1539|tester1543|tester1547|tester1551|tester1552|tester1553|tester1555|tester1556|tester1560|tester1561|tester1562|tester1567|tester1574|tester315|tester362|tester365|tester366|tester371|tester372|tester377|tester379|tester719|tester730|tester731|tester734|tester738|tester739|tester743|tester746|tester749|tester753|tester754|tester755|tester757|tester759|tester766|tester768|tester769|tester770|tester773|tester775
773,58,UNDEF|tester1173|tester1176|tester1177|tester1447|tester1471|tester1495|tester1506|tester1508|tester1517|tester1519|tester1528|tester1533|tester1534|tester1539|tester1543|tester1547|tester1551|tester1552|tester1553|tester1555|tester1556|tester1560|tester1561|tester1562|tester1567|tester1574|tester1578|tester315|tester362|tester365|tester366|tester371|tester372|tester377|tester379|tester719|tester730|tester731|tester734|tester738|tester739|tester743|tester746|tester749|tester753|tester754|tester755|tester757|tester759|tester766|tester768|tester769|tester770|tester773|tester775|tester778|tester779
774,58,UNDEF|tester1173|tester1176|tester1177|tester1447|tester1471|tester1495|tester1506|tester1508|tester1517|tester1519|tester1528|tester1533|tester1534|tester1539|tester1543|tester1547|tester1551|tester1552|tester1553|tester1555|tester1556|tester1560|tester1561|tester1562|tester1567|tester1574|tester1578|tester315|tester362|tester365|tester366|tester371|tester372|tester377|tester379|tester719|tester730|tester731|tester734|tester738|tester739|tester743|tester746|tester749|tester753|tester754|tester755|tester757|tester759|tester766|tester768|tester769|tester770|tester773|tester775|tester778|tester779
775,60,UNDEF|tester1173|tester1176|tester1177|tester1447|tester1471|tester1495|tester1506|tester1508|tester1517|tester1519|tester1528|tester1533|tester1534|tester1539|tester1543|tester1547|tester1551|tester1552|tester1553|tester1555|tester1556|tester1560|tester1561|tester1562|tester1567|tester1572|tester1574|tester1576|tester1578|tester315|tester362|tester365|tester366|tester371|tester372|tester377|tester379|tester719|tester730|tester731|tester734|tester738|tester739|tester743|tester746|tester749|tester753|tester754|tester755|tester757|tester759|tester766|tester768|tester769|tester770|tester773|tester775|tester778|tester779
776,60,UNDEF|tester1173|tester1176|tester1177|tester1447|tester1471|tester1495|tester1506|tester1508|tester1517|tester1519|tester1528|tester1533|tester1534|tester1539|tester1543|tester1547|tester1551|tester1552|tester1553|tester1555|tester1556|tester1560|tester1561|tester1562|tester1567|tester1572|tester1574|tester1576|tester1578|tester315|tester362|tester365|tester366|tester371|tester372|tester377|tester379|tester719|tester730|tester731|tester734|tester738|tester739|tester743|tester746|tester749|tester753|tester754|tester755|tester757|tester759|tester766|tester768|tester769|tester770|tester773|tester775|tester778|tester779
777,62,UNDEF|tester1173|tester1176|tester1177|tester1447|tester1471|tester1495|tester1506|tester1508|tester1517|tester1519|tester1528|tester1533|tester1534|tester1539|tester1543|tester1547|tester1551|tester1552|tester1553|tester1555|tester1556|tester1560|tester1561|tester1562|tester1563|tester1567|tester1572|tester1574|tester1576|tester1578|tester315|tester362|tester365|tester366|tester371|tester372|tester377|tester379|tester719|tester730|tester731|tester734|tester738|tester739|tester743|tester746|tester749|tester753|tester754|tester755|tester757|tester759|tester766|tester768|tester769|tester770|tester773|tester775|tester778|tester779|tester781
778,64,UNDEF|tester1173|tester1176|tester1177|tester1447|tester1471|tester1495|tester1506|tester1508|tester1517|tester1519|tester1528|tester1533|tester1534|tester1539|tester1543|tester1547|tester1551|tester1552|tester1553|tester1555|tester1556|tester1560|tester1561|tester1562|tester1563|tester1567|tester1572|tester1574|tester1576|tester1578|tester315|tester362|tester365|tester366|tester371|tester372|tester377|tester379|tester384|tester719|tester730|tester731|tester734|tester738|tester739|tester743|tester746|tester749|tester753|tester754|tester755|tester757|tester759|tester766|tester768|tester769|tester770|tester773|tester775|tester778|tester779|tester781|tester782
779,64,UNDEF|tester1173|tester1176|tester1177|tester1447|tester1471|tester1495|tester1506|tester1508|tester1517|tester1519|tester1528|tester1533|tester1534|tester1539|tester1543|tester1547|tester1551|tester1552|tester1553|tester1555|tester1556|tester1560|tester1561|tester1562|tester1563|tester1567|tester1572|tester1574|tester1576|tester1578|tester315|tester362|tester365|tester366|tester371|tester372|tester377|tester379|tester384|tester719|tester730|tester731|tester734|tester738|tester739|tester743|tester746|tester749|tester753|tester754|tester755|tester757|tester759|tester766|tester768|tester769|tester770|tester773|tester775|tester778|tester779|tester781|tester782
780,64,UNDEF|tester1173|tester1176|tester1177|tester1447|tester1495|tester1506|tester1508|tester1517|tester1519|tester1528|tester1533|tester1534|tester1539|tester1543|tester1547|tester1551|tester1552|tester1553|tester1555|tester1556|tester1560|tester1561|tester1562|tester1563|tester1567|tester1572|tester1574|tester1576|tester1578|tester1579|tester315|tester362|tester365|tester366|tester371|tester372|tester377|tester379|tester384|tester719|tester730|tester731|tester734|tester738|tester739|tester743|tester746|tester749|tester753|tester754|tester755|tester757|tester759|tester766|tester768|tester769|tester770|tester773|tester775|tester778|tester779|tester781|tester782
781,64,UNDEF|tester1173|tester1176|tester1177|tester1447|tester1495|tester1506|tester1508|tester1517|tester1519|tester1528|tester1533|tester1534|tester1539|tester1543|tester1547|tester1551|tester1552|tester1553|tester1555|tester1556|tester1560|tester1561|tester1562|tester1563|tester1567|tester1572|tester1574|tester1576|tester1578|tester1579|tester315|tester362|tester365|tester366|tester371|tester372|tester377|tester379|tester384|tester719|tester730|tester731|tester734|tester738|tester739|tester743|tester746|tester749|tester753|tester754|tester755|tester757|tester759|tester766|tester768|tester769|tester770|tester773|tester775|tester778|tester779|tester781|tester782
782,65,UNDEF|tester1173|tester1176|tester1177|tester1447|tester1495|tester1506|tester1508|tester1517|tester1519|tester1528|tester1533|tester1534|tester1539|tester1543|tester1547|tester1551|tester1552|tester1553|tester1555|tester1556|tester1560|tester1561|tester1562|tester1563|tester1567|tester1572|tester1574|tester1576|tester1578|tester1579|tester1581|tester315|tester362|tester365|tester366|tester371|tester372|tester377|tester379|tester384|tester719|tester730|tester731|tester734|tester738|tester739|tester743|tester746|tester749|tester753|tester754|tester755|tester757|tester759|tester766|tester768|tester769|tester770|tester773|tester775|tester778|tester779|tester781|tester782
783,65,UNDEF|tester1173|tester1176|tester1177|tester1447|tester1495|tester1506|tester1508|tester1517|tester1519|tester1528|tester1533|tester1534|tester1539|tester1543|tester1547|tester1551|tester1552|tester1553|tester1555|tester1556|tester1560|tester1561|tester1562|tester1563|tester1567|tester1572|tester1574|tester1576|tester1578|tester1579|tester1581|tester315|tester362|tester365|tester366|tester371|tester372|tester377|tester379|tester384|tester719|tester730|tester731|tester734|tester738|tester739|tester743|tester746|tester749|tester753|tester754|tester755|tester757|tester759|tester766|tester768|tester769|tester770|tester773|tester775|tester778|tester779|tester781|tester782
784,65,UNDEF|tester1173|tester1176|tester1177|tester1447|tester1495|tester1506|tester1508|tester1517|tester1519|tester1528|tester1533|tester1534|tester1539|tester1543|tester1547|tester1551|tester1552|tester1553|tester1555|tester1556|tester1560|tester1561|tester1562|tester1563|tester1567|tester1572|tester1574|tester1576|tester1578|tester1579|tester1581|tester315|tester362|tester365|tester366|tester371|tester372|tester377|tester379|tester384|tester719|tester730|tester731|tester734|tester738|tester739|tester743|tester746|tester749|tester753|tester754|tester755|tester757|tester759|tester766|tester768|tester769|tester770|tester775|tester778|tester779|tester781|tester782|tester785
785,65,UNDEF|tester1173|tester1176|tester1177|tester1447|tester1495|tester1506|tester1508|tester1517|tester1519|tester1528|tester1533|tester1534|tester1539|tester1543|tester1547|tester1551|tester1552|tester1553|tester1555|tester1556|tester1560|tester1561|tester1562|tester1563|tester1567|tester1572|tester1574|tester1576|tester1578|tester1579|tester1581|tester315|tester362|tester365|tester366|tester371|tester372|tester377|tester379|tester384|tester719|tester730|tester731|tester734|tester738|tester739|tester743|tester746|tester749|tester753|tester754|tester755|tester757|tester759|tester766|tester768|tester769|tester770|tester775|tester778|tester779|tester781|tester782|tester785
786,63,UNDEF|tester1173|tester1176|tester1447|tester1495|tester1506|tester1508|tester1517|tester1519|tester1528|tester1533|tester1534|tester1539|tester1543|tester1547|tester1551|tester1552|tester1553|tester1555|tester1556|tester1560|tester1561|tester1562|tester1563|tester1567|tester1572|tester1574|tester1576|tester1578|tester1579|tester1581|tester315|tester362|tester365|tester366|tester371|tester372|tester379|tester384|tester719|tester730|tester731|tester734|tester738|tester739|tester743|tester746|tester749|tester753|tester754|tester755|tester757|tester759|tester766|tester768|tester769|tester770|tester775|tester778|tester779|tester781|tester782|tester785
787,62,UNDEF|tester1173|tester1176|tester1447|tester1495|tester1506|tester1508|tester1517|tester1519|tester1528|tester1533|tester1534|tester1539|tester1543|tester1547|tester1551|tester1552|tester1553|tester1555|tester1556|tester1560|tester1561|tester1562|tester1563|tester1567|tester1572|tester1574|tester1576|tester1578|tester1579|tester1581|tester315|tester362|tester365|tester366|tester371|tester372|tester379|tester384|tester719|tester730|tester731|tester734|tester738|tester739|tester743|tester746|tester749|tester753|tester754|tester755|tester757|tester759|tester766|tester768|tester769|tester770|tester778|tester779|tester781|tester782|tester785
788,63,UNDEF|tester1173|tester1176|tester1183|tester1447|tester1495|tester1506|tester1508|tester1517|tester1519|tester1528|tester1533|tester1534|tester1539|tester1543|tester1547|tester1551|tester1552|tester1553|tester1555|tester1556|tester1560|tester1561|tester1562|tester1563|tester1567|tester1572|tester1574|tester1576|tester1578|tester1579|tester1581|tester315|tester362|tester365|tester366|tester371|tester372|tester379|tester384|tester719|tester730|tester731|tester734|tester738|tester739|tester743|tester746|tester749|tester753|tester754|tester755|tester757|tester759|tester766|tester768|tester769|tester770|tester778|tester779|tester781|tester782|tester785
789,63,UNDEF|tester1173|tester1176|tester1183|tester1447|tester1495|tester1506|tester1508|tester1517|tester1519|tester1528|tester1533|tester1534|tester1539|tester1543|tester1547|tester1551|tester1552|tester1553|tester1555|tester1556|tester1560|tester1561|tester1562|tester1563|tester1567|tester1572|tester1574|tester1576|tester1578|tester1579|tester1581|tester315|tester362|tester365|tester366|tester371|tester372|tester379|tester384|tester719|tester730|tester731|tester734|tester738|tester739|tester743|tester746|tester749|tester753|tester754|tester755|tester757|tester759|tester766|tester768|tester769|tester770|tester778|tester779|tester781|tester782|tester785
790,63,UNDEF|tester1173|tester1176|tester1183|tester1447|tester1495|tester1506|tester1508|tester1517|tester1519|tester1528|tester1533|tester1534|tester1539|tester1543|tester1547|tester1551|tester1552|tester1553|tester1555|tester1556|tester1560|tester1561|tester1562|tester1563|tester1567|tester1572|tester1574|tester1576|tester1578|tester1579|tester1581|tester315|tester362|tester365|tester366|tester371|tester372|tester379|tester384|tester719|tester730|tester731|tester734|tester738|tester739|tester743|tester746|tester749|tester753|tester754|tester755|tester757|tester759|tester766|tester768|tester769|tester770|tester778|tester779|tester781|tester782|tester785
791,64,UNDEF|tester1173|tester1176|tester1183|tester1447|tester1495|tester1506|tester1508|tester1517|tester1519|tester1528|tester1533|tester1534|tester1539|tester1543|tester1547|tester1551|tester1552|tester1553|tester1555|tester1556|tester1560|tester1561|tester1562|tester1563|tester1567|tester1572|tester1574|tester1576|tester1578|tester1579|tester1581|tester315|tester362|tester365|tester366|tester371|tester372|tester379|tester384|tester390|tester719|tester730|tester731|tester734|tester738|tester739|tester743|tester746|tester749|tester753|tester754|tester755|tester757|tester759|tester766|tester768|tester769|tester770|tester778|tester779|tester781|tester782|tester785
792,64,UNDEF|tester1173|tester1176|tester1183|tester1447|tester1495|tester1506|tester1508|tester1517|tester1519|tester1528|tester1533|tester1534|tester1539|tester1543|tester1547|tester1551|tester1552|tester1553|tester1555|tester1556|tester1560|tester1561|tester1562|tester1563|tester1567|tester1572|tester1574|tester1576|tester1578|tester1579|tester1581|tester315|tester362|tester365|tester366|tester371|tester372|tester379|tester384|tester390|tester719|tester730|tester731|tester734|tester738|tester739|tester743|tester746|tester749|tester753|tester754|tester755|tester757|tester759|tester766|tester768|tester769|tester770|tester778|tester779|tester781|tester782|tester785
793,64,UNDEF|tester1173|tester1176|tester1183|tester1447|tester1495|tester1506|tester1508|tester1517|tester1519|tester1528|tester1533|tester1534|tester1539|tester1543|tester1547|tester1551|tester1552|tester1553|tester1555|tester1556|tester1560|tester1561|tester1562|tester1563|tester1567|tester1572|tester1574|tester1576|tester1578|tester1579|tester1581|tester315|tester362|tester365|tester366|tester371|tester372|tester379|tester384|tester390|tester719|tester730|tester731|tester734|tester738|tester739|tester743|tester746|tester749|tester753|tester754|tester755|tester757|tester759|tester766|tester768|tester769|tester770|tester778|tester779|tester781|tester782|tester785
794,65,UNDEF|tester1173|tester1176|tester1183|tester1187|tester1447|tester1495|tester1506|tester1508|tester1517|tester1519|tester1528|tester1533|tester1534|tester1539|tester1543|tester1547|tester1551|tester1552|tester1553|tester1555|tester1556|tester1560|tester1561|tester1562|tester1563|tester1567|tester1572|tester1574|tester1576|tester1578|tester1579|tester1581|tester315|tester362|tester365|tester366|tester371|tester372|tester379|tester384|tester390|tester719|tester730|tester731|tester734|tester738|tester739|tester743|tester746|tester749|tester753|tester754|tester755|tester757|tester759|tester766|tester768|tester769|tester770|tester778|tester779|tester781|tester782|tester785
795,66,UNDEF|tester1173|tester1176|tester1183|tester1187|tester1447|tester1495|tester1506|tester1508|tester1517|tester1519|tester1528|tester1533|tester1534|tester1539|tester1543|tester1547|tester1551|tester1552|tester1553|tester1555|tester1556|tester1560|tester1561|tester1562|tester1563|tester1567|tester1572|tester1574|tester1576|tester1578|tester1579|tester1581|tester315|tester362|tester365|tester366|tester371|tester372|tester374|tester379|tester384|tester390|tester719|tester730|tester731|tester734|tester738|tester739|tester743|tester746|tester749|tester753|tester754|tester755|tester757|tester759|tester766|tester768|tester769|tester770|tester778|tester779|tester781|tester782|tester785
796,67,UNDEF|tester1173|tester1176|tester1183|tester1187|tester1447|tester1495|tester1506|tester1508|tester1517|tester1519|tester1528|tester1533|tester1534|tester1539|tester1543|tester1547|tester1551|tester1552|tester1553|tester1555|tester1556|tester1560|tester1561|tester1562|tester1563|tester1567|tester1572|tester1574|tester1576|tester1578|tester1579|tester1581|tester315|tester362|tester365|tester366|tester371|tester372|tester374|tester379|tester384|tester390|tester719|tester730|tester731|tester734|tester738|tester739|tester743|tester746|tester749|tester753|tester754|tester755|tester757|tester759|tester766|tester768|tester769|tester770|tester778|tester779|tester781|tester782|tester783|tester785
797,66,UNDEF|tester1173|tester1176|tester1187|tester1447|tester1495|tester1506|tester1508|tester1517|tester1519|tester1528|tester1533|tester1534|tester1539|tester1543|tester1547|tester1551|tester1552|tester1553|tester1555|tester1556|tester1560|tester1561|tester1562|tester1563|tester1567|tester1572|tester1574|tester1576|tester1578|tester1579|tester1581|tester315|tester362|tester365|tester366|tester371|tester372|tester374|tester384|tester388|tester390|tester719|tester730|tester731|tester734|tester738|tester739|tester743|tester746|tester749|tester753|tester754|tester755|tester757|tester759|tester766|tester768|tester769|tester770|tester778|tester779|tester781|tester782|tester783|tester785
798,67,UNDEF|tester1173|tester1176|tester1187|tester1447|tester1495|tester1506|tester1508|tester1517|tester1519|tester1528|tester1533|tester1534|tester1539|tester1543|tester1547|tester1551|tester1552|tester1553|tester1555|tester1556|tester1560|tester1561|tester1562|tester1563|tester1567|tester1572|tester1574|tester1576|tester1578|tester1579|tester1581|tester1590|tester315|tester362|tester365|tester366|tester371|tester372|tester374|tester384|tester388|tester390|tester719|tester730|tester731|tester734|tester738|tester739|tester743|tester746|tester749|tester753|tester754|tester755|tester757|tester759|tester766|tester768|tester769|tester770|tester778|tester779|tester781|tester782|tester783|tester785
799,66,UNDEF|tester1173|tester1176|tester1187|tester1447|tester1495|tester1506|tester1508|tester1517|tester1519|tester1528|tester1533|tester1534|tester1539|tester1547|tester1551|tester1552|tester1553|tester1555|tester1556|tester1560|tester1561|tester1562|tester1563|tester1567|tester1572|tester1574|tester1576|tester1578|tester1579|tester1581|tester1590|tester315|tester362|tester365|tester366|tester371|tester372|tester374|tester384|tester388|tester390|tester719|tester730|tester731|tester734|tester738|tester739|tester743|tester746|tester749|tester753|tester754|tester755|tester757|tester759|tester766|tester768|tester769|tester770|tester778|tester779|tester781|tester782|tester783|tester785
800,65,UNDEF|tester1173|tester1176|tester1187|tester1447|tester1495|tester1506|tester1508|tester1517|tester1519|tester1528|tester1533|tester1534|tester1539|tester1547|tester1551|tester1552|tester1553|tester1555|tester1556|tester1560|tester1561|tester1562|tester1563|tester1567|tester1572|tester1574|tester1576|tester1578|tester1579|tester1581|tester1590|tester315|tester362|tester365|tester366|tester371|tester372|tester374|tester384|tester388|tester390|tester719|tester730|tester731|tester734|tester738|tester739|tester743|tester746|tester749|tester754|tester755|tester757|tester759|tester766|tester768|tester769|tester770|tester778|tester779|tester781|tester782|tester783|tester785
801,64,UNDEF|tester1173|tester1176|tester1187|tester1447|tester1495|tester1506|tester1508|tester1517|tester1519|tester1528|tester1533|tester1534|tester1539|tester1547|tester1551|tester1552|tester1553|tester1555|tester1556|tester1560|tester1561|tester1562|tester1563|tester1567|tester1572|tester1574|tester1576|tester1578|tester1579|tester1581|tester1590|tester315|tester362|tester365|tester366|tester371|tester372|tester374|tester384|tester388|tester390|tester719|tester730|tester731|tester734|tester738|tester739|tester743|tester746|tester754|tester755|tester757|tester759|tester766|tester768|tester769|tester770|tester778|tester779|tester781|tester782|tester783|tester785
802,64,UNDEF|tester1173|tester1176|tester1187|tester1447|tester1495|tester1506|tester1508|tester1517|tester1519|tester1528|tester1533|tester1534|tester1539|tester1547|tester1551|tester1552|tester1553|tester1555|tester1556|tester1560|tester1561|tester1562|tester1563|tester1567|tester1572|tester1574|tester1576|tester1578|tester1579|tester1581|tester1590|tester315|tester362|tester365|tester366|tester371|tester372|tester374|tester384|tester388|tester390|tester391|tester719|tester730|tester731|tester734|tester738|tester739|tester743|tester746|tester754|tester755|tester757|tester759|tester768|tester769|tester770|tester778|tester779|tester781|tester782|tester783|tester785
803,65,UNDEF|tester1173|tester1176|tester1187|tester1447|tester1495|tester1506|tester1508|tester1517|tester1519|tester1528|tester1533|tester1534|tester1539|tester1547|tester1551|tester1552|tester1553|tester1555|tester1556|tester1560|tester1561|tester1562|tester1563|tester1567|tester1572|tester1574|tester1576|tester1578|tester1579|tester1581|tester1590|tester315|tester362|tester365|tester366|tester371|tester372|tester374|tester384|tester388|tester390|tester391|tester719|tester730|tester731|tester734|tester738|tester739|tester743|tester746|tester754|tester755|tester757|tester759|tester768|tester769|tester770|tester778|tester779|tester781|tester782|tester783|tester785|tester786
804,67,UNDEF|tester1173|tester1176|tester1187|tester1447|tester1495|tester1506|tester1508|tester1517|tester1519|tester1528|tester1533|tester1534|tester1539|tester1547|tester1551|tester1552|tester1553|tester1555|tester1556|tester1560|tester1561|tester1562|tester1563|tester1567|tester1572|tester1574|tester1576|tester1578|tester1579|tester1581|tester1588|tester1590|tester315|tester362|tester365|tester366|tester371|tester372|tester374|tester384|tester388|tester390|tester391|tester719|tester730|tester731|tester734|tester738|tester739|tester743|tester746|tester754|tester755|tester757|tester759|tester768|tester769|tester770|tester778|tester779|tester781|tester782|tester783|tester785|tester786|tester795
805,67,UNDEF|tester1173|tester1176|tester1187|tester1447|tester1495|tester1506|tester1508|tester1517|tester1519|tester1528|tester1533|tester1534|tester1539|tester1547|tester1551|tester1552|tester1553|tester1555|tester1556|tester1560|tester1561|tester1562|tester1563|tester1567|tester1572|tester1574|tester1576|tester1578|tester1579|tester1581|tester1588|tester1590|tester315|tester362|tester365|tester366|tester371|tester372|tester374|tester384|tester388|tester390|tester391|tester719|tester730|tester731|tester734|tester738|tester739|tester743|tester746|tester754|tester755|tester757|tester759|tester768|tester769|tester770|tester778|tester779|tester781|tester782|tester783|tester785|tester786|tester795
806,68,UNDEF|tester1173|tester1176|tester1187|tester1447|tester1495|tester1506|tester1508|tester1517|tester1519|tester1528|tester1533|tester1534|tester1539|tester1547|tester1551|tester1552|tester1553|tester1555|tester1556|tester1560|tester1561|tester1562|tester1563|tester1567|tester1572|tester1574|tester1576|tester1578|tester1579|tester1581|tester1588|tester1590|tester315|tester362|tester365|tester366|tester371|tester372|tester374|tester384|tester388|tester390|tester391|tester395|tester719|tester730|tester731|tester734|tester738|tester739|tester743|tester746|tester754|tester755|tester757|tester759|tester768|tester769|tester770|tester778|tester779|tester781|tester782|tester783|tester785|tester786|tester795
807,67,UNDEF|tester1173|tester1176|tester1187|tester1447|tester1495|tester1506|tester1508|tester1517|tester1519|tester1528|tester1533|tester1534|tester1539|tester1547|tester1551|tester1552|tester1553|tester1555|tester1556|tester1560|tester1561|tester1562|tester1563|tester1567|tester1572|tester1574|tester1576|tester1578|tester1579|tester1581|tester1588|tester1590|tester315|tester362|tester365|tester366|tester371|tester372|tester374|tester384|tester388|tester390|tester391|tester395|tester719|tester730|tester731|tester734|tester738|tester739|tester743|tester746|tester754|tester755|tester757|tester759|tester768|tester770|tester778|tester779|tester781|tester782|tester783|tester785|tester786|tester795
808,67,UNDEF|tester1173|tester1176|tester1187|tester1447|tester1495|tester1506|tester1508|tester1517|tester1519|tester1528|tester1533|tester1534|tester1539|tester1547|tester1551|tester1552|tester1553|tester1555|tester1556|tester1560|tester1561|tester1562|tester1563|tester1572|tester1574|tester1576|tester1578|tester1579|tester1581|tester1588|tester1590|tester315|tester362|tester365|tester366|tester371|tester372|tester374|tester384|tester388|tester390|tester391|tester394|tester395|tester719|tester730|tester731|tester734|tester738|tester739|tester743|tester746|tester754|tester755|tester757|tester759|tester768|tester770|tester779|tester781|tester782|tester783|tester785|tester786|tester794|tester795
809,67,UNDEF|tester1173|tester1176|tester1187|tester1447|tester1495|tester1506|tester1508|tester1517|tester1519|tester1528|tester1533|tester1534|tester1539|tester1547|tester1551|tester1552|tester1553|tester1555|tester1556|tester1560|tester1561|tester1562|tester1563|tester1572|tester1574|tester1576|tester1578|tester1579|tester1581|tester1588|tester1590|tester315|tester362|tester365|tester366|tester371|tester372|tester374|tester384|tester388|tester390|tester391|tester394|tester395|tester719|tester730|tester731|tester734|tester738|tester739|tester743|tester746|tester754|tester755|tester757|tester759|tester768|tester770|tester779|tester781|tester782|tester783|tester785|tester786|tester794|tester795
810,67,UNDEF|tester1173|tester1176|tester1187|tester1198|tester1447|tester1495|tester1506|tester1508|tester1517|tester1519|tester1528|tester1533|tester1534|tester1539|tester1547|tester1551|tester1552|tester1553|tester1555|tester1556|tester1560|tester1561|tester1562|tester1563|tester1572|tester1574|tester1576|tester1578|tester1579|tester1581|tester1588|tester1590|tester315|tester362|tester365|tester366|tester371|tester372|tester374|tester384|tester388|tester390|tester391|tester394|tester395|tester719|tester730|tester731|tester734|tester738|tester739|tester743|tester746|tester754|tester755|tester757|tester759|tester768|tester770|tester779|tester781|tester782|tester783|tester785|tester786|tester794
811,65,UNDEF|tester1173|tester1176|tester1187|tester1198|tester1447|tester1495|tester1506|tester1508|tester1517|tester1519|tester1528|tester1533|tester1534|tester1539|tester1547|tester1551|tester1552|tester1553|tester1555|tester1556|tester1560|tester1561|tester1562|tester1563|tester1572|tester1574|tester1576|tester1578|tester1579|tester1581|tester1588|tester1590|tester315|tester362|tester365|tester366|tester371|tester372|tester374|tester384|tester388|tester390|tester391|tester394|tester395|tester719|tester730|tester731|tester734|tester738|tester739|tester743|tester746|tester754|tester755|tester757|tester759|tester768|tester770|tester779|tester782|tester783|tester785|tester786
812,56,UNDEF|tester1173|tester1176|tester1187|tester1198|tester1447|tester1495|tester1506|tester1508|tester1517|tester1519|tester1528|tester1534|tester1539|tester1547|tester1551|tester1552|tester1553|tester1555|tester1556|tester1560|tester1561|tester1562|tester1563|tester1572|tester1574|tester1576|tester1578|tester1579|tester1581|tester1588|tester1590|tester1593|tester1597|tester315|tester362|tester365|tester366|tester371|tester372|tester374|tester384|tester388|tester390|tester391|tester394|tester395|tester730|tester739|tester743|tester746|tester754|tester755|tester757|tester779|tester783
813,52,UNDEF|tester1173|tester1176|tester1187|tester1198|tester1199|tester1447|tester1495|tester1506|tester1508|tester1517|tester1519|tester1528|tester1534|tester1539|tester1547|tester1551|tester1552|tester1553|tester1555|tester1556|tester1560|tester1561|tester1562|tester1563|tester1572|tester1574|tester1576|tester1578|tester1579|tester1581|tester1585|tester1588|tester1590|tester1593|tester1597|tester315|tester362|tester365|tester366|tester371|tester372|tester374|tester384|tester388|tester390|tester391|tester392|tester394|tester395|tester757|tester779
814,55,UNDEF|tester1173|tester1176|tester1187|tester1193|tester1196|tester1198|tester1199|tester1447|tester1495|tester1506|tester1508|tester1517|tester1519|tester1528|tester1534|tester1539|tester1547|tester1552|tester1553|tester1555|tester1556|tester1560|tester1561|tester1562|tester1563|tester1572|tester1574|tester1576|tester1578|tester1579|tester1581|tester1585|tester1588|tester1590|tester1593|tester1594|tester1595|tester1596|tester1597|tester315|tester362|tester365|tester366|tester371|tester372|tester374|tester384|tester388|tester390|tester391|tester392|tester394|tester395|tester398
815,55,UNDEF|tester1173|tester1176|tester1187|tester1193|tester1196|tester1198|tester1199|tester1447|tester1495|tester1506|tester1508|tester1517|tester1519|tester1528|tester1534|tester1539|tester1547|tester1552|tester1553|tester1555|tester1556|tester1560|tester1561|tester1562|tester1563|tester1572|tester1574|tester1576|tester1578|tester1579|tester1581|tester1585|tester1590|tester1593|tester1594|tester1595|tester1596|tester1597|tester1599|tester315|tester362|tester365|tester366|tester371|tester372|tester374|tester384|tester388|tester390|tester391|tester392|tester394|tester395|tester398
816,54,UNDEF|tester1173|tester1176|tester1187|tester1193|tester1196|tester1198|tester1199|tester1447|tester1495|tester1506|tester1508|tester1517|tester1519|tester1528|tester1534|tester1539|tester1547|tester1552|tester1553|tester1555|tester1556|tester1560|tester1561|tester1562|tester1563|tester1572|tester1574|tester1576|tester1578|tester1579|tester1581|tester1585|tester1590|tester1593|tester1594|tester1595|tester1596|tester1597|tester1599|tester315|tester362|tester365|tester366|tester371|tester372|tester374|tester384|tester388|tester390|tester391|tester392|tester395|tester398
817,54,UNDEF|tester1173|tester1176|tester1187|tester1193|tester1196|tester1198|tester1199|tester1447|tester1495|tester1506|tester1508|tester1517|tester1519|tester1528|tester1534|tester1539|tester1547|tester1552|tester1553|tester1555|tester1556|tester1560|tester1561|tester1562|tester1563|tester1572|tester1574|tester1576|tester1578|tester1579|tester1581|tester1585|tester1590|tester1593|tester1594|tester1595|tester1596|tester1597|tester1598|tester1599|tester315|tester362|tester365|tester366|tester371|tester372|tester384|tester388|tester390|tester391|tester392|tester395|tester398
818,54,UNDEF|tester1173|tester1176|tester1187|tester1193|tester1196|tester1198|tester1199|tester1447|tester1495|tester1506|tester1508|tester1517|tester1519|tester1528|tester1534|tester1539|tester1547|tester1552|tester1553|tester1555|tester1556|tester1560|tester1561|tester1562|tester1563|tester1572|tester1574|tester1576|tester1578|tester1579|tester1581|tester1585|tester1590|tester1593|tester1594|tester1595|tester1596|tester1597|tester1598|tester1599|tester315|tester362|tester365|tester366|tester371|tester372|tester384|tester388|tester390|tester391|tester392|tester395|tester398
819,54,UNDEF|tester1173|tester1176|tester1187|tester1193|tester1196|tester1198|tester1199|tester1447|tester1495|tester1506|tester1508|tester1517|tester1519|tester1528|tester1534|tester1539|tester1547|tester1552|tester1553|tester1555|tester1556|tester1560|tester1561|tester1562|tester1563|tester1572|tester1574|tester1576|tester1578|tester1579|tester1581|tester1585|tester1590|tester1593|tester1594|tester1595|tester1596|tester1597|tester1598|tester1599|tester315|tester362|tester365|tester366|tester371|tester372|tester384|tester388|tester390|tester391|tester392|tester395|tester398
